datetime,container_id,fruit,origin_city,destination_market,temperature,humidity,pressure,wind_speed,rainfall,aqi,weather_status,spoilage_rate,shelf_life_days,risk_level,estimated_loss,arbitrage_savings,recommendation
2025-01-01 00:00:00,C188,Orange,Chennai,Chennai,27,52,1012,14.7,40.4,304,Cloudy,17,5,Medium,40024,12346,Monitor Shipment
2025-01-01 01:00:00,C191,Orange,Bengaluru,Bengaluru,29,26,1032,8.8,11.7,157,Storm,12,6,Medium,32225,11274,Monitor Shipment
2025-01-01 02:00:00,C152,Avocado,Hyderabad,Hyderabad,41,87,1016,24.0,64.3,229,Storm,14,6,Medium,46782,8658,Monitor Shipment
2025-01-01 03:00:00,C217,Banana,Lucknow,Chennai,23,87,1031,20.3,42.0,230,Cloudy,5,9,Low,8135,2694,Continue Route
2025-01-01 04:00:00,C035,Banana,Hyderabad,Hyderabad,24,40,998,12.8,50.6,237,Storm,24,2,High,97245,40090,Redirect to Nearby Market
2025-01-01 05:00:00,C197,Apple,Ahmedabad,Delhi,40,88,983,22.0,12.3,220,Sunny,23,3,High,121018,71293,Redirect to Nearby Market
2025-01-01 06:00:00,C029,Banana,Jaipur,Bengaluru,34,25,1019,21.8,36.2,305,Cloudy,23,3,High,129185,59074,Redirect to Nearby Market
2025-01-01 07:00:00,C005,Orange,Hyderabad,Hyderabad,26,92,1023,3.8,43.0,232,Cloudy,22,3,High,59622,79648,Redirect to Nearby Market
2025-01-01 08:00:00,C120,Apple,Pune,Hyderabad,39,42,1008,18.6,97.1,295,Clear,18,4,Medium,39463,5311,Monitor Shipment
2025-01-01 09:00:00,C204,Mango,Pune,Pune,41,86,986,18.6,13.1,164,Sunny,10,7,Low,5519,4310,Continue Route
2025-01-01 10:00:00,C232,Mango,Jaipur,Delhi,23,81,1025,4.8,34.2,240,Sunny,25,2,High,92444,37520,Redirect to Nearby Market
2025-01-01 11:00:00,C173,Banana,Lucknow,Hyderabad,32,89,993,3.9,118.0,94,Sunny,14,6,Medium,47089,12202,Monitor Shipment
2025-01-01 12:00:00,C144,Apple,Lucknow,Bengaluru,36,52,1020,4.7,119.5,92,Sunny,11,7,Low,8519,3219,Continue Route
2025-01-01 13:00:00,C032,Orange,Bengaluru,Pune,32,47,1001,15.3,110.1,182,Rainy,20,4,Medium,45097,8709,Monitor Shipment
2025-01-01 14:00:00,C220,Mango,Mumbai,Chennai,31,42,1029,11.8,16.9,328,Rainy,19,4,Medium,23224,13034,Monitor Shipment
2025-01-01 15:00:00,C144,Banana,Kolkata,Pune,27,86,981,10.0,13.1,125,Rainy,35,1,High,135627,61163,Redirect to Nearby Market
2025-01-01 16:00:00,C219,Apple,Ahmedabad,Mumbai,21,47,1025,19.4,50.1,73,Fog,31,1,High,93733,30143,Redirect to Nearby Market
2025-01-01 17:00:00,C291,Mango,Bengaluru,Mumbai,30,79,1001,5.4,45.4,165,Clear,16,5,Medium,16465,14239,Monitor Shipment
2025-01-01 18:00:00,C019,Mango,Ahmedabad,Pune,39,62,1035,10.8,73.6,223,Clear,7,8,Low,13252,2867,Continue Route
2025-01-01 19:00:00,C030,Banana,Mumbai,Pune,36,93,1010,19.7,82.4,121,Cloudy,15,5,Medium,38875,18684,Monitor Shipment
2025-01-01 20:00:00,C294,Avocado,Delhi,Hyderabad,37,27,1029,16.9,107.8,319,Sunny,5,9,Low,7447,4453,Continue Route
2025-01-01 21:00:00,C240,Orange,Hyderabad,Hyderabad,37,89,1024,24.7,22.9,171,Rainy,8,8,Low,14617,1771,Continue Route
2025-01-01 22:00:00,C088,Mango,Bengaluru,Hyderabad,25,88,1013,23.5,91.0,336,Rainy,10,7,Low,7010,3564,Continue Route
2025-01-01 23:00:00,C241,Orange,Pune,Chennai,33,62,1032,7.1,100.5,263,Fog,17,5,Medium,28975,16606,Monitor Shipment
2025-01-02 00:00:00,C229,Mango,Kolkata,Bengaluru,37,65,1030,8.7,54.6,114,Rainy,33,1,High,133092,42976,Redirect to Nearby Market
2025-01-02 01:00:00,C161,Orange,Mumbai,Mumbai,40,39,1002,16.2,107.6,348,Storm,24,2,High,144929,72817,Redirect to Nearby Market
2025-01-02 02:00:00,C277,Apple,Hyderabad,Delhi,23,87,1007,14.3,28.5,110,Storm,16,5,Medium,49755,6167,Monitor Shipment
2025-01-02 03:00:00,C261,Mango,Jaipur,Bengaluru,42,72,998,21.7,72.2,90,Storm,7,8,Low,10708,3618,Continue Route
2025-01-02 04:00:00,C054,Apple,Delhi,Chennai,33,56,1033,24.3,61.9,174,Sunny,19,4,Medium,24167,9165,Monitor Shipment
2025-01-02 05:00:00,C148,Avocado,Bengaluru,Bengaluru,19,70,1034,5.2,34.6,84,Clear,25,2,High,55931,78580,Redirect to Nearby Market
2025-01-02 06:00:00,C041,Mango,Mumbai,Chennai,42,35,1003,7.8,87.8,108,Cloudy,22,3,High,96330,37053,Redirect to Nearby Market
2025-01-02 07:00:00,C204,Orange,Hyderabad,Pune,19,30,1008,13.7,98.1,281,Sunny,10,7,Low,9109,1815,Continue Route
2025-01-02 08:00:00,C175,Avocado,Delhi,Mumbai,37,89,985,0.8,114.4,86,Rainy,13,6,Medium,48053,13559,Monitor Shipment
2025-01-02 09:00:00,C174,Orange,Delhi,Pune,26,33,1007,15.6,19.4,88,Rainy,31,1,High,122012,67294,Redirect to Nearby Market
2025-01-02 10:00:00,C244,Orange,Kolkata,Chennai,22,92,999,12.1,39.5,334,Storm,16,5,Medium,21047,7759,Monitor Shipment
2025-01-02 11:00:00,C057,Avocado,Pune,Hyderabad,22,56,997,3.8,110.7,59,Cloudy,17,5,Medium,40381,19146,Monitor Shipment
2025-01-02 12:00:00,C275,Banana,Kolkata,Mumbai,27,94,1017,0.8,78.5,267,Rainy,6,8,Low,11626,4364,Continue Route
2025-01-02 13:00:00,C283,Orange,Hyderabad,Pune,27,85,998,2.3,12.6,164,Storm,7,8,Low,14969,2229,Continue Route
2025-01-02 14:00:00,C215,Apple,Pune,Chennai,25,74,995,19.2,44.0,262,Storm,26,2,High,56260,69982,Redirect to Nearby Market
2025-01-02 15:00:00,C155,Banana,Hyderabad,Mumbai,35,66,1019,14.2,68.7,271,Sunny,29,1,High,93577,42769,Redirect to Nearby Market
2025-01-02 16:00:00,C269,Apple,Pune,Pune,29,59,1029,6.3,45.8,43,Rainy,19,4,Medium,42639,7210,Monitor Shipment
2025-01-02 17:00:00,C155,Apple,Bengaluru,Mumbai,38,85,997,2.6,77.7,216,Storm,5,9,Low,7246,3185,Continue Route
2025-01-02 18:00:00,C103,Apple,Mumbai,Pune,42,25,991,1.7,72.5,250,Rainy,7,8,Low,13151,2740,Continue Route
2025-01-02 19:00:00,C209,Apple,Hyderabad,Pune,20,38,992,13.3,8.8,42,Storm,12,6,Medium,46707,7403,Monitor Shipment
2025-01-02 20:00:00,C127,Apple,Jaipur,Bengaluru,35,95,1006,6.6,52.6,80,Storm,27,1,High,84829,50224,Redirect to Nearby Market
2025-01-02 21:00:00,C054,Avocado,Mumbai,Pune,40,83,980,9.0,47.3,77,Clear,14,6,Medium,40053,19012,Monitor Shipment
2025-01-02 22:00:00,C155,Orange,Lucknow,Hyderabad,22,85,1018,14.5,28.8,134,Fog,28,1,High,109234,73768,Redirect to Nearby Market
2025-01-02 23:00:00,C046,Orange,Hyderabad,Hyderabad,37,78,997,17.0,32.5,102,Storm,21,3,High,99802,66454,Redirect to Nearby Market
2025-01-03 00:00:00,C248,Mango,Mumbai,Chennai,24,94,1018,3.7,9.9,238,Clear,21,3,High,65429,35991,Redirect to Nearby Market
2025-01-03 01:00:00,C020,Orange,Jaipur,Chennai,34,31,1029,6.4,85.5,209,Sunny,17,5,Medium,41691,12481,Monitor Shipment
2025-01-03 02:00:00,C252,Orange,Kolkata,Delhi,41,65,1020,2.6,83.8,267,Clear,31,1,High,118513,25971,Redirect to Nearby Market
2025-01-03 03:00:00,C248,Avocado,Chennai,Hyderabad,41,36,987,20.9,45.2,69,Rainy,12,6,Medium,34478,9852,Monitor Shipment
2025-01-03 04:00:00,C278,Avocado,Lucknow,Bengaluru,33,25,1034,1.1,41.1,273,Storm,13,6,Medium,41147,7670,Monitor Shipment
2025-01-03 05:00:00,C110,Orange,Mumbai,Delhi,22,69,1035,22.0,101.1,345,Cloudy,15,5,Medium,45257,9058,Monitor Shipment
2025-01-03 06:00:00,C242,Mango,Jaipur,Bengaluru,37,41,991,13.7,26.5,325,Rainy,25,2,High,143842,67453,Redirect to Nearby Market
2025-01-03 07:00:00,C156,Mango,Bengaluru,Hyderabad,19,37,999,21.2,70.2,171,Fog,26,2,High,76519,72528,Redirect to Nearby Market
2025-01-03 08:00:00,C085,Apple,Pune,Hyderabad,35,69,1019,19.9,68.6,185,Cloudy,15,5,Medium,35880,14711,Monitor Shipment
2025-01-03 09:00:00,C299,Banana,Lucknow,Chennai,24,26,1011,11.3,17.2,348,Storm,7,8,Low,13422,3601,Continue Route
2025-01-03 10:00:00,C032,Orange,Mumbai,Hyderabad,28,32,1002,8.2,110.0,90,Clear,19,4,Medium,38131,10096,Monitor Shipment
2025-01-03 11:00:00,C044,Banana,Bengaluru,Delhi,40,34,1003,15.0,108.7,233,Rainy,17,5,Medium,39812,9546,Monitor Shipment
2025-01-03 12:00:00,C146,Avocado,Bengaluru,Mumbai,35,90,1029,22.1,98.2,122,Fog,28,1,High,87802,26921,Redirect to Nearby Market
2025-01-03 13:00:00,C192,Mango,Kolkata,Bengaluru,23,58,1005,5.0,77.6,184,Sunny,16,5,Medium,25075,14695,Monitor Shipment
2025-01-03 14:00:00,C087,Avocado,Delhi,Pune,19,57,1015,21.7,103.6,179,Clear,12,6,Medium,36588,5740,Monitor Shipment
2025-01-03 15:00:00,C251,Avocado,Lucknow,Mumbai,31,74,997,15.6,107.3,31,Fog,27,1,High,109553,40607,Redirect to Nearby Market
2025-01-03 16:00:00,C047,Mango,Bengaluru,Chennai,22,52,992,22.5,111.4,262,Cloudy,14,6,Medium,47150,16187,Monitor Shipment
2025-01-03 17:00:00,C176,Orange,Hyderabad,Pune,28,88,1014,7.9,80.3,269,Cloudy,20,4,Medium,44855,6162,Monitor Shipment
2025-01-03 18:00:00,C145,Apple,Ahmedabad,Bengaluru,26,36,1017,7.0,0.5,250,Clear,35,1,High,131424,65654,Redirect to Nearby Market
2025-01-03 19:00:00,C079,Apple,Delhi,Bengaluru,35,65,1005,17.3,116.4,347,Sunny,13,6,Medium,21905,10331,Monitor Shipment
2025-01-03 20:00:00,C291,Avocado,Bengaluru,Delhi,41,63,1017,2.8,11.8,331,Fog,5,9,Low,10422,4845,Continue Route
2025-01-03 21:00:00,C049,Banana,Kolkata,Mumbai,35,38,1017,15.9,5.7,338,Fog,34,1,High,65154,41623,Redirect to Nearby Market
2025-01-03 22:00:00,C208,Banana,Pune,Hyderabad,31,86,1022,8.1,74.1,312,Clear,7,8,Low,7938,4370,Continue Route
2025-01-03 23:00:00,C114,Apple,Chennai,Bengaluru,40,29,1016,7.8,60.4,98,Storm,26,2,High,105900,44290,Redirect to Nearby Market
2025-01-04 00:00:00,C004,Apple,Ahmedabad,Hyderabad,25,91,1013,24.0,51.5,114,Fog,34,1,High,52467,78049,Redirect to Nearby Market
2025-01-04 01:00:00,C265,Banana,Pune,Chennai,36,62,1024,16.4,49.6,288,Cloudy,31,1,High,62738,46186,Redirect to Nearby Market
2025-01-04 02:00:00,C041,Mango,Lucknow,Pune,27,44,1030,24.5,55.3,324,Clear,27,1,High,128605,49113,Redirect to Nearby Market
2025-01-04 03:00:00,C179,Mango,Jaipur,Hyderabad,39,55,1030,8.6,101.5,62,Fog,23,3,High,149411,73529,Redirect to Nearby Market
2025-01-04 04:00:00,C159,Orange,Hyderabad,Chennai,31,70,1014,3.5,99.8,129,Rainy,29,1,High,104665,60089,Redirect to Nearby Market
2025-01-04 05:00:00,C272,Orange,Chennai,Bengaluru,32,74,1021,6.3,109.8,209,Sunny,25,2,High,108982,29691,Redirect to Nearby Market
2025-01-04 06:00:00,C197,Mango,Ahmedabad,Mumbai,22,84,998,14.3,77.5,193,Storm,16,5,Medium,18884,5739,Monitor Shipment
2025-01-04 07:00:00,C166,Mango,Jaipur,Bengaluru,41,57,984,15.6,15.2,225,Storm,5,9,Low,8933,4592,Continue Route
2025-01-04 08:00:00,C225,Apple,Lucknow,Hyderabad,31,91,1026,2.7,93.0,155,Storm,7,8,Low,11777,1321,Continue Route
2025-01-04 09:00:00,C102,Mango,Jaipur,Chennai,34,62,994,0.8,67.5,107,Sunny,30,1,High,88325,45091,Redirect to Nearby Market
2025-01-04 10:00:00,C265,Banana,Jaipur,Chennai,26,88,1024,5.1,83.0,326,Clear,13,6,Medium,17798,5267,Monitor Shipment
2025-01-04 11:00:00,C039,Apple,Kolkata,Pune,32,67,1017,5.4,46.6,291,Clear,24,2,High,54624,60054,Redirect to Nearby Market
2025-01-04 12:00:00,C269,Apple,Bengaluru,Chennai,36,49,1012,24.3,66.2,271,Clear,31,1,High,131132,63941,Redirect to Nearby Market
2025-01-04 13:00:00,C192,Apple,Pune,Chennai,19,25,1033,4.6,99.1,262,Fog,28,1,High,134031,47900,Redirect to Nearby Market
2025-01-04 14:00:00,C229,Avocado,Kolkata,Delhi,42,84,1008,9.8,36.7,265,Rainy,22,3,High,69227,46599,Redirect to Nearby Market
2025-01-04 15:00:00,C299,Avocado,Pune,Delhi,40,92,991,10.8,68.4,164,Rainy,32,1,High,144824,22202,Redirect to Nearby Market
2025-01-04 16:00:00,C217,Avocado,Bengaluru,Hyderabad,33,73,1019,14.1,49.6,253,Storm,17,5,Medium,32521,14011,Monitor Shipment
2025-01-04 17:00:00,C044,Apple,Pune,Mumbai,31,64,993,15.6,73.1,349,Clear,12,6,Medium,40578,6986,Monitor Shipment
2025-01-04 18:00:00,C296,Banana,Jaipur,Mumbai,19,89,980,10.8,25.1,326,Sunny,12,6,Medium,39170,12455,Monitor Shipment
2025-01-04 19:00:00,C255,Mango,Kolkata,Chennai,34,50,997,3.7,83.3,243,Fog,28,1,High,60169,69314,Redirect to Nearby Market
2025-01-04 20:00:00,C122,Orange,Delhi,Mumbai,41,26,996,4.7,85.6,110,Cloudy,16,5,Medium,46557,7148,Monitor Shipment
2025-01-04 21:00:00,C207,Banana,Delhi,Chennai,19,27,1024,7.9,30.2,107,Sunny,31,1,High,146283,29596,Redirect to Nearby Market
2025-01-04 22:00:00,C077,Apple,Lucknow,Pune,23,64,988,19.2,88.6,294,Rainy,33,1,High,107779,47297,Redirect to Nearby Market
2025-01-04 23:00:00,C154,Orange,Lucknow,Chennai,22,68,998,1.4,93.2,36,Storm,14,6,Medium,28845,8845,Monitor Shipment
2025-01-05 00:00:00,C034,Banana,Mumbai,Chennai,25,51,1023,5.7,63.9,234,Rainy,18,4,Medium,20246,16055,Monitor Shipment
2025-01-05 01:00:00,C266,Mango,Mumbai,Hyderabad,26,35,1025,20.7,73.3,254,Fog,11,7,Low,9346,1543,Continue Route
2025-01-05 02:00:00,C229,Mango,Delhi,Mumbai,31,66,995,3.2,17.6,341,Storm,14,6,Medium,33383,14532,Monitor Shipment
2025-01-05 03:00:00,C181,Apple,Lucknow,Bengaluru,39,82,1023,16.5,38.7,338,Sunny,10,7,Low,11619,3786,Continue Route
2025-01-05 04:00:00,C253,Banana,Chennai,Bengaluru,26,58,1014,22.2,96.0,114,Rainy,6,8,Low,8255,3208,Continue Route
2025-01-05 05:00:00,C285,Mango,Jaipur,Pune,37,83,1033,0.6,2.2,331,Storm,21,3,High,50260,72603,Redirect to Nearby Market
2025-01-05 06:00:00,C041,Avocado,Lucknow,Delhi,21,71,992,22.3,64.7,57,Clear,21,3,High,94577,27693,Redirect to Nearby Market
2025-01-05 07:00:00,C015,Banana,Bengaluru,Bengaluru,29,93,1002,22.8,94.1,269,Storm,31,1,High,130785,24829,Redirect to Nearby Market
2025-01-05 08:00:00,C116,Apple,Mumbai,Pune,18,94,1003,22.3,2.7,200,Clear,12,6,Medium,19219,11564,Monitor Shipment
2025-01-05 09:00:00,C124,Orange,Ahmedabad,Bengaluru,35,51,1022,3.2,16.7,344,Sunny,35,1,High,117000,23879,Redirect to Nearby Market
2025-01-05 10:00:00,C298,Avocado,Jaipur,Bengaluru,31,63,1030,3.1,39.5,309,Cloudy,23,3,High,91236,47266,Redirect to Nearby Market
2025-01-05 11:00:00,C145,Apple,Kolkata,Mumbai,39,43,1015,21.9,81.2,263,Clear,7,8,Low,7646,4581,Continue Route
2025-01-05 12:00:00,C135,Apple,Delhi,Mumbai,19,82,1004,7.4,73.8,122,Rainy,28,1,High,104907,66614,Redirect to Nearby Market
2025-01-05 13:00:00,C054,Orange,Delhi,Delhi,27,79,980,8.5,81.7,341,Clear,9,7,Low,14159,3064,Continue Route
2025-01-05 14:00:00,C118,Mango,Pune,Mumbai,28,39,999,3.9,1.5,53,Storm,13,6,Medium,49867,6550,Monitor Shipment
2025-01-05 15:00:00,C023,Avocado,Lucknow,Hyderabad,30,27,1031,9.0,79.7,126,Rainy,11,7,Low,10034,3796,Continue Route
2025-01-05 16:00:00,C007,Banana,Delhi,Delhi,23,39,1006,20.2,23.5,264,Sunny,6,8,Low,6292,2796,Continue Route
2025-01-05 17:00:00,C099,Avocado,Jaipur,Bengaluru,27,44,1031,1.6,108.6,255,Sunny,28,1,High,105168,65399,Redirect to Nearby Market
2025-01-05 18:00:00,C044,Mango,Jaipur,Mumbai,31,40,1023,1.6,27.5,194,Fog,32,1,High,64958,55757,Redirect to Nearby Market
2025-01-05 19:00:00,C260,Banana,Ahmedabad,Delhi,31,94,1024,24.9,112.8,306,Rainy,27,1,High,149655,30985,Redirect to Nearby Market
2025-01-05 20:00:00,C147,Mango,Chennai,Hyderabad,25,30,999,5.4,70.9,82,Clear,6,8,Low,14571,3005,Continue Route
2025-01-05 21:00:00,C161,Banana,Chennai,Delhi,33,85,997,11.4,26.4,276,Clear,30,1,High,56530,27583,Redirect to Nearby Market
2025-01-05 22:00:00,C156,Banana,Bengaluru,Pune,27,83,990,7.1,15.6,243,Fog,25,2,High,88652,23503,Redirect to Nearby Market
2025-01-05 23:00:00,C024,Banana,Chennai,Delhi,38,72,1035,8.0,33.9,297,Sunny,21,3,High,80317,31093,Redirect to Nearby Market
2025-01-06 00:00:00,C233,Avocado,Lucknow,Pune,33,29,984,0.6,54.6,216,Cloudy,22,3,High,72441,24046,Redirect to Nearby Market
2025-01-06 01:00:00,C273,Apple,Hyderabad,Pune,23,54,1035,7.4,73.8,126,Cloudy,31,1,High,114572,41132,Redirect to Nearby Market
2025-01-06 02:00:00,C296,Banana,Bengaluru,Bengaluru,40,83,980,4.6,44.8,132,Fog,13,6,Medium,20963,14585,Monitor Shipment
2025-01-06 03:00:00,C056,Mango,Chennai,Pune,29,75,1032,7.8,35.0,322,Fog,25,2,High,130540,76834,Redirect to Nearby Market
2025-01-06 04:00:00,C098,Mango,Bengaluru,Pune,22,61,1010,7.8,13.5,310,Fog,16,5,Medium,15546,8037,Monitor Shipment
2025-01-06 05:00:00,C237,Orange,Jaipur,Hyderabad,38,93,1027,13.0,2.1,53,Storm,5,9,Low,8165,1131,Continue Route
2025-01-06 06:00:00,C228,Banana,Chennai,Hyderabad,26,50,1018,20.4,74.0,185,Rainy,6,8,Low,5455,2506,Continue Route
2025-01-06 07:00:00,C250,Banana,Ahmedabad,Bengaluru,23,71,1002,18.2,105.2,129,Cloudy,18,4,Medium,35899,11455,Monitor Shipment
2025-01-06 08:00:00,C101,Banana,Chennai,Delhi,24,94,1011,19.3,90.1,343,Storm,10,7,Low,11256,2067,Continue Route
2025-01-06 09:00:00,C292,Avocado,Bengaluru,Mumbai,22,49,1021,10.1,76.7,279,Cloudy,28,1,High,82659,57422,Redirect to Nearby Market
2025-01-06 10:00:00,C231,Banana,Ahmedabad,Delhi,28,26,1019,4.0,27.8,326,Rainy,23,3,High,112677,66162,Redirect to Nearby Market
2025-01-06 11:00:00,C284,Orange,Bengaluru,Hyderabad,25,56,1004,17.1,49.4,213,Clear,14,6,Medium,31827,16070,Monitor Shipment
2025-01-06 12:00:00,C201,Banana,Bengaluru,Pune,38,89,1000,8.1,89.4,93,Rainy,30,1,High,112010,32846,Redirect to Nearby Market
2025-01-06 13:00:00,C269,Mango,Jaipur,Pune,21,64,1015,4.3,55.4,165,Clear,26,2,High,54493,72991,Redirect to Nearby Market
2025-01-06 14:00:00,C121,Orange,Mumbai,Pune,34,90,1007,9.9,71.8,200,Sunny,35,1,High,50877,65447,Redirect to Nearby Market
2025-01-06 15:00:00,C241,Apple,Mumbai,Pune,20,42,1003,7.3,32.0,346,Sunny,34,1,High,106839,48913,Redirect to Nearby Market
2025-01-06 16:00:00,C116,Orange,Jaipur,Bengaluru,33,25,995,23.2,33.5,133,Rainy,23,3,High,58669,64238,Redirect to Nearby Market
2025-01-06 17:00:00,C018,Mango,Chennai,Mumbai,35,26,1027,21.6,85.4,164,Storm,7,8,Low,14563,4116,Continue Route
2025-01-06 18:00:00,C138,Banana,Kolkata,Delhi,30,93,987,22.6,0.7,86,Cloudy,26,2,High,111085,54181,Redirect to Nearby Market
2025-01-06 19:00:00,C291,Mango,Mumbai,Mumbai,22,41,1006,15.8,53.3,172,Sunny,26,2,High,128214,24064,Redirect to Nearby Market
2025-01-06 20:00:00,C149,Banana,Ahmedabad,Bengaluru,42,59,1015,1.2,5.6,206,Fog,21,3,High,130013,79730,Redirect to Nearby Market
2025-01-06 21:00:00,C265,Banana,Kolkata,Hyderabad,35,53,1015,5.6,105.7,50,Cloudy,28,1,High,91593,57206,Redirect to Nearby Market
2025-01-06 22:00:00,C181,Avocado,Kolkata,Chennai,32,29,1015,16.3,11.9,269,Rainy,35,1,High,60883,43536,Redirect to Nearby Market
2025-01-06 23:00:00,C092,Mango,Ahmedabad,Mumbai,19,77,1005,2.5,33.5,157,Storm,10,7,Low,12880,2515,Continue Route
2025-01-07 00:00:00,C292,Avocado,Lucknow,Mumbai,23,59,1024,1.3,2.1,165,Clear,30,1,High,65625,66551,Redirect to Nearby Market
2025-01-07 01:00:00,C232,Orange,Kolkata,Mumbai,22,60,1033,6.6,69.7,343,Cloudy,11,7,Low,6860,1330,Continue Route
2025-01-07 02:00:00,C192,Mango,Pune,Chennai,40,71,991,10.2,15.3,128,Fog,15,5,Medium,32773,6949,Monitor Shipment
2025-01-07 03:00:00,C175,Avocado,Hyderabad,Bengaluru,19,92,987,15.2,80.0,59,Storm,19,4,Medium,45970,9998,Monitor Shipment
2025-01-07 04:00:00,C183,Orange,Ahmedabad,Chennai,25,61,1030,16.5,48.7,146,Cloudy,7,8,Low,6324,4944,Continue Route
2025-01-07 05:00:00,C165,Apple,Pune,Hyderabad,27,94,1003,21.1,69.0,120,Cloudy,12,6,Medium,22565,9696,Monitor Shipment
2025-01-07 06:00:00,C040,Orange,Hyderabad,Delhi,40,81,1034,8.8,102.1,61,Sunny,24,2,High,144520,33579,Redirect to Nearby Market
2025-01-07 07:00:00,C057,Apple,Ahmedabad,Hyderabad,21,73,1032,24.6,85.2,335,Clear,26,2,High,139710,62031,Redirect to Nearby Market
2025-01-07 08:00:00,C076,Apple,Pune,Pune,21,83,1007,19.3,17.5,55,Sunny,22,3,High,81492,25356,Redirect to Nearby Market
2025-01-07 09:00:00,C140,Orange,Kolkata,Bengaluru,22,63,1012,19.4,7.5,318,Fog,29,1,High,128622,26050,Redirect to Nearby Market
2025-01-07 10:00:00,C094,Orange,Pune,Delhi,26,47,1023,5.5,33.8,178,Rainy,17,5,Medium,21862,6710,Monitor Shipment
2025-01-07 11:00:00,C260,Mango,Delhi,Chennai,33,48,1018,13.6,96.3,306,Fog,28,1,High,90911,34563,Redirect to Nearby Market
2025-01-07 12:00:00,C140,Orange,Chennai,Bengaluru,29,88,1035,6.4,89.6,146,Clear,22,3,High,110828,36801,Redirect to Nearby Market
2025-01-07 13:00:00,C238,Avocado,Chennai,Hyderabad,41,37,992,20.7,26.8,171,Clear,29,1,High,73182,63953,Redirect to Nearby Market
2025-01-07 14:00:00,C109,Orange,Pune,Mumbai,33,74,1011,15.6,58.9,107,Cloudy,29,1,High,50664,54860,Redirect to Nearby Market
2025-01-07 15:00:00,C132,Apple,Bengaluru,Bengaluru,23,89,999,21.1,62.0,51,Clear,26,2,High,144308,44605,Redirect to Nearby Market
2025-01-07 16:00:00,C054,Mango,Kolkata,Delhi,36,78,1010,20.7,45.0,229,Fog,14,6,Medium,30912,15317,Monitor Shipment
2025-01-07 17:00:00,C261,Avocado,Chennai,Bengaluru,31,68,998,15.2,69.7,106,Fog,21,3,High,61478,67586,Redirect to Nearby Market
2025-01-07 18:00:00,C251,Banana,Pune,Hyderabad,27,86,1027,8.2,39.1,108,Clear,25,2,High,147103,48876,Redirect to Nearby Market
2025-01-07 19:00:00,C102,Orange,Delhi,Bengaluru,27,95,1017,23.0,61.8,263,Cloudy,15,5,Medium,22328,11939,Monitor Shipment
2025-01-07 20:00:00,C226,Apple,Hyderabad,Delhi,25,88,985,11.9,68.7,144,Cloudy,25,2,High,142863,59052,Redirect to Nearby Market
2025-01-07 21:00:00,C200,Mango,Pune,Mumbai,37,29,984,20.7,68.5,136,Rainy,21,3,High,120964,54420,Redirect to Nearby Market
2025-01-07 22:00:00,C245,Banana,Chennai,Chennai,23,43,1009,17.7,102.5,33,Storm,6,8,Low,9506,4340,Continue Route
2025-01-07 23:00:00,C018,Mango,Lucknow,Mumbai,23,94,997,8.5,87.5,183,Fog,29,1,High,50854,37720,Redirect to Nearby Market
2025-01-08 00:00:00,C098,Apple,Kolkata,Pune,25,38,1005,18.2,77.0,241,Clear,26,2,High,110942,76587,Redirect to Nearby Market
2025-01-08 01:00:00,C279,Orange,Pune,Pune,30,85,1013,21.6,73.2,176,Storm,18,4,Medium,37112,17305,Monitor Shipment
2025-01-08 02:00:00,C028,Mango,Delhi,Pune,29,37,1018,11.0,83.5,253,Rainy,12,6,Medium,23422,17267,Monitor Shipment
2025-01-08 03:00:00,C150,Apple,Chennai,Chennai,24,95,1009,15.9,6.5,267,Rainy,28,1,High,149649,74912,Redirect to Nearby Market
2025-01-08 04:00:00,C209,Mango,Jaipur,Pune,29,81,989,4.5,34.5,143,Cloudy,16,5,Medium,26755,17791,Monitor Shipment
2025-01-08 05:00:00,C240,Avocado,Pune,Chennai,25,59,990,23.3,11.4,241,Clear,33,1,High,109485,62470,Redirect to Nearby Market
2025-01-08 06:00:00,C282,Banana,Ahmedabad,Bengaluru,27,57,1020,11.6,18.7,33,Fog,8,8,Low,6865,4252,Continue Route
2025-01-08 07:00:00,C216,Banana,Bengaluru,Delhi,41,37,1026,13.1,95.8,284,Rainy,31,1,High,50406,28862,Redirect to Nearby Market
2025-01-08 08:00:00,C256,Mango,Lucknow,Bengaluru,33,68,1013,18.9,103.9,156,Cloudy,8,8,Low,14548,2101,Continue Route
2025-01-08 09:00:00,C018,Banana,Bengaluru,Bengaluru,42,60,1025,9.7,23.6,117,Clear,11,7,Low,12629,1200,Continue Route
2025-01-08 10:00:00,C165,Orange,Jaipur,Delhi,33,62,1002,15.8,71.8,197,Cloudy,35,1,High,63117,61133,Redirect to Nearby Market
2025-01-08 11:00:00,C075,Orange,Pune,Mumbai,27,27,989,3.0,21.5,170,Storm,13,6,Medium,44876,7608,Monitor Shipment
2025-01-08 12:00:00,C189,Banana,Kolkata,Delhi,34,44,1024,12.5,84.7,305,Fog,26,2,High,98953,76003,Redirect to Nearby Market
2025-01-08 13:00:00,C214,Apple,Mumbai,Pune,37,41,1003,7.3,108.8,98,Fog,35,1,High,81280,24452,Redirect to Nearby Market
2025-01-08 14:00:00,C040,Orange,Mumbai,Mumbai,25,34,980,8.1,41.0,318,Storm,14,6,Medium,49583,11392,Monitor Shipment
2025-01-08 15:00:00,C213,Orange,Chennai,Pune,24,34,1034,13.9,63.2,104,Sunny,33,1,High,58898,40687,Redirect to Nearby Market
2025-01-08 16:00:00,C263,Avocado,Chennai,Chennai,40,89,991,17.9,23.0,257,Clear,20,4,Medium,19666,17342,Monitor Shipment
2025-01-08 17:00:00,C157,Mango,Jaipur,Chennai,18,85,1033,6.3,95.2,259,Clear,23,3,High,82630,24610,Redirect to Nearby Market
2025-01-08 18:00:00,C229,Avocado,Lucknow,Pune,39,82,1035,16.0,45.9,248,Sunny,19,4,Medium,47591,14002,Monitor Shipment
2025-01-08 19:00:00,C089,Apple,Kolkata,Pune,33,45,1027,10.9,44.5,238,Storm,25,2,High,67760,24319,Redirect to Nearby Market
2025-01-08 20:00:00,C115,Avocado,Lucknow,Delhi,42,72,1019,14.3,12.5,327,Sunny,28,1,High,98292,30713,Redirect to Nearby Market
2025-01-08 21:00:00,C143,Orange,Jaipur,Delhi,26,29,1010,3.6,52.1,124,Rainy,21,3,High,83065,69400,Redirect to Nearby Market
2025-01-08 22:00:00,C188,Mango,Hyderabad,Chennai,27,35,995,1.2,23.3,222,Cloudy,28,1,High,108991,45117,Redirect to Nearby Market
2025-01-08 23:00:00,C146,Orange,Lucknow,Chennai,29,51,1032,12.8,105.7,235,Fog,34,1,High,65031,61577,Redirect to Nearby Market
2025-01-09 00:00:00,C142,Orange,Ahmedabad,Delhi,21,81,994,11.7,111.3,140,Sunny,27,1,High,96621,75652,Redirect to Nearby Market
2025-01-09 01:00:00,C066,Avocado,Mumbai,Mumbai,20,73,1000,15.2,11.8,227,Rainy,14,6,Medium,47167,15403,Monitor Shipment
2025-01-09 02:00:00,C041,Orange,Mumbai,Pune,23,29,1026,17.4,58.1,146,Clear,14,6,Medium,26831,10493,Monitor Shipment
2025-01-09 03:00:00,C274,Banana,Pune,Bengaluru,26,51,1018,8.8,100.1,156,Storm,32,1,High,72836,26973,Redirect to Nearby Market
2025-01-09 04:00:00,C063,Mango,Bengaluru,Chennai,36,84,996,7.4,49.4,299,Sunny,15,5,Medium,44706,8586,Monitor Shipment
2025-01-09 05:00:00,C054,Orange,Delhi,Mumbai,20,39,981,18.8,18.5,345,Storm,20,4,Medium,25539,13196,Monitor Shipment
2025-01-09 06:00:00,C024,Apple,Chennai,Pune,41,84,1011,2.6,77.2,325,Rainy,31,1,High,98636,64191,Redirect to Nearby Market
2025-01-09 07:00:00,C205,Mango,Hyderabad,Pune,35,93,988,16.2,20.6,78,Cloudy,5,9,Low,11894,4783,Continue Route
2025-01-09 08:00:00,C218,Apple,Delhi,Delhi,29,47,1014,5.6,85.4,114,Cloudy,21,3,High,137069,67172,Redirect to Nearby Market
2025-01-09 09:00:00,C211,Mango,Delhi,Chennai,29,28,1028,5.6,22.0,182,Cloudy,28,1,High,133900,36723,Redirect to Nearby Market
2025-01-09 10:00:00,C017,Apple,Lucknow,Delhi,35,63,981,14.4,109.0,45,Sunny,15,5,Medium,19253,15491,Monitor Shipment
2025-01-09 11:00:00,C289,Mango,Bengaluru,Delhi,22,92,1012,5.1,2.0,139,Sunny,33,1,High,131397,32901,Redirect to Nearby Market
2025-01-09 12:00:00,C070,Orange,Lucknow,Mumbai,36,47,1021,3.0,20.6,147,Storm,5,9,Low,7601,1634,Continue Route
2025-01-09 13:00:00,C025,Avocado,Ahmedabad,Delhi,26,48,1023,3.4,82.0,230,Sunny,34,1,High,118829,55263,Redirect to Nearby Market
2025-01-09 14:00:00,C232,Apple,Jaipur,Mumbai,18,77,1034,11.1,113.1,279,Clear,29,1,High,79802,59750,Redirect to Nearby Market
2025-01-09 15:00:00,C299,Avocado,Ahmedabad,Delhi,42,37,1001,16.4,66.6,242,Rainy,19,4,Medium,22877,12675,Monitor Shipment
2025-01-09 16:00:00,C274,Banana,Mumbai,Mumbai,19,45,1019,19.8,9.4,140,Cloudy,12,6,Medium,47550,13277,Monitor Shipment
2025-01-09 17:00:00,C187,Orange,Ahmedabad,Chennai,32,51,1033,16.6,33.7,126,Clear,12,6,Medium,37271,6196,Monitor Shipment
2025-01-09 18:00:00,C062,Avocado,Mumbai,Bengaluru,37,89,1014,7.8,14.1,269,Sunny,23,3,High,68950,76962,Redirect to Nearby Market
2025-01-09 19:00:00,C200,Orange,Bengaluru,Mumbai,42,26,988,19.6,88.1,269,Clear,20,4,Medium,36481,5929,Monitor Shipment
2025-01-09 20:00:00,C193,Mango,Lucknow,Hyderabad,37,64,982,2.1,69.2,318,Fog,12,6,Medium,26939,12326,Monitor Shipment
2025-01-09 21:00:00,C091,Orange,Jaipur,Delhi,31,27,1027,6.9,53.2,202,Cloudy,29,1,High,116119,40077,Redirect to Nearby Market
2025-01-09 22:00:00,C232,Mango,Delhi,Chennai,37,89,1035,16.2,48.9,209,Storm,10,7,Low,6177,3481,Continue Route
2025-01-09 23:00:00,C224,Mango,Jaipur,Delhi,22,59,1027,13.8,14.1,183,Cloudy,31,1,High,68940,21523,Redirect to Nearby Market
2025-01-10 00:00:00,C271,Avocado,Delhi,Delhi,34,67,1001,21.1,53.8,176,Clear,18,4,Medium,29287,5058,Monitor Shipment
2025-01-10 01:00:00,C186,Apple,Hyderabad,Pune,39,73,994,19.8,85.8,301,Cloudy,11,7,Low,7183,4854,Continue Route
2025-01-10 02:00:00,C287,Banana,Lucknow,Mumbai,31,78,1001,6.6,100.8,291,Rainy,28,1,High,62280,79674,Redirect to Nearby Market
2025-01-10 03:00:00,C244,Mango,Delhi,Delhi,24,51,1024,8.5,26.4,146,Sunny,21,3,High,117038,64878,Redirect to Nearby Market
2025-01-10 04:00:00,C120,Apple,Pune,Chennai,28,65,1023,13.0,23.7,160,Cloudy,13,6,Medium,15713,5635,Monitor Shipment
2025-01-10 05:00:00,C167,Apple,Hyderabad,Delhi,21,44,1030,21.3,65.8,129,Rainy,27,1,High,80113,65201,Redirect to Nearby Market
2025-01-10 06:00:00,C146,Orange,Mumbai,Mumbai,24,33,1027,19.0,12.0,53,Sunny,18,4,Medium,24879,14365,Monitor Shipment
2025-01-10 07:00:00,C149,Mango,Hyderabad,Chennai,39,62,1001,21.3,58.2,119,Rainy,7,8,Low,13927,3241,Continue Route
2025-01-10 08:00:00,C096,Apple,Mumbai,Chennai,24,71,1034,12.5,40.6,54,Cloudy,26,2,High,140508,63659,Redirect to Nearby Market
2025-01-10 09:00:00,C218,Orange,Pune,Pune,20,37,983,17.7,81.4,115,Clear,22,3,High,122448,64871,Redirect to Nearby Market
2025-01-10 10:00:00,C242,Orange,Jaipur,Bengaluru,42,64,989,3.2,108.2,206,Cloudy,7,8,Low,12489,1527,Continue Route
2025-01-10 11:00:00,C167,Banana,Delhi,Hyderabad,42,61,1019,4.6,86.5,326,Sunny,8,8,Low,7404,4902,Continue Route
2025-01-10 12:00:00,C112,Apple,Ahmedabad,Pune,40,44,1019,19.7,95.8,78,Sunny,25,2,High,86432,40217,Redirect to Nearby Market
2025-01-10 13:00:00,C244,Banana,Ahmedabad,Chennai,32,57,1015,20.0,24.8,283,Cloudy,5,9,Low,11060,3652,Continue Route
2025-01-10 14:00:00,C247,Mango,Mumbai,Hyderabad,40,29,983,24.1,56.0,211,Rainy,16,5,Medium,41655,11906,Monitor Shipment
2025-01-10 15:00:00,C248,Orange,Pune,Delhi,24,73,1005,16.9,25.4,147,Fog,16,5,Medium,23996,14700,Monitor Shipment
2025-01-10 16:00:00,C041,Orange,Bengaluru,Bengaluru,42,49,1008,11.4,12.3,275,Clear,10,7,Low,11295,4881,Continue Route
2025-01-10 17:00:00,C258,Avocado,Bengaluru,Bengaluru,18,60,1019,7.0,2.2,186,Storm,27,1,High,67942,65131,Redirect to Nearby Market
2025-01-10 18:00:00,C162,Mango,Jaipur,Pune,21,50,980,15.6,43.9,131,Clear,30,1,High,148632,29104,Redirect to Nearby Market
2025-01-10 19:00:00,C269,Orange,Chennai,Delhi,28,95,1017,14.2,106.6,186,Sunny,23,3,High,113983,39447,Redirect to Nearby Market
2025-01-10 20:00:00,C140,Orange,Chennai,Pune,34,53,1027,1.7,95.4,346,Rainy,20,4,Medium,31755,5769,Monitor Shipment
2025-01-10 21:00:00,C065,Apple,Lucknow,Bengaluru,26,51,992,17.6,109.5,256,Rainy,29,1,High,121774,30297,Redirect to Nearby Market
2025-01-10 22:00:00,C003,Mango,Delhi,Hyderabad,42,44,998,4.1,68.3,324,Cloudy,24,2,High,119482,21695,Redirect to Nearby Market
2025-01-10 23:00:00,C064,Avocado,Ahmedabad,Bengaluru,25,56,1029,24.8,42.4,277,Cloudy,7,8,Low,14132,4042,Continue Route
2025-01-11 00:00:00,C068,Orange,Kolkata,Delhi,23,28,1023,2.3,43.1,175,Sunny,13,6,Medium,45772,11807,Monitor Shipment
2025-01-11 01:00:00,C169,Avocado,Jaipur,Bengaluru,31,44,985,5.6,35.1,322,Cloudy,7,8,Low,14516,2660,Continue Route
2025-01-11 02:00:00,C087,Avocado,Hyderabad,Chennai,20,67,1014,12.5,46.8,130,Clear,29,1,High,110309,53763,Redirect to Nearby Market
2025-01-11 03:00:00,C098,Mango,Pune,Delhi,34,38,998,20.9,39.1,144,Storm,14,6,Medium,42213,7173,Monitor Shipment
2025-01-11 04:00:00,C165,Mango,Bengaluru,Bengaluru,35,56,1031,14.0,70.3,60,Fog,33,1,High,141872,27026,Redirect to Nearby Market
2025-01-11 05:00:00,C291,Mango,Lucknow,Pune,21,49,994,12.2,103.2,40,Sunny,22,3,High,136863,56982,Redirect to Nearby Market
2025-01-11 06:00:00,C214,Mango,Mumbai,Chennai,40,37,997,17.8,33.4,273,Storm,8,8,Low,12343,4643,Continue Route
2025-01-11 07:00:00,C163,Mango,Pune,Bengaluru,28,71,998,17.0,82.4,54,Sunny,9,7,Low,11052,1137,Continue Route
2025-01-11 08:00:00,C163,Orange,Jaipur,Chennai,21,83,1034,2.5,55.1,178,Cloudy,21,3,High,55292,62531,Redirect to Nearby Market
2025-01-11 09:00:00,C090,Avocado,Delhi,Hyderabad,38,44,1026,7.9,14.4,255,Sunny,17,5,Medium,40589,16077,Monitor Shipment
2025-01-11 10:00:00,C090,Mango,Kolkata,Delhi,31,76,1022,18.0,99.7,105,Storm,22,3,High,103861,28737,Redirect to Nearby Market
2025-01-11 11:00:00,C142,Avocado,Chennai,Bengaluru,22,73,1028,9.5,61.7,166,Cloudy,34,1,High,101735,36513,Redirect to Nearby Market
2025-01-11 12:00:00,C137,Banana,Bengaluru,Bengaluru,38,44,1007,15.6,57.1,178,Cloudy,7,8,Low,7620,3330,Continue Route
2025-01-11 13:00:00,C039,Mango,Jaipur,Chennai,34,55,1018,13.1,42.4,204,Cloudy,5,9,Low,11149,3166,Continue Route
2025-01-11 14:00:00,C001,Apple,Bengaluru,Pune,34,89,1032,9.8,81.2,247,Rainy,27,1,High,124787,43166,Redirect to Nearby Market
2025-01-11 15:00:00,C100,Avocado,Ahmedabad,Bengaluru,34,54,1015,24.6,29.9,286,Storm,24,2,High,119789,55917,Redirect to Nearby Market
2025-01-11 16:00:00,C221,Mango,Lucknow,Delhi,32,35,1010,19.1,27.0,82,Rainy,16,5,Medium,31785,12305,Monitor Shipment
2025-01-11 17:00:00,C167,Avocado,Kolkata,Hyderabad,42,27,989,20.3,117.8,139,Clear,32,1,High,97010,36180,Redirect to Nearby Market
2025-01-11 18:00:00,C101,Mango,Delhi,Mumbai,36,55,1030,21.1,73.7,56,Storm,17,5,Medium,24190,13660,Monitor Shipment
2025-01-11 19:00:00,C048,Mango,Chennai,Pune,36,52,1016,18.9,95.1,327,Clear,14,6,Medium,48970,12866,Monitor Shipment
2025-01-11 20:00:00,C275,Apple,Jaipur,Pune,31,51,1005,20.0,80.1,150,Cloudy,13,6,Medium,19146,13605,Monitor Shipment
2025-01-11 21:00:00,C207,Mango,Bengaluru,Hyderabad,27,70,993,4.1,97.5,285,Sunny,14,6,Medium,46319,17306,Monitor Shipment
2025-01-11 22:00:00,C013,Mango,Jaipur,Delhi,21,34,1033,14.4,25.7,323,Clear,9,7,Low,5507,2510,Continue Route
2025-01-11 23:00:00,C222,Banana,Bengaluru,Bengaluru,25,28,988,10.5,80.0,305,Storm,6,8,Low,13742,3803,Continue Route
2025-01-12 00:00:00,C256,Avocado,Pune,Mumbai,23,77,986,4.1,50.8,177,Sunny,33,1,High,50223,27475,Redirect to Nearby Market
2025-01-12 01:00:00,C055,Avocado,Ahmedabad,Hyderabad,34,91,986,24.3,80.6,68,Rainy,35,1,High,144191,57325,Redirect to Nearby Market
2025-01-12 02:00:00,C055,Orange,Hyderabad,Pune,30,25,998,21.5,49.0,73,Fog,20,4,Medium,29042,5123,Monitor Shipment
2025-01-12 03:00:00,C172,Avocado,Pune,Pune,26,63,1027,2.5,22.2,286,Storm,21,3,High,134637,66658,Redirect to Nearby Market
2025-01-12 04:00:00,C151,Banana,Chennai,Hyderabad,21,75,1004,14.3,55.2,144,Clear,19,4,Medium,43387,10814,Monitor Shipment
2025-01-12 05:00:00,C185,Orange,Chennai,Hyderabad,25,73,1025,12.6,74.5,35,Fog,35,1,High,101859,26303,Redirect to Nearby Market
2025-01-12 06:00:00,C124,Banana,Pune,Chennai,25,29,995,3.9,13.3,328,Fog,15,5,Medium,49875,9723,Monitor Shipment
2025-01-12 07:00:00,C109,Apple,Kolkata,Hyderabad,29,82,1027,14.5,53.4,231,Fog,14,6,Medium,40087,10319,Monitor Shipment
2025-01-12 08:00:00,C191,Banana,Lucknow,Mumbai,41,37,998,5.2,2.5,88,Fog,30,1,High,138952,23709,Redirect to Nearby Market
2025-01-12 09:00:00,C113,Avocado,Pune,Bengaluru,25,25,1016,18.4,4.9,237,Sunny,28,1,High,67063,36137,Redirect to Nearby Market
2025-01-12 10:00:00,C185,Banana,Jaipur,Chennai,28,46,997,17.1,14.4,278,Rainy,17,5,Medium,34464,8640,Monitor Shipment
2025-01-12 11:00:00,C180,Apple,Chennai,Hyderabad,26,27,1028,24.4,39.4,177,Storm,29,1,High,149019,68885,Redirect to Nearby Market
2025-01-12 12:00:00,C214,Avocado,Jaipur,Hyderabad,22,41,993,4.6,15.6,302,Storm,32,1,High,94349,27877,Redirect to Nearby Market
2025-01-12 13:00:00,C170,Orange,Lucknow,Chennai,34,42,1021,22.6,86.8,271,Sunny,24,2,High,140337,20306,Redirect to Nearby Market
2025-01-12 14:00:00,C217,Mango,Jaipur,Hyderabad,37,74,1019,15.3,86.8,152,Rainy,24,2,High,106652,79699,Redirect to Nearby Market
2025-01-12 15:00:00,C252,Mango,Ahmedabad,Pune,29,47,1011,22.4,39.9,35,Clear,31,1,High,148558,38698,Redirect to Nearby Market
2025-01-12 16:00:00,C069,Avocado,Chennai,Chennai,42,85,1003,0.8,41.8,208,Fog,8,8,Low,5195,1208,Continue Route
2025-01-12 17:00:00,C046,Banana,Delhi,Mumbai,20,41,983,9.9,34.3,110,Clear,20,4,Medium,38232,7139,Monitor Shipment
2025-01-12 18:00:00,C129,Orange,Bengaluru,Chennai,29,52,988,14.1,59.9,77,Sunny,26,2,High,104852,34851,Redirect to Nearby Market
2025-01-12 19:00:00,C092,Banana,Hyderabad,Mumbai,18,95,1030,16.0,3.2,262,Sunny,28,1,High,131018,23920,Redirect to Nearby Market
2025-01-12 20:00:00,C217,Avocado,Chennai,Pune,39,42,1010,6.1,60.1,248,Sunny,9,7,Low,5812,3131,Continue Route
2025-01-12 21:00:00,C258,Orange,Kolkata,Hyderabad,26,85,1023,21.1,116.1,140,Cloudy,20,4,Medium,18991,5994,Monitor Shipment
2025-01-12 22:00:00,C055,Banana,Hyderabad,Chennai,41,70,1010,9.7,115.2,93,Sunny,30,1,High,99773,30689,Redirect to Nearby Market
2025-01-12 23:00:00,C278,Avocado,Mumbai,Chennai,36,83,1013,13.9,82.0,104,Rainy,31,1,High,116749,27918,Redirect to Nearby Market
2025-01-13 00:00:00,C241,Banana,Chennai,Pune,31,57,1034,5.9,104.3,337,Rainy,26,2,High,85064,41847,Redirect to Nearby Market
2025-01-13 01:00:00,C091,Apple,Lucknow,Mumbai,27,49,1013,2.9,71.3,47,Clear,23,3,High,115245,74333,Redirect to Nearby Market
2025-01-13 02:00:00,C281,Mango,Delhi,Delhi,29,34,981,3.0,76.4,63,Storm,8,8,Low,5120,3213,Continue Route
2025-01-13 03:00:00,C158,Apple,Ahmedabad,Hyderabad,38,76,1005,21.7,52.2,108,Fog,12,6,Medium,37152,18910,Monitor Shipment
2025-01-13 04:00:00,C040,Banana,Pune,Delhi,32,65,1016,16.4,82.3,320,Sunny,35,1,High,131754,47647,Redirect to Nearby Market
2025-01-13 05:00:00,C071,Apple,Kolkata,Pune,31,54,985,1.5,14.3,278,Rainy,23,3,High,133348,70445,Redirect to Nearby Market
2025-01-13 06:00:00,C280,Banana,Hyderabad,Bengaluru,35,62,1016,5.6,34.3,332,Fog,11,7,Low,12524,1733,Continue Route
2025-01-13 07:00:00,C129,Avocado,Ahmedabad,Bengaluru,20,78,1033,3.3,91.1,187,Fog,15,5,Medium,45809,5392,Monitor Shipment
2025-01-13 08:00:00,C093,Avocado,Chennai,Chennai,29,28,990,23.1,76.4,337,Fog,31,1,High,98240,79228,Redirect to Nearby Market
2025-01-13 09:00:00,C227,Banana,Kolkata,Mumbai,34,75,1034,1.4,12.9,30,Clear,28,1,High,143875,66934,Redirect to Nearby Market
2025-01-13 10:00:00,C083,Apple,Bengaluru,Pune,33,35,991,21.0,84.5,31,Rainy,31,1,High,138254,41417,Redirect to Nearby Market
2025-01-13 11:00:00,C093,Apple,Jaipur,Delhi,18,86,986,18.2,57.8,260,Sunny,26,2,High,123774,41986,Redirect to Nearby Market
2025-01-13 12:00:00,C137,Banana,Kolkata,Bengaluru,41,75,993,9.0,93.3,53,Cloudy,16,5,Medium,36537,7593,Monitor Shipment
2025-01-13 13:00:00,C255,Avocado,Delhi,Hyderabad,22,25,984,13.8,65.1,123,Sunny,29,1,High,138398,53627,Redirect to Nearby Market
2025-01-13 14:00:00,C033,Banana,Delhi,Bengaluru,42,62,986,8.5,8.1,188,Fog,29,1,High,59106,41101,Redirect to Nearby Market
2025-01-13 15:00:00,C043,Banana,Chennai,Bengaluru,27,74,1024,10.9,119.7,213,Fog,22,3,High,56033,72840,Redirect to Nearby Market
2025-01-13 16:00:00,C214,Apple,Bengaluru,Delhi,21,64,991,13.1,91.7,86,Sunny,21,3,High,72888,21790,Redirect to Nearby Market
2025-01-13 17:00:00,C080,Apple,Bengaluru,Bengaluru,27,27,1026,5.5,96.4,316,Sunny,33,1,High,137863,29006,Redirect to Nearby Market
2025-01-13 18:00:00,C066,Mango,Pune,Hyderabad,37,81,995,6.2,65.8,51,Clear,23,3,High,89050,26846,Redirect to Nearby Market
2025-01-13 19:00:00,C286,Orange,Hyderabad,Mumbai,34,76,1027,6.2,50.9,241,Storm,30,1,High,122198,63767,Redirect to Nearby Market
2025-01-13 20:00:00,C211,Mango,Pune,Bengaluru,30,67,1005,16.2,17.9,214,Sunny,24,2,High,149047,79893,Redirect to Nearby Market
2025-01-13 21:00:00,C267,Orange,Chennai,Chennai,34,38,1015,11.7,102.6,344,Rainy,16,5,Medium,33127,12639,Monitor Shipment
2025-01-13 22:00:00,C275,Orange,Ahmedabad,Hyderabad,38,52,1031,17.1,58.7,161,Fog,34,1,High,113707,64620,Redirect to Nearby Market
2025-01-13 23:00:00,C171,Apple,Kolkata,Pune,20,28,1023,1.8,44.0,190,Cloudy,11,7,Low,5246,3506,Continue Route
2025-01-14 00:00:00,C005,Avocado,Bengaluru,Bengaluru,41,81,1007,14.9,59.7,346,Rainy,32,1,High,93845,51549,Redirect to Nearby Market
2025-01-14 01:00:00,C167,Avocado,Chennai,Chennai,37,38,1003,15.3,112.4,170,Rainy,14,6,Medium,26271,14167,Monitor Shipment
2025-01-14 02:00:00,C289,Apple,Kolkata,Pune,42,45,1020,19.5,8.8,213,Rainy,35,1,High,52166,67985,Redirect to Nearby Market
2025-01-14 03:00:00,C208,Apple,Kolkata,Delhi,23,42,989,21.5,53.2,335,Fog,31,1,High,136910,66069,Redirect to Nearby Market
2025-01-14 04:00:00,C106,Apple,Jaipur,Hyderabad,33,58,1010,16.4,53.5,102,Cloudy,17,5,Medium,34822,18199,Monitor Shipment
2025-01-14 05:00:00,C278,Orange,Delhi,Pune,29,46,1003,20.1,23.4,220,Fog,7,8,Low,14496,3446,Continue Route
2025-01-14 06:00:00,C057,Orange,Jaipur,Mumbai,20,40,1022,22.4,86.2,93,Fog,8,8,Low,9304,2028,Continue Route
2025-01-14 07:00:00,C143,Mango,Mumbai,Pune,38,63,985,14.2,104.7,61,Sunny,11,7,Low,9960,2305,Continue Route
2025-01-14 08:00:00,C252,Mango,Hyderabad,Mumbai,29,45,1030,18.2,42.8,104,Cloudy,24,2,High,147064,41643,Redirect to Nearby Market
2025-01-14 09:00:00,C285,Orange,Pune,Delhi,41,26,1029,16.2,2.6,66,Clear,35,1,High,130567,29205,Redirect to Nearby Market
2025-01-14 10:00:00,C284,Orange,Hyderabad,Chennai,29,35,990,15.5,14.7,254,Rainy,33,1,High,136480,28517,Redirect to Nearby Market
2025-01-14 11:00:00,C259,Banana,Bengaluru,Bengaluru,41,83,980,8.6,116.6,82,Rainy,7,8,Low,12430,2113,Continue Route
2025-01-14 12:00:00,C176,Apple,Delhi,Bengaluru,28,38,1035,12.3,54.9,66,Fog,18,4,Medium,30052,6962,Monitor Shipment
2025-01-14 13:00:00,C244,Avocado,Pune,Bengaluru,26,55,1022,4.9,34.3,222,Fog,10,7,Low,6826,1666,Continue Route
2025-01-14 14:00:00,C133,Orange,Lucknow,Pune,41,82,1021,19.3,92.1,296,Cloudy,6,8,Low,7526,3283,Continue Route
2025-01-14 15:00:00,C268,Banana,Kolkata,Chennai,18,62,980,21.2,90.0,223,Sunny,9,7,Low,5152,1686,Continue Route
2025-01-14 16:00:00,C205,Banana,Ahmedabad,Delhi,40,42,998,14.0,71.2,325,Fog,23,3,High,139211,28997,Redirect to Nearby Market
2025-01-14 17:00:00,C282,Avocado,Ahmedabad,Delhi,23,70,984,12.1,36.6,344,Rainy,34,1,High,77096,27906,Redirect to Nearby Market
2025-01-14 18:00:00,C117,Orange,Delhi,Chennai,28,36,995,7.4,105.1,161,Storm,19,4,Medium,27820,7837,Monitor Shipment
2025-01-14 19:00:00,C131,Orange,Kolkata,Chennai,19,88,1003,3.3,119.9,93,Rainy,13,6,Medium,20373,6222,Monitor Shipment
2025-01-14 20:00:00,C092,Orange,Pune,Mumbai,19,93,989,5.9,11.1,331,Rainy,23,3,High,100985,39883,Redirect to Nearby Market
2025-01-14 21:00:00,C141,Orange,Hyderabad,Bengaluru,23,50,1011,11.1,43.8,296,Clear,17,5,Medium,39104,13948,Monitor Shipment
2025-01-14 22:00:00,C111,Banana,Hyderabad,Hyderabad,31,58,1016,20.4,81.2,291,Storm,27,1,High,123447,51483,Redirect to Nearby Market
2025-01-14 23:00:00,C198,Banana,Hyderabad,Chennai,39,36,990,8.2,54.3,234,Sunny,34,1,High,107130,78307,Redirect to Nearby Market
2025-01-15 00:00:00,C253,Apple,Kolkata,Bengaluru,30,38,1016,12.1,28.6,160,Storm,26,2,High,81610,60250,Redirect to Nearby Market
2025-01-15 01:00:00,C137,Avocado,Hyderabad,Bengaluru,29,39,1001,10.9,116.9,275,Rainy,10,7,Low,6788,2883,Continue Route
2025-01-15 02:00:00,C083,Banana,Bengaluru,Hyderabad,23,90,1025,12.0,11.5,69,Fog,11,7,Low,10174,3912,Continue Route
2025-01-15 03:00:00,C089,Avocado,Jaipur,Mumbai,27,66,997,21.3,29.6,193,Storm,8,8,Low,14367,3395,Continue Route
2025-01-15 04:00:00,C211,Orange,Hyderabad,Bengaluru,42,51,1022,7.3,0.6,341,Clear,24,2,High,119302,54892,Redirect to Nearby Market
2025-01-15 05:00:00,C149,Mango,Ahmedabad,Pune,27,29,980,24.5,43.6,50,Sunny,27,1,High,139288,46118,Redirect to Nearby Market
2025-01-15 06:00:00,C131,Orange,Hyderabad,Delhi,33,41,985,11.1,42.5,284,Clear,25,2,High,134433,42601,Redirect to Nearby Market
2025-01-15 07:00:00,C047,Apple,Hyderabad,Hyderabad,24,73,1008,1.1,40.6,137,Storm,10,7,Low,6643,3278,Continue Route
2025-01-15 08:00:00,C100,Banana,Bengaluru,Delhi,19,64,999,7.3,55.1,160,Rainy,15,5,Medium,19152,12649,Monitor Shipment
2025-01-15 09:00:00,C238,Orange,Chennai,Hyderabad,18,80,986,19.0,14.5,224,Cloudy,20,4,Medium,33308,18479,Monitor Shipment
2025-01-15 10:00:00,C067,Avocado,Mumbai,Chennai,30,89,1012,8.5,35.5,37,Rainy,32,1,High,61051,74721,Redirect to Nearby Market
2025-01-15 11:00:00,C095,Avocado,Chennai,Chennai,29,56,1023,11.5,75.3,278,Fog,18,4,Medium,20837,11311,Monitor Shipment
2025-01-15 12:00:00,C106,Apple,Hyderabad,Delhi,35,52,1000,14.2,31.0,149,Cloudy,11,7,Low,13543,3015,Continue Route
2025-01-15 13:00:00,C210,Mango,Kolkata,Bengaluru,34,33,1009,3.2,102.7,341,Cloudy,9,7,Low,9011,4358,Continue Route
2025-01-15 14:00:00,C236,Banana,Hyderabad,Bengaluru,37,78,1033,13.6,62.8,173,Cloudy,12,6,Medium,46814,19416,Monitor Shipment
2025-01-15 15:00:00,C225,Apple,Kolkata,Delhi,23,83,1025,6.3,82.1,328,Rainy,15,5,Medium,48796,6314,Monitor Shipment
2025-01-15 16:00:00,C153,Banana,Chennai,Hyderabad,42,83,1025,20.9,93.2,38,Fog,23,3,High,63468,48445,Redirect to Nearby Market
2025-01-15 17:00:00,C109,Avocado,Mumbai,Mumbai,28,95,1021,4.0,44.5,88,Fog,19,4,Medium,24625,19013,Monitor Shipment
2025-01-15 18:00:00,C267,Banana,Lucknow,Mumbai,34,94,1006,10.0,86.9,286,Cloudy,23,3,High,102809,34783,Redirect to Nearby Market
2025-01-15 19:00:00,C151,Apple,Pune,Pune,36,63,1026,16.9,69.4,82,Cloudy,34,1,High,110371,46407,Redirect to Nearby Market
2025-01-15 20:00:00,C130,Apple,Hyderabad,Chennai,41,75,1015,8.3,42.5,313,Sunny,19,4,Medium,26279,18135,Monitor Shipment
2025-01-15 21:00:00,C217,Avocado,Jaipur,Pune,40,78,987,8.9,91.1,296,Fog,24,2,High,60994,31401,Redirect to Nearby Market
2025-01-15 22:00:00,C102,Orange,Bengaluru,Mumbai,28,76,1001,2.4,87.1,304,Cloudy,34,1,High,57513,21945,Redirect to Nearby Market
2025-01-15 23:00:00,C292,Apple,Chennai,Mumbai,35,46,1013,23.9,115.2,157,Storm,22,3,High,149359,40579,Redirect to Nearby Market
2025-01-16 00:00:00,C044,Avocado,Kolkata,Pune,19,58,998,24.4,62.2,209,Clear,17,5,Medium,40434,13043,Monitor Shipment
2025-01-16 01:00:00,C072,Mango,Jaipur,Chennai,38,46,1011,21.7,112.9,316,Rainy,10,7,Low,14968,1537,Continue Route
2025-01-16 02:00:00,C235,Apple,Chennai,Mumbai,29,48,996,7.9,107.8,241,Fog,7,8,Low,5509,2476,Continue Route
2025-01-16 03:00:00,C249,Banana,Bengaluru,Mumbai,19,57,1005,24.6,83.8,219,Rainy,8,8,Low,12177,4268,Continue Route
2025-01-16 04:00:00,C205,Apple,Lucknow,Pune,25,73,990,22.0,87.5,309,Rainy,28,1,High,126665,33356,Redirect to Nearby Market
2025-01-16 05:00:00,C126,Banana,Kolkata,Pune,25,73,1016,7.4,53.0,329,Sunny,30,1,High,126033,34108,Redirect to Nearby Market
2025-01-16 06:00:00,C282,Avocado,Bengaluru,Chennai,29,86,1023,6.3,30.3,276,Sunny,30,1,High,123227,44921,Redirect to Nearby Market
2025-01-16 07:00:00,C221,Banana,Mumbai,Chennai,33,94,1017,21.4,95.0,282,Clear,12,6,Medium,40927,10645,Monitor Shipment
2025-01-16 08:00:00,C297,Orange,Ahmedabad,Delhi,30,44,990,12.7,85.8,47,Clear,21,3,High,106866,44296,Redirect to Nearby Market
2025-01-16 09:00:00,C260,Orange,Mumbai,Chennai,22,64,1011,2.4,116.6,75,Rainy,30,1,High,131429,27913,Redirect to Nearby Market
2025-01-16 10:00:00,C239,Avocado,Mumbai,Chennai,25,61,1021,4.7,68.4,179,Storm,16,5,Medium,19330,5364,Monitor Shipment
2025-01-16 11:00:00,C205,Orange,Ahmedabad,Bengaluru,31,30,992,14.7,79.6,235,Cloudy,33,1,High,77334,69538,Redirect to Nearby Market
2025-01-16 12:00:00,C244,Apple,Ahmedabad,Delhi,35,92,1032,3.2,85.4,331,Clear,23,3,High,105819,62425,Redirect to Nearby Market
2025-01-16 13:00:00,C265,Mango,Pune,Delhi,41,63,1018,10.0,59.6,259,Sunny,25,2,High,122847,30567,Redirect to Nearby Market
2025-01-16 14:00:00,C095,Banana,Pune,Hyderabad,35,82,982,14.7,24.3,330,Storm,21,3,High,98241,38638,Redirect to Nearby Market
2025-01-16 15:00:00,C003,Avocado,Ahmedabad,Chennai,42,95,981,24.8,36.0,222,Fog,16,5,Medium,41363,10614,Monitor Shipment
2025-01-16 16:00:00,C127,Orange,Jaipur,Bengaluru,37,53,995,10.2,20.2,278,Fog,13,6,Medium,37936,7158,Monitor Shipment
2025-01-16 17:00:00,C016,Orange,Chennai,Chennai,20,71,1005,3.8,77.3,215,Rainy,32,1,High,135329,22077,Redirect to Nearby Market
2025-01-16 18:00:00,C107,Avocado,Pune,Mumbai,21,25,1018,9.7,83.1,328,Cloudy,14,6,Medium,19701,15893,Monitor Shipment
2025-01-16 19:00:00,C273,Apple,Lucknow,Hyderabad,39,77,1017,5.2,82.8,75,Sunny,30,1,High,109066,64896,Redirect to Nearby Market
2025-01-16 20:00:00,C262,Apple,Bengaluru,Chennai,27,53,1019,3.7,68.3,328,Cloudy,11,7,Low,5863,3388,Continue Route
2025-01-16 21:00:00,C030,Orange,Pune,Chennai,20,89,985,14.1,63.8,279,Sunny,18,4,Medium,36511,6126,Monitor Shipment
2025-01-16 22:00:00,C111,Avocado,Chennai,Hyderabad,31,48,981,24.4,84.5,195,Rainy,29,1,High,139777,59289,Redirect to Nearby Market
2025-01-16 23:00:00,C148,Avocado,Chennai,Chennai,36,91,1001,19.9,86.6,235,Cloudy,5,9,Low,12034,1675,Continue Route
2025-01-17 00:00:00,C073,Orange,Kolkata,Chennai,29,86,980,9.0,117.6,37,Clear,8,8,Low,5614,4846,Continue Route
2025-01-17 01:00:00,C114,Apple,Ahmedabad,Hyderabad,26,82,995,13.9,19.3,54,Cloudy,35,1,High,112622,44572,Redirect to Nearby Market
2025-01-17 02:00:00,C140,Apple,Chennai,Pune,37,37,1030,13.9,85.3,101,Rainy,35,1,High,66908,60463,Redirect to Nearby Market
2025-01-17 03:00:00,C214,Avocado,Hyderabad,Bengaluru,18,37,1012,14.0,92.2,342,Storm,13,6,Medium,16889,6414,Monitor Shipment
2025-01-17 04:00:00,C070,Mango,Kolkata,Mumbai,20,59,1030,17.1,100.8,153,Clear,33,1,High,87962,74460,Redirect to Nearby Market
2025-01-17 05:00:00,C086,Avocado,Bengaluru,Bengaluru,30,86,1025,22.5,60.7,57,Sunny,11,7,Low,8434,4525,Continue Route
2025-01-17 06:00:00,C163,Apple,Delhi,Delhi,24,48,1010,11.9,81.4,146,Sunny,34,1,High,79637,46607,Redirect to Nearby Market
2025-01-17 07:00:00,C196,Mango,Bengaluru,Mumbai,30,30,1002,14.5,109.9,241,Clear,12,6,Medium,22239,19473,Monitor Shipment
2025-01-17 08:00:00,C296,Banana,Mumbai,Hyderabad,38,69,984,7.8,21.7,283,Rainy,8,8,Low,7084,1929,Continue Route
2025-01-17 09:00:00,C062,Mango,Pune,Mumbai,25,36,991,11.0,27.2,276,Sunny,19,4,Medium,18951,14493,Monitor Shipment
2025-01-17 10:00:00,C067,Banana,Hyderabad,Bengaluru,35,64,983,2.8,59.1,231,Sunny,27,1,High,121725,27941,Redirect to Nearby Market
2025-01-17 11:00:00,C139,Banana,Kolkata,Mumbai,21,36,1013,14.6,35.3,278,Cloudy,12,6,Medium,44298,16481,Monitor Shipment
2025-01-17 12:00:00,C229,Avocado,Ahmedabad,Delhi,18,44,1035,11.0,25.3,276,Fog,25,2,High,93829,47523,Redirect to Nearby Market
2025-01-17 13:00:00,C034,Orange,Delhi,Mumbai,20,43,991,20.0,87.7,335,Rainy,27,1,High,64180,27975,Redirect to Nearby Market
2025-01-17 14:00:00,C205,Orange,Delhi,Mumbai,24,61,1030,12.7,90.3,31,Fog,29,1,High,64224,60805,Redirect to Nearby Market
2025-01-17 15:00:00,C122,Mango,Hyderabad,Mumbai,31,82,1004,10.9,113.2,232,Sunny,24,2,High,90997,41314,Redirect to Nearby Market
2025-01-17 16:00:00,C092,Banana,Delhi,Mumbai,26,45,992,13.1,21.1,270,Rainy,33,1,High,108504,29865,Redirect to Nearby Market
2025-01-17 17:00:00,C124,Mango,Pune,Delhi,40,49,1018,8.0,90.6,118,Cloudy,27,1,High,111254,64900,Redirect to Nearby Market
2025-01-17 18:00:00,C244,Banana,Chennai,Hyderabad,27,48,986,5.0,68.0,140,Cloudy,15,5,Medium,35031,5899,Monitor Shipment
2025-01-17 19:00:00,C143,Orange,Delhi,Mumbai,42,77,1011,5.2,39.5,97,Storm,27,1,High,65183,30942,Redirect to Nearby Market
2025-01-17 20:00:00,C190,Mango,Pune,Bengaluru,21,70,986,24.5,38.3,137,Clear,18,4,Medium,37281,15454,Monitor Shipment
2025-01-17 21:00:00,C096,Avocado,Lucknow,Mumbai,30,64,1009,24.0,18.4,141,Sunny,23,3,High,63595,67080,Redirect to Nearby Market
2025-01-17 22:00:00,C188,Banana,Pune,Delhi,19,60,1025,23.1,0.8,121,Fog,28,1,High,115241,46594,Redirect to Nearby Market
2025-01-17 23:00:00,C255,Orange,Bengaluru,Bengaluru,37,94,1017,8.1,74.7,204,Cloudy,12,6,Medium,23881,9580,Monitor Shipment
2025-01-18 00:00:00,C144,Mango,Bengaluru,Mumbai,18,94,1012,16.7,50.3,233,Clear,15,5,Medium,43361,15148,Monitor Shipment
2025-01-18 01:00:00,C251,Banana,Pune,Chennai,36,94,998,6.6,13.2,55,Cloudy,21,3,High,126049,24232,Redirect to Nearby Market
2025-01-18 02:00:00,C034,Avocado,Jaipur,Pune,20,62,982,4.5,26.1,294,Sunny,17,5,Medium,26714,11516,Monitor Shipment
2025-01-18 03:00:00,C087,Banana,Pune,Chennai,29,37,1000,14.2,114.3,320,Clear,20,4,Medium,42306,10047,Monitor Shipment
2025-01-18 04:00:00,C019,Orange,Chennai,Pune,18,87,1000,8.9,61.4,173,Storm,12,6,Medium,49388,13987,Monitor Shipment
2025-01-18 05:00:00,C128,Orange,Ahmedabad,Mumbai,22,27,1029,24.7,74.2,244,Rainy,12,6,Medium,49818,13383,Monitor Shipment
2025-01-18 06:00:00,C150,Apple,Jaipur,Pune,21,53,1007,19.7,114.5,271,Cloudy,26,2,High,142667,77204,Redirect to Nearby Market
2025-01-18 07:00:00,C151,Orange,Lucknow,Bengaluru,28,53,996,17.7,96.1,91,Storm,23,3,High,129349,41540,Redirect to Nearby Market
2025-01-18 08:00:00,C208,Apple,Delhi,Bengaluru,27,79,1018,13.8,119.1,278,Clear,22,3,High,57208,65011,Redirect to Nearby Market
2025-01-18 09:00:00,C195,Orange,Pune,Hyderabad,32,72,987,15.4,36.2,259,Sunny,18,4,Medium,46133,15549,Monitor Shipment
2025-01-18 10:00:00,C290,Orange,Hyderabad,Delhi,21,27,983,13.8,33.4,284,Storm,29,1,High,130737,29207,Redirect to Nearby Market
2025-01-18 11:00:00,C194,Orange,Hyderabad,Chennai,39,63,997,23.0,60.1,159,Cloudy,22,3,High,59927,66465,Redirect to Nearby Market
2025-01-18 12:00:00,C120,Banana,Hyderabad,Pune,19,32,994,12.7,83.5,78,Clear,9,7,Low,9803,4179,Continue Route
2025-01-18 13:00:00,C053,Avocado,Ahmedabad,Chennai,28,67,1008,11.2,90.1,285,Storm,34,1,High,90481,21358,Redirect to Nearby Market
2025-01-18 14:00:00,C226,Banana,Bengaluru,Pune,31,48,1025,24.4,66.3,60,Clear,11,7,Low,14600,1051,Continue Route
2025-01-18 15:00:00,C249,Banana,Jaipur,Bengaluru,25,25,1018,3.4,118.7,75,Fog,5,9,Low,10987,1862,Continue Route
2025-01-18 16:00:00,C146,Apple,Bengaluru,Pune,18,28,985,20.9,59.6,232,Clear,23,3,High,106732,76601,Redirect to Nearby Market
2025-01-18 17:00:00,C204,Apple,Ahmedabad,Chennai,36,58,1001,6.6,95.3,110,Fog,27,1,High,116646,71361,Redirect to Nearby Market
2025-01-18 18:00:00,C018,Banana,Bengaluru,Delhi,28,92,1007,18.9,82.4,236,Sunny,19,4,Medium,26688,11163,Monitor Shipment
2025-01-18 19:00:00,C255,Banana,Lucknow,Pune,36,59,994,14.2,93.2,55,Rainy,18,4,Medium,33841,19499,Monitor Shipment
2025-01-18 20:00:00,C178,Orange,Kolkata,Pune,31,51,1004,17.5,47.8,87,Storm,9,7,Low,6279,4158,Continue Route
2025-01-18 21:00:00,C050,Orange,Ahmedabad,Mumbai,26,69,1029,14.1,65.2,245,Storm,23,3,High,140962,21771,Redirect to Nearby Market
2025-01-18 22:00:00,C071,Orange,Delhi,Bengaluru,19,91,1006,17.3,58.5,304,Fog,23,3,High,71523,56423,Redirect to Nearby Market
2025-01-18 23:00:00,C098,Orange,Kolkata,Chennai,34,51,1000,13.5,23.4,316,Fog,25,2,High,72842,46241,Redirect to Nearby Market
2025-01-19 00:00:00,C139,Avocado,Jaipur,Pune,34,68,1019,10.0,31.9,347,Sunny,20,4,Medium,46589,8053,Monitor Shipment
2025-01-19 01:00:00,C020,Orange,Hyderabad,Delhi,40,42,983,17.6,26.5,177,Clear,29,1,High,138768,57738,Redirect to Nearby Market
2025-01-19 02:00:00,C049,Banana,Hyderabad,Chennai,38,47,984,5.0,104.0,158,Cloudy,27,1,High,142616,65287,Redirect to Nearby Market
2025-01-19 03:00:00,C036,Mango,Hyderabad,Mumbai,18,57,1008,10.4,115.7,274,Storm,22,3,High,120495,36289,Redirect to Nearby Market
2025-01-19 04:00:00,C020,Orange,Ahmedabad,Delhi,25,56,1022,7.8,73.0,182,Fog,12,6,Medium,39979,12886,Monitor Shipment
2025-01-19 05:00:00,C269,Mango,Kolkata,Hyderabad,25,45,981,6.8,116.3,59,Rainy,21,3,High,60675,73385,Redirect to Nearby Market
2025-01-19 06:00:00,C086,Avocado,Delhi,Chennai,19,28,997,19.7,29.0,241,Fog,6,8,Low,11912,4280,Continue Route
2025-01-19 07:00:00,C109,Mango,Jaipur,Mumbai,41,45,996,14.9,22.8,136,Clear,10,7,Low,12197,4356,Continue Route
2025-01-19 08:00:00,C136,Avocado,Ahmedabad,Pune,40,70,1001,24.8,68.3,231,Storm,21,3,High,53946,50027,Redirect to Nearby Market
2025-01-19 09:00:00,C287,Banana,Chennai,Delhi,26,36,1028,24.1,101.3,239,Sunny,7,8,Low,9637,1691,Continue Route
2025-01-19 10:00:00,C280,Orange,Chennai,Delhi,30,78,1019,12.9,10.4,325,Sunny,27,1,High,125738,58331,Redirect to Nearby Market
2025-01-19 11:00:00,C057,Avocado,Delhi,Chennai,20,73,980,4.6,22.3,149,Sunny,31,1,High,117190,31037,Redirect to Nearby Market
2025-01-19 12:00:00,C082,Mango,Jaipur,Chennai,35,89,1019,20.3,119.8,251,Rainy,15,5,Medium,17054,11777,Monitor Shipment
2025-01-19 13:00:00,C148,Avocado,Ahmedabad,Hyderabad,37,47,1024,14.0,68.4,53,Cloudy,34,1,High,88611,31566,Redirect to Nearby Market
2025-01-19 14:00:00,C207,Orange,Mumbai,Chennai,37,60,986,0.9,92.2,91,Fog,17,5,Medium,31559,8964,Monitor Shipment
2025-01-19 15:00:00,C224,Banana,Bengaluru,Delhi,22,63,1008,17.7,105.0,233,Fog,26,2,High,120115,79108,Redirect to Nearby Market
2025-01-19 16:00:00,C190,Avocado,Kolkata,Mumbai,38,53,1026,12.2,101.1,267,Clear,8,8,Low,9253,2986,Continue Route
2025-01-19 17:00:00,C174,Apple,Ahmedabad,Bengaluru,19,85,1008,17.3,48.9,153,Rainy,31,1,High,112921,43091,Redirect to Nearby Market
2025-01-19 18:00:00,C248,Banana,Ahmedabad,Pune,20,86,1007,16.7,3.6,254,Rainy,22,3,High,98711,40541,Redirect to Nearby Market
2025-01-19 19:00:00,C099,Apple,Mumbai,Mumbai,26,67,1034,13.4,83.8,208,Cloudy,25,2,High,88648,32740,Redirect to Nearby Market
2025-01-19 20:00:00,C281,Orange,Pune,Chennai,29,74,1031,1.2,36.0,345,Sunny,6,8,Low,13114,3628,Continue Route
2025-01-19 21:00:00,C259,Orange,Mumbai,Pune,21,43,1031,19.0,73.3,276,Fog,8,8,Low,6511,4948,Continue Route
2025-01-19 22:00:00,C001,Avocado,Chennai,Pune,41,76,998,12.8,67.1,257,Sunny,21,3,High,58714,79702,Redirect to Nearby Market
2025-01-19 23:00:00,C294,Apple,Pune,Chennai,39,55,1028,6.7,40.9,143,Rainy,6,8,Low,7732,1730,Continue Route
2025-01-20 00:00:00,C284,Apple,Pune,Bengaluru,28,39,1029,22.8,17.0,302,Clear,35,1,High,117515,43916,Redirect to Nearby Market
2025-01-20 01:00:00,C278,Mango,Ahmedabad,Delhi,24,63,1021,5.2,27.6,138,Cloudy,7,8,Low,14103,1440,Continue Route
2025-01-20 02:00:00,C253,Apple,Mumbai,Mumbai,27,74,991,6.7,78.0,279,Clear,35,1,High,113408,76824,Redirect to Nearby Market
2025-01-20 03:00:00,C230,Mango,Chennai,Mumbai,40,25,1003,6.8,110.5,96,Cloudy,28,1,High,99672,49073,Redirect to Nearby Market
2025-01-20 04:00:00,C148,Avocado,Mumbai,Bengaluru,20,93,1003,9.8,5.3,322,Storm,25,2,High,75278,54478,Redirect to Nearby Market
2025-01-20 05:00:00,C004,Avocado,Pune,Delhi,33,53,1030,13.4,104.6,81,Rainy,28,1,High,62153,45803,Redirect to Nearby Market
2025-01-20 06:00:00,C038,Avocado,Bengaluru,Hyderabad,28,61,994,16.4,86.7,125,Cloudy,11,7,Low,8235,2272,Continue Route
2025-01-20 07:00:00,C230,Apple,Ahmedabad,Mumbai,38,63,1027,13.5,95.0,292,Cloudy,8,8,Low,6554,3559,Continue Route
2025-01-20 08:00:00,C062,Banana,Ahmedabad,Delhi,34,57,998,1.0,2.5,288,Clear,24,2,High,117175,26841,Redirect to Nearby Market
2025-01-20 09:00:00,C078,Apple,Kolkata,Hyderabad,42,31,1001,4.3,39.9,80,Cloudy,30,1,High,118890,61231,Redirect to Nearby Market
2025-01-20 10:00:00,C154,Mango,Hyderabad,Bengaluru,21,33,1027,0.6,53.9,38,Sunny,15,5,Medium,15874,7893,Monitor Shipment
2025-01-20 11:00:00,C119,Avocado,Kolkata,Bengaluru,27,54,1027,17.9,106.7,153,Cloudy,35,1,High,110783,71598,Redirect to Nearby Market
2025-01-20 12:00:00,C035,Orange,Ahmedabad,Pune,36,55,1007,5.3,114.2,264,Fog,15,5,Medium,43999,8975,Monitor Shipment
2025-01-20 13:00:00,C264,Banana,Hyderabad,Pune,21,66,988,1.8,42.1,137,Cloudy,32,1,High,105607,22553,Redirect to Nearby Market
2025-01-20 14:00:00,C015,Apple,Lucknow,Hyderabad,19,57,1014,1.8,13.2,331,Rainy,13,6,Medium,24375,18497,Monitor Shipment
2025-01-20 15:00:00,C044,Orange,Bengaluru,Delhi,20,62,1019,18.2,1.3,58,Cloudy,30,1,High,145254,68349,Redirect to Nearby Market
2025-01-20 16:00:00,C154,Mango,Chennai,Hyderabad,37,71,999,8.0,77.3,239,Cloudy,18,4,Medium,42037,16318,Monitor Shipment
2025-01-20 17:00:00,C257,Orange,Pune,Pune,37,38,1029,9.2,92.1,149,Rainy,15,5,Medium,45537,12021,Monitor Shipment
2025-01-20 18:00:00,C201,Banana,Chennai,Bengaluru,35,48,980,13.4,42.3,273,Cloudy,30,1,High,72208,61853,Redirect to Nearby Market
2025-01-20 19:00:00,C189,Orange,Ahmedabad,Bengaluru,39,78,1010,10.5,23.4,271,Sunny,12,6,Medium,45733,19940,Monitor Shipment
2025-01-20 20:00:00,C108,Banana,Bengaluru,Chennai,36,45,986,14.9,43.4,153,Storm,30,1,High,95557,70624,Redirect to Nearby Market
2025-01-20 21:00:00,C084,Banana,Hyderabad,Bengaluru,25,79,1034,7.3,37.8,207,Fog,24,2,High,94104,42946,Redirect to Nearby Market
2025-01-20 22:00:00,C280,Apple,Ahmedabad,Hyderabad,28,33,997,21.0,50.0,265,Sunny,10,7,Low,11271,1886,Continue Route
2025-01-20 23:00:00,C086,Avocado,Delhi,Mumbai,38,48,1030,16.9,78.5,34,Clear,29,1,High,145243,74848,Redirect to Nearby Market
2025-01-21 00:00:00,C128,Mango,Bengaluru,Hyderabad,26,39,980,4.3,34.3,334,Cloudy,12,6,Medium,31260,16434,Monitor Shipment
2025-01-21 01:00:00,C133,Mango,Bengaluru,Pune,18,47,1017,18.5,55.2,71,Sunny,23,3,High,100457,79086,Redirect to Nearby Market
2025-01-21 02:00:00,C196,Orange,Bengaluru,Delhi,33,32,1035,10.1,97.4,203,Sunny,13,6,Medium,27139,7444,Monitor Shipment
2025-01-21 03:00:00,C042,Avocado,Kolkata,Pune,40,37,1014,2.6,67.1,306,Fog,17,5,Medium,23196,12570,Monitor Shipment
2025-01-21 04:00:00,C173,Apple,Bengaluru,Pune,36,84,1006,11.3,75.7,100,Sunny,5,9,Low,12658,1387,Continue Route
2025-01-21 05:00:00,C049,Mango,Bengaluru,Pune,31,46,1029,5.4,38.1,311,Clear,30,1,High,68801,21562,Redirect to Nearby Market
2025-01-21 06:00:00,C114,Mango,Mumbai,Pune,22,81,1025,18.5,19.7,71,Fog,35,1,High,138679,24007,Redirect to Nearby Market
2025-01-21 07:00:00,C216,Apple,Delhi,Bengaluru,20,60,993,20.4,13.5,197,Clear,23,3,High,70537,57666,Redirect to Nearby Market
2025-01-21 08:00:00,C132,Apple,Kolkata,Chennai,31,68,1035,7.6,94.9,214,Rainy,12,6,Medium,41083,8153,Monitor Shipment
2025-01-21 09:00:00,C008,Mango,Pune,Pune,26,47,1018,9.8,98.1,207,Cloudy,25,2,High,148050,52494,Redirect to Nearby Market
2025-01-21 10:00:00,C156,Apple,Delhi,Bengaluru,36,26,1007,23.3,98.9,198,Storm,33,1,High,65066,77342,Redirect to Nearby Market
2025-01-21 11:00:00,C126,Avocado,Ahmedabad,Mumbai,31,25,1030,7.4,15.4,330,Clear,10,7,Low,6006,2586,Continue Route
2025-01-21 12:00:00,C080,Mango,Bengaluru,Pune,21,81,1017,23.9,111.9,296,Fog,28,1,High,141054,30835,Redirect to Nearby Market
2025-01-21 13:00:00,C219,Avocado,Jaipur,Hyderabad,19,86,1006,24.2,115.0,189,Storm,35,1,High,84428,22698,Redirect to Nearby Market
2025-01-21 14:00:00,C228,Mango,Kolkata,Mumbai,24,95,996,0.8,50.0,287,Clear,28,1,High,120379,60145,Redirect to Nearby Market
2025-01-21 15:00:00,C071,Banana,Lucknow,Chennai,29,83,1023,6.1,119.3,206,Sunny,5,9,Low,5370,2540,Continue Route
2025-01-21 16:00:00,C021,Apple,Chennai,Bengaluru,40,80,982,15.8,76.6,136,Sunny,27,1,High,75741,54030,Redirect to Nearby Market
2025-01-21 17:00:00,C019,Apple,Jaipur,Pune,20,34,992,10.4,74.5,65,Rainy,16,5,Medium,46936,14857,Monitor Shipment
2025-01-21 18:00:00,C295,Banana,Mumbai,Mumbai,35,85,987,2.1,80.4,343,Cloudy,14,6,Medium,35148,14462,Monitor Shipment
2025-01-21 19:00:00,C145,Avocado,Kolkata,Mumbai,40,36,1030,15.3,72.4,202,Clear,31,1,High,105860,35898,Redirect to Nearby Market
2025-01-21 20:00:00,C268,Orange,Chennai,Delhi,20,84,1004,5.6,92.5,229,Clear,32,1,High,56730,51710,Redirect to Nearby Market
2025-01-21 21:00:00,C021,Apple,Pune,Hyderabad,30,86,991,23.5,61.3,246,Cloudy,16,5,Medium,20155,13279,Monitor Shipment
2025-01-21 22:00:00,C289,Orange,Delhi,Chennai,33,47,1005,4.0,39.4,289,Cloudy,16,5,Medium,36782,15135,Monitor Shipment
2025-01-21 23:00:00,C071,Orange,Mumbai,Delhi,20,76,1009,17.7,100.6,334,Storm,25,2,High,74411,52918,Redirect to Nearby Market
2025-01-22 00:00:00,C199,Orange,Jaipur,Hyderabad,18,86,982,14.8,14.5,91,Sunny,24,2,High,142747,50319,Redirect to Nearby Market
2025-01-22 01:00:00,C164,Apple,Mumbai,Delhi,33,27,1014,6.5,109.3,228,Clear,22,3,High,52783,32491,Redirect to Nearby Market
2025-01-22 02:00:00,C195,Apple,Chennai,Chennai,41,29,1001,10.9,22.9,188,Fog,24,2,High,128788,68494,Redirect to Nearby Market
2025-01-22 03:00:00,C150,Banana,Jaipur,Pune,20,83,1000,21.8,72.5,199,Rainy,33,1,High,81982,56901,Redirect to Nearby Market
2025-01-22 04:00:00,C296,Apple,Jaipur,Delhi,42,77,989,14.7,60.9,42,Rainy,33,1,High,103304,62642,Redirect to Nearby Market
2025-01-22 05:00:00,C203,Apple,Chennai,Hyderabad,39,89,1033,22.5,107.8,39,Sunny,12,6,Medium,15238,6408,Monitor Shipment
2025-01-22 06:00:00,C297,Orange,Lucknow,Bengaluru,30,53,992,14.3,38.4,77,Storm,32,1,High,74795,72366,Redirect to Nearby Market
2025-01-22 07:00:00,C184,Mango,Hyderabad,Hyderabad,29,26,1025,13.3,51.2,251,Storm,14,6,Medium,24046,16864,Monitor Shipment
2025-01-22 08:00:00,C277,Orange,Lucknow,Chennai,19,81,1025,14.1,85.2,91,Storm,22,3,High,113926,50504,Redirect to Nearby Market
2025-01-22 09:00:00,C108,Avocado,Ahmedabad,Chennai,40,67,981,12.5,71.8,256,Storm,28,1,High,51127,69036,Redirect to Nearby Market
2025-01-22 10:00:00,C048,Apple,Pune,Hyderabad,28,58,1005,13.9,1.0,327,Sunny,25,2,High,130561,20121,Redirect to Nearby Market
2025-01-22 11:00:00,C068,Avocado,Lucknow,Bengaluru,40,70,999,14.9,28.0,64,Cloudy,30,1,High,100769,74251,Redirect to Nearby Market
2025-01-22 12:00:00,C249,Mango,Delhi,Hyderabad,20,69,984,1.2,92.4,260,Rainy,31,1,High,118190,73467,Redirect to Nearby Market
2025-01-22 13:00:00,C123,Banana,Kolkata,Bengaluru,19,83,1024,24.2,118.7,74,Fog,29,1,High,123830,33094,Redirect to Nearby Market
2025-01-22 14:00:00,C003,Banana,Bengaluru,Bengaluru,30,61,982,24.8,102.7,197,Rainy,28,1,High,108495,33593,Redirect to Nearby Market
2025-01-22 15:00:00,C067,Apple,Ahmedabad,Chennai,35,48,1035,7.5,8.8,183,Fog,19,4,Medium,33722,7334,Monitor Shipment
2025-01-22 16:00:00,C136,Orange,Kolkata,Chennai,21,76,1010,6.2,117.3,311,Cloudy,27,1,High,65917,76584,Redirect to Nearby Market
2025-01-22 17:00:00,C283,Banana,Delhi,Delhi,18,51,1028,1.1,15.4,61,Fog,20,4,Medium,48731,14066,Monitor Shipment
2025-01-22 18:00:00,C273,Avocado,Delhi,Hyderabad,29,68,999,12.4,99.2,36,Clear,17,5,Medium,22716,10939,Monitor Shipment
2025-01-22 19:00:00,C021,Avocado,Kolkata,Mumbai,29,37,1017,18.6,20.5,282,Fog,10,7,Low,9448,1308,Continue Route
2025-01-22 20:00:00,C131,Banana,Ahmedabad,Bengaluru,30,42,994,23.4,104.1,303,Rainy,5,9,Low,10510,2429,Continue Route
2025-01-22 21:00:00,C062,Apple,Kolkata,Bengaluru,22,31,997,4.7,42.6,41,Storm,21,3,High,105430,41103,Redirect to Nearby Market
2025-01-22 22:00:00,C145,Mango,Kolkata,Bengaluru,34,49,1022,15.7,30.9,191,Cloudy,29,1,High,98073,78804,Redirect to Nearby Market
2025-01-22 23:00:00,C122,Banana,Lucknow,Delhi,35,83,982,9.9,53.1,272,Storm,12,6,Medium,28330,7375,Monitor Shipment
2025-01-23 00:00:00,C052,Mango,Bengaluru,Pune,40,74,1009,9.9,24.0,157,Clear,23,3,High,86727,57724,Redirect to Nearby Market
2025-01-23 01:00:00,C102,Orange,Kolkata,Chennai,36,84,1012,15.8,115.3,170,Rainy,8,8,Low,12138,3267,Continue Route
2025-01-23 02:00:00,C040,Apple,Hyderabad,Pune,22,36,999,14.0,77.5,271,Clear,23,3,High,95052,38413,Redirect to Nearby Market
2025-01-23 03:00:00,C152,Avocado,Bengaluru,Chennai,28,65,1006,8.8,18.8,335,Rainy,33,1,High,113996,78486,Redirect to Nearby Market
2025-01-23 04:00:00,C084,Orange,Bengaluru,Mumbai,29,48,1028,16.3,35.8,328,Cloudy,9,7,Low,6991,1987,Continue Route
2025-01-23 05:00:00,C094,Mango,Hyderabad,Hyderabad,32,84,994,3.4,15.3,241,Cloudy,23,3,High,72470,45938,Redirect to Nearby Market
2025-01-23 06:00:00,C013,Orange,Pune,Delhi,40,36,989,16.6,1.5,148,Fog,11,7,Low,12828,4506,Continue Route
2025-01-23 07:00:00,C072,Banana,Pune,Hyderabad,24,60,999,15.1,19.4,39,Storm,9,7,Low,12758,3263,Continue Route
2025-01-23 08:00:00,C169,Avocado,Mumbai,Pune,29,26,1019,6.9,2.9,50,Fog,9,7,Low,6717,2897,Continue Route
2025-01-23 09:00:00,C047,Orange,Hyderabad,Pune,33,45,985,17.9,31.8,97,Rainy,7,8,Low,11551,3420,Continue Route
2025-01-23 10:00:00,C025,Apple,Chennai,Hyderabad,24,55,1003,11.6,55.6,329,Cloudy,23,3,High,120461,43997,Redirect to Nearby Market
2025-01-23 11:00:00,C169,Avocado,Mumbai,Delhi,19,30,1019,18.6,110.8,143,Clear,8,8,Low,10986,4405,Continue Route
2025-01-23 12:00:00,C156,Banana,Delhi,Bengaluru,24,81,1008,23.2,62.0,110,Storm,20,4,Medium,40461,7115,Monitor Shipment
2025-01-23 13:00:00,C191,Apple,Delhi,Hyderabad,21,81,997,7.2,57.6,105,Rainy,24,2,High,112025,38053,Redirect to Nearby Market
2025-01-23 14:00:00,C154,Banana,Hyderabad,Delhi,18,81,999,19.9,91.6,137,Storm,26,2,High,111041,70446,Redirect to Nearby Market
2025-01-23 15:00:00,C124,Banana,Jaipur,Hyderabad,32,87,1016,6.8,1.8,261,Cloudy,9,7,Low,6441,3841,Continue Route
2025-01-23 16:00:00,C038,Apple,Kolkata,Bengaluru,32,84,1000,11.9,74.8,302,Rainy,18,4,Medium,49774,13805,Monitor Shipment
2025-01-23 17:00:00,C133,Orange,Ahmedabad,Chennai,27,32,1016,18.1,42.1,233,Storm,18,4,Medium,28038,13860,Monitor Shipment
2025-01-23 18:00:00,C280,Banana,Kolkata,Delhi,29,40,1009,18.6,32.4,281,Rainy,20,4,Medium,21915,19808,Monitor Shipment
2025-01-23 19:00:00,C226,Orange,Mumbai,Bengaluru,29,26,1007,22.1,75.5,167,Rainy,9,7,Low,10203,3152,Continue Route
2025-01-23 20:00:00,C138,Banana,Lucknow,Bengaluru,36,50,996,8.5,100.8,118,Cloudy,31,1,High,126285,56467,Redirect to Nearby Market
2025-01-23 21:00:00,C037,Avocado,Pune,Mumbai,26,58,1001,14.4,83.8,167,Cloudy,8,8,Low,11899,4615,Continue Route
2025-01-23 22:00:00,C270,Mango,Chennai,Delhi,24,33,981,17.7,85.3,93,Sunny,13,6,Medium,26010,17157,Monitor Shipment
2025-01-23 23:00:00,C022,Mango,Hyderabad,Delhi,22,89,980,13.2,85.7,273,Clear,28,1,High,136260,74242,Redirect to Nearby Market
2025-01-24 00:00:00,C277,Mango,Pune,Delhi,34,88,1029,2.6,88.0,283,Clear,30,1,High,57591,39416,Redirect to Nearby Market
2025-01-24 01:00:00,C118,Apple,Kolkata,Hyderabad,34,36,1008,3.1,48.7,322,Storm,12,6,Medium,44274,11786,Monitor Shipment
2025-01-24 02:00:00,C141,Avocado,Mumbai,Pune,21,44,999,1.7,117.9,174,Clear,19,4,Medium,48346,11520,Monitor Shipment
2025-01-24 03:00:00,C178,Apple,Ahmedabad,Pune,23,27,1018,7.2,7.7,66,Sunny,14,6,Medium,45859,14038,Monitor Shipment
2025-01-24 04:00:00,C296,Mango,Pune,Bengaluru,37,51,984,22.6,108.7,350,Cloudy,13,6,Medium,34112,15077,Monitor Shipment
2025-01-24 05:00:00,C011,Mango,Mumbai,Bengaluru,37,29,1004,19.1,6.8,208,Clear,5,9,Low,10706,2964,Continue Route
2025-01-24 06:00:00,C118,Avocado,Kolkata,Chennai,36,47,1019,21.6,39.4,33,Fog,18,4,Medium,15962,17051,Monitor Shipment
2025-01-24 07:00:00,C251,Apple,Bengaluru,Chennai,35,45,1028,22.7,33.8,276,Clear,9,7,Low,14569,3903,Continue Route
2025-01-24 08:00:00,C065,Mango,Pune,Hyderabad,37,79,1013,10.9,70.7,311,Fog,19,4,Medium,26072,11006,Monitor Shipment
2025-01-24 09:00:00,C221,Apple,Jaipur,Chennai,27,79,985,18.2,79.1,36,Fog,20,4,Medium,42842,16037,Monitor Shipment
2025-01-24 10:00:00,C174,Apple,Lucknow,Bengaluru,29,51,991,7.1,96.7,155,Storm,20,4,Medium,47883,8554,Monitor Shipment
2025-01-24 11:00:00,C012,Orange,Ahmedabad,Chennai,42,90,1023,6.9,80.2,314,Fog,34,1,High,140268,30394,Redirect to Nearby Market
2025-01-24 12:00:00,C241,Banana,Jaipur,Mumbai,36,76,987,18.5,86.2,115,Clear,14,6,Medium,45386,15419,Monitor Shipment
2025-01-24 13:00:00,C162,Banana,Kolkata,Pune,19,75,1029,23.0,27.7,240,Storm,25,2,High,144225,58490,Redirect to Nearby Market
2025-01-24 14:00:00,C076,Banana,Ahmedabad,Delhi,29,37,987,3.0,1.0,287,Cloudy,22,3,High,74958,66639,Redirect to Nearby Market
2025-01-24 15:00:00,C232,Avocado,Delhi,Chennai,36,50,1030,8.7,46.4,187,Rainy,34,1,High,63318,30809,Redirect to Nearby Market
2025-01-24 16:00:00,C203,Apple,Jaipur,Bengaluru,35,81,1027,3.3,83.2,159,Clear,9,7,Low,6534,2786,Continue Route
2025-01-24 17:00:00,C068,Mango,Kolkata,Mumbai,25,95,990,4.0,112.1,190,Cloudy,5,9,Low,13196,3290,Continue Route
2025-01-24 18:00:00,C188,Orange,Pune,Chennai,31,88,988,4.7,100.5,266,Rainy,34,1,High,67576,50785,Redirect to Nearby Market
2025-01-24 19:00:00,C031,Avocado,Chennai,Delhi,28,52,1014,17.3,30.4,281,Rainy,29,1,High,62123,77652,Redirect to Nearby Market
2025-01-24 20:00:00,C224,Mango,Delhi,Bengaluru,40,62,1020,8.0,96.4,192,Cloudy,31,1,High,116797,23632,Redirect to Nearby Market
2025-01-24 21:00:00,C285,Avocado,Jaipur,Pune,30,40,1013,4.1,29.3,239,Storm,11,7,Low,13274,3197,Continue Route
2025-01-24 22:00:00,C260,Orange,Hyderabad,Bengaluru,37,64,994,23.1,5.8,316,Fog,33,1,High,112434,28083,Redirect to Nearby Market
2025-01-24 23:00:00,C228,Banana,Lucknow,Mumbai,35,67,1023,7.0,65.2,114,Rainy,11,7,Low,12533,3284,Continue Route
2025-01-25 00:00:00,C244,Banana,Chennai,Chennai,22,70,1001,18.0,110.7,294,Clear,32,1,High,66529,32426,Redirect to Nearby Market
2025-01-25 01:00:00,C241,Mango,Lucknow,Bengaluru,30,77,983,3.3,28.9,166,Rainy,34,1,High,120585,32038,Redirect to Nearby Market
2025-01-25 02:00:00,C264,Apple,Delhi,Bengaluru,20,28,995,1.6,73.6,265,Fog,28,1,High,91581,37037,Redirect to Nearby Market
2025-01-25 03:00:00,C032,Banana,Delhi,Mumbai,31,92,1024,13.8,111.3,333,Clear,34,1,High,69693,45766,Redirect to Nearby Market
2025-01-25 04:00:00,C101,Apple,Mumbai,Hyderabad,37,56,994,15.5,94.4,51,Storm,11,7,Low,8964,1700,Continue Route
2025-01-25 05:00:00,C031,Orange,Mumbai,Bengaluru,29,30,985,5.4,25.7,229,Fog,11,7,Low,14239,4817,Continue Route
2025-01-25 06:00:00,C181,Avocado,Hyderabad,Mumbai,21,50,1034,10.9,3.9,178,Rainy,8,8,Low,10429,4190,Continue Route
2025-01-25 07:00:00,C265,Avocado,Jaipur,Mumbai,23,42,1022,8.2,114.9,199,Cloudy,13,6,Medium,39017,8175,Monitor Shipment
2025-01-25 08:00:00,C188,Orange,Lucknow,Bengaluru,20,80,1025,9.2,13.4,302,Cloudy,19,4,Medium,20176,9495,Monitor Shipment
2025-01-25 09:00:00,C020,Orange,Lucknow,Pune,29,46,1020,13.9,30.3,32,Cloudy,33,1,High,68454,39862,Redirect to Nearby Market
2025-01-25 10:00:00,C167,Avocado,Kolkata,Mumbai,33,93,1001,13.7,6.1,218,Sunny,19,4,Medium,41552,15198,Monitor Shipment
2025-01-25 11:00:00,C056,Apple,Bengaluru,Pune,42,83,1031,9.6,76.1,138,Sunny,34,1,High,139917,56237,Redirect to Nearby Market
2025-01-25 12:00:00,C172,Mango,Kolkata,Delhi,42,49,988,8.6,19.0,223,Fog,28,1,High,70601,55311,Redirect to Nearby Market
2025-01-25 13:00:00,C132,Orange,Lucknow,Hyderabad,31,60,1028,19.9,36.7,157,Rainy,15,5,Medium,41781,12083,Monitor Shipment
2025-01-25 14:00:00,C214,Banana,Jaipur,Pune,28,69,992,7.8,11.4,345,Storm,19,4,Medium,37009,10645,Monitor Shipment
2025-01-25 15:00:00,C241,Mango,Delhi,Hyderabad,33,29,985,7.9,14.0,243,Fog,24,2,High,80668,69372,Redirect to Nearby Market
2025-01-25 16:00:00,C029,Orange,Chennai,Pune,20,25,1031,12.3,94.6,316,Fog,12,6,Medium,22163,6505,Monitor Shipment
2025-01-25 17:00:00,C114,Banana,Pune,Hyderabad,37,55,996,14.6,43.2,325,Fog,6,8,Low,5397,1853,Continue Route
2025-01-25 18:00:00,C042,Avocado,Chennai,Delhi,40,47,991,22.1,17.5,106,Fog,5,9,Low,9427,2698,Continue Route
2025-01-25 19:00:00,C140,Avocado,Lucknow,Pune,39,40,987,11.9,104.9,75,Fog,28,1,High,94463,48938,Redirect to Nearby Market
2025-01-25 20:00:00,C003,Orange,Pune,Pune,24,88,1032,10.5,110.6,213,Sunny,6,8,Low,8714,2425,Continue Route
2025-01-25 21:00:00,C272,Apple,Pune,Pune,34,53,998,24.1,58.8,236,Cloudy,5,9,Low,10480,2663,Continue Route
2025-01-25 22:00:00,C231,Avocado,Kolkata,Bengaluru,40,60,1022,2.7,22.8,179,Clear,8,8,Low,8378,4509,Continue Route
2025-01-25 23:00:00,C016,Banana,Lucknow,Pune,22,54,1031,4.2,87.9,327,Sunny,21,3,High,139957,55779,Redirect to Nearby Market
2025-01-26 00:00:00,C181,Avocado,Delhi,Hyderabad,27,91,998,6.3,50.6,267,Rainy,7,8,Low,12968,3267,Continue Route
2025-01-26 01:00:00,C227,Avocado,Mumbai,Mumbai,27,26,994,16.6,94.1,33,Storm,20,4,Medium,15054,8391,Monitor Shipment
2025-01-26 02:00:00,C155,Avocado,Bengaluru,Mumbai,20,87,1027,15.0,38.7,254,Clear,16,5,Medium,17414,8959,Monitor Shipment
2025-01-26 03:00:00,C038,Apple,Jaipur,Hyderabad,34,68,997,14.6,68.5,335,Rainy,26,2,High,122178,23562,Redirect to Nearby Market
2025-01-26 04:00:00,C073,Mango,Lucknow,Hyderabad,33,54,1028,3.9,21.4,57,Clear,7,8,Low,7942,1101,Continue Route
2025-01-26 05:00:00,C112,Apple,Delhi,Delhi,33,55,1011,17.0,4.6,111,Sunny,9,7,Low,12277,4548,Continue Route
2025-01-26 06:00:00,C042,Avocado,Pune,Hyderabad,23,71,981,2.3,55.3,235,Sunny,10,7,Low,9283,1090,Continue Route
2025-01-26 07:00:00,C005,Mango,Lucknow,Mumbai,34,52,1004,19.8,51.4,311,Cloudy,8,8,Low,5875,3944,Continue Route
2025-01-26 08:00:00,C184,Avocado,Bengaluru,Chennai,21,84,1012,8.8,18.1,109,Rainy,6,8,Low,12379,1151,Continue Route
2025-01-26 09:00:00,C062,Avocado,Bengaluru,Pune,42,32,1031,15.8,80.7,126,Clear,16,5,Medium,35234,12378,Monitor Shipment
2025-01-26 10:00:00,C218,Avocado,Jaipur,Hyderabad,26,45,1034,12.2,86.1,323,Clear,7,8,Low,6725,4769,Continue Route
2025-01-26 11:00:00,C066,Apple,Ahmedabad,Delhi,34,67,1032,5.0,92.9,282,Sunny,30,1,High,62567,72829,Redirect to Nearby Market
2025-01-26 12:00:00,C009,Mango,Chennai,Delhi,39,87,997,19.6,77.8,121,Clear,14,6,Medium,30112,16841,Monitor Shipment
2025-01-26 13:00:00,C248,Mango,Ahmedabad,Bengaluru,38,69,1005,12.4,115.0,338,Clear,34,1,High,128996,54988,Redirect to Nearby Market
2025-01-26 14:00:00,C077,Apple,Lucknow,Chennai,33,83,996,24.9,113.2,282,Fog,5,9,Low,5043,4329,Continue Route
2025-01-26 15:00:00,C005,Mango,Pune,Chennai,28,67,988,18.9,99.3,254,Fog,30,1,High,100197,65381,Redirect to Nearby Market
2025-01-26 16:00:00,C247,Mango,Lucknow,Chennai,26,89,986,16.8,106.1,345,Sunny,19,4,Medium,47581,19874,Monitor Shipment
2025-01-26 17:00:00,C031,Mango,Jaipur,Hyderabad,31,87,1002,19.3,27.5,313,Rainy,10,7,Low,6486,1136,Continue Route
2025-01-26 18:00:00,C011,Banana,Mumbai,Bengaluru,20,57,1032,9.9,93.6,37,Fog,10,7,Low,7261,4415,Continue Route
2025-01-26 19:00:00,C069,Banana,Kolkata,Pune,27,88,981,9.7,81.7,94,Sunny,26,2,High,68990,30733,Redirect to Nearby Market
2025-01-26 20:00:00,C217,Apple,Pune,Chennai,40,51,991,19.4,6.7,52,Storm,20,4,Medium,40308,17490,Monitor Shipment
2025-01-26 21:00:00,C208,Avocado,Mumbai,Chennai,29,86,1035,23.5,36.5,58,Rainy,5,9,Low,11046,2837,Continue Route
2025-01-26 22:00:00,C275,Avocado,Jaipur,Delhi,30,82,991,15.3,93.8,322,Clear,7,8,Low,10803,1354,Continue Route
2025-01-26 23:00:00,C097,Avocado,Delhi,Pune,21,71,1015,11.7,118.8,327,Rainy,7,8,Low,13923,4602,Continue Route
2025-01-27 00:00:00,C256,Banana,Mumbai,Bengaluru,38,85,1006,12.5,3.7,300,Rainy,30,1,High,119975,65349,Redirect to Nearby Market
2025-01-27 01:00:00,C059,Banana,Chennai,Delhi,22,78,997,23.5,84.2,128,Storm,17,5,Medium,25721,17981,Monitor Shipment
2025-01-27 02:00:00,C225,Avocado,Kolkata,Chennai,32,36,1002,6.0,94.0,271,Sunny,26,2,High,53875,71035,Redirect to Nearby Market
2025-01-27 03:00:00,C099,Mango,Ahmedabad,Bengaluru,38,57,1025,10.9,97.1,130,Cloudy,13,6,Medium,26355,17595,Monitor Shipment
2025-01-27 04:00:00,C168,Apple,Pune,Hyderabad,39,55,997,22.2,22.4,236,Rainy,30,1,High,145160,24872,Redirect to Nearby Market
2025-01-27 05:00:00,C064,Avocado,Jaipur,Mumbai,21,83,1025,5.2,97.1,203,Clear,8,8,Low,13089,3334,Continue Route
2025-01-27 06:00:00,C254,Apple,Mumbai,Bengaluru,22,61,997,17.1,95.4,216,Sunny,29,1,High,101097,22878,Redirect to Nearby Market
2025-01-27 07:00:00,C049,Banana,Delhi,Pune,42,39,1016,2.5,83.8,349,Sunny,5,9,Low,6102,1850,Continue Route
2025-01-27 08:00:00,C078,Apple,Jaipur,Bengaluru,29,42,1022,22.1,66.9,83,Rainy,18,4,Medium,20295,16120,Monitor Shipment
2025-01-27 09:00:00,C049,Mango,Delhi,Bengaluru,30,60,1018,15.2,44.5,241,Storm,29,1,High,54961,23362,Redirect to Nearby Market
2025-01-27 10:00:00,C253,Mango,Mumbai,Mumbai,28,64,1019,23.4,30.3,190,Storm,18,4,Medium,49606,16016,Monitor Shipment
2025-01-27 11:00:00,C119,Mango,Lucknow,Delhi,35,56,987,14.1,2.9,336,Fog,34,1,High,113684,58540,Redirect to Nearby Market
2025-01-27 12:00:00,C243,Avocado,Hyderabad,Mumbai,25,94,1028,24.2,107.3,166,Storm,26,2,High,147231,77902,Redirect to Nearby Market
2025-01-27 13:00:00,C254,Orange,Delhi,Pune,33,32,985,10.8,103.5,348,Fog,22,3,High,129065,23526,Redirect to Nearby Market
2025-01-27 14:00:00,C026,Orange,Jaipur,Hyderabad,38,35,1021,20.2,6.9,255,Fog,23,3,High,131836,39552,Redirect to Nearby Market
2025-01-27 15:00:00,C049,Mango,Lucknow,Hyderabad,24,55,987,10.4,114.6,58,Clear,13,6,Medium,23890,12601,Monitor Shipment
2025-01-27 16:00:00,C184,Banana,Jaipur,Hyderabad,41,65,1022,14.6,83.5,38,Storm,20,4,Medium,17719,19263,Monitor Shipment
2025-01-27 17:00:00,C252,Banana,Hyderabad,Bengaluru,41,81,1025,17.1,92.9,148,Clear,17,5,Medium,29333,13279,Monitor Shipment
2025-01-27 18:00:00,C073,Avocado,Mumbai,Bengaluru,30,39,1022,15.2,31.1,154,Rainy,27,1,High,149262,37238,Redirect to Nearby Market
2025-01-27 19:00:00,C268,Banana,Hyderabad,Chennai,20,77,1005,22.1,75.8,159,Storm,34,1,High,100114,69369,Redirect to Nearby Market
2025-01-27 20:00:00,C044,Orange,Mumbai,Bengaluru,29,36,984,6.8,115.3,199,Sunny,21,3,High,94171,40441,Redirect to Nearby Market
2025-01-27 21:00:00,C070,Orange,Pune,Bengaluru,30,68,994,0.6,22.4,340,Fog,7,8,Low,11298,3097,Continue Route
2025-01-27 22:00:00,C086,Orange,Mumbai,Chennai,25,78,990,3.3,0.7,96,Clear,28,1,High,131137,40406,Redirect to Nearby Market
2025-01-27 23:00:00,C095,Banana,Mumbai,Delhi,39,60,1029,9.7,116.1,115,Fog,34,1,High,64691,51582,Redirect to Nearby Market
2025-01-28 00:00:00,C293,Orange,Mumbai,Hyderabad,31,54,988,13.5,51.5,138,Clear,25,2,High,129809,61589,Redirect to Nearby Market
2025-01-28 01:00:00,C222,Mango,Kolkata,Chennai,39,45,1016,8.4,105.7,225,Fog,28,1,High,94736,26360,Redirect to Nearby Market
2025-01-28 02:00:00,C152,Apple,Hyderabad,Mumbai,26,25,1003,19.4,94.8,36,Sunny,9,7,Low,7673,4045,Continue Route
2025-01-28 03:00:00,C013,Banana,Pune,Mumbai,32,90,991,19.0,119.3,145,Clear,9,7,Low,5632,1656,Continue Route
2025-01-28 04:00:00,C213,Banana,Mumbai,Delhi,29,38,1013,1.1,110.9,295,Fog,15,5,Medium,21884,14123,Monitor Shipment
2025-01-28 05:00:00,C226,Apple,Lucknow,Bengaluru,23,53,1000,11.1,79.4,337,Rainy,10,7,Low,7675,4027,Continue Route
2025-01-28 06:00:00,C182,Banana,Pune,Mumbai,36,79,1003,23.0,27.7,87,Clear,19,4,Medium,29690,9633,Monitor Shipment
2025-01-28 07:00:00,C086,Apple,Kolkata,Pune,25,40,1019,10.3,58.6,171,Fog,13,6,Medium,37608,9150,Monitor Shipment
2025-01-28 08:00:00,C140,Apple,Chennai,Bengaluru,33,80,983,1.3,118.5,171,Storm,14,6,Medium,37741,12399,Monitor Shipment
2025-01-28 09:00:00,C176,Mango,Lucknow,Chennai,27,55,997,0.7,61.5,92,Storm,10,7,Low,7420,4664,Continue Route
2025-01-28 10:00:00,C050,Banana,Ahmedabad,Pune,28,27,1025,1.9,114.1,306,Cloudy,22,3,High,61329,35520,Redirect to Nearby Market
2025-01-28 11:00:00,C224,Apple,Hyderabad,Mumbai,26,52,999,9.7,25.8,251,Storm,5,9,Low,11951,4524,Continue Route
2025-01-28 12:00:00,C124,Banana,Ahmedabad,Bengaluru,18,74,999,4.0,13.3,164,Sunny,28,1,High,52258,43133,Redirect to Nearby Market
2025-01-28 13:00:00,C073,Orange,Kolkata,Bengaluru,39,53,987,14.9,27.1,220,Fog,33,1,High,98914,79996,Redirect to Nearby Market
2025-01-28 14:00:00,C249,Avocado,Lucknow,Pune,19,73,996,12.3,40.6,67,Clear,27,1,High,149176,38517,Redirect to Nearby Market
2025-01-28 15:00:00,C052,Apple,Jaipur,Bengaluru,41,76,1032,16.2,36.3,76,Rainy,33,1,High,119040,59496,Redirect to Nearby Market
2025-01-28 16:00:00,C087,Orange,Chennai,Mumbai,34,67,1019,24.6,117.9,228,Cloudy,12,6,Medium,18505,11479,Monitor Shipment
2025-01-28 17:00:00,C008,Orange,Kolkata,Hyderabad,29,31,997,10.2,94.3,36,Sunny,12,6,Medium,31963,6080,Monitor Shipment
2025-01-28 18:00:00,C165,Mango,Bengaluru,Pune,18,39,1027,8.2,24.1,295,Clear,32,1,High,70332,46293,Redirect to Nearby Market
2025-01-28 19:00:00,C102,Apple,Bengaluru,Delhi,27,40,990,0.8,18.8,179,Cloudy,9,7,Low,9763,3159,Continue Route
2025-01-28 20:00:00,C069,Avocado,Bengaluru,Mumbai,41,46,988,4.2,22.3,307,Rainy,28,1,High,57409,20790,Redirect to Nearby Market
2025-01-28 21:00:00,C005,Orange,Hyderabad,Pune,24,75,982,16.9,49.0,203,Sunny,12,6,Medium,36989,7748,Monitor Shipment
2025-01-28 22:00:00,C172,Avocado,Hyderabad,Pune,23,45,980,2.7,102.9,109,Clear,14,6,Medium,18816,19604,Monitor Shipment
2025-01-28 23:00:00,C209,Mango,Delhi,Hyderabad,39,68,994,1.2,50.2,193,Fog,23,3,High,102428,29105,Redirect to Nearby Market
2025-01-29 00:00:00,C032,Mango,Kolkata,Pune,21,41,980,17.3,36.7,199,Cloudy,16,5,Medium,30362,13664,Monitor Shipment
2025-01-29 01:00:00,C068,Apple,Jaipur,Bengaluru,35,34,997,10.9,108.1,69,Sunny,22,3,High,118578,79200,Redirect to Nearby Market
2025-01-29 02:00:00,C034,Avocado,Chennai,Delhi,33,79,1024,16.5,34.2,118,Cloudy,14,6,Medium,15994,10700,Monitor Shipment
2025-01-29 03:00:00,C213,Avocado,Pune,Pune,31,36,1000,10.0,51.4,271,Fog,14,6,Medium,47595,10872,Monitor Shipment
2025-01-29 04:00:00,C276,Apple,Hyderabad,Bengaluru,23,74,994,20.6,105.5,202,Storm,33,1,High,106936,43978,Redirect to Nearby Market
2025-01-29 05:00:00,C253,Apple,Mumbai,Delhi,34,92,997,19.1,45.2,314,Clear,28,1,High,60969,27131,Redirect to Nearby Market
2025-01-29 06:00:00,C268,Avocado,Hyderabad,Delhi,24,53,1027,22.5,41.1,331,Rainy,22,3,High,76240,21672,Redirect to Nearby Market
2025-01-29 07:00:00,C170,Avocado,Bengaluru,Delhi,31,69,980,15.7,106.7,315,Cloudy,32,1,High,128998,48939,Redirect to Nearby Market
2025-01-29 08:00:00,C282,Orange,Delhi,Delhi,24,29,1004,19.8,82.1,143,Clear,20,4,Medium,49518,12949,Monitor Shipment
2025-01-29 09:00:00,C132,Banana,Chennai,Hyderabad,32,89,1015,8.2,53.0,47,Rainy,22,3,High,123532,79484,Redirect to Nearby Market
2025-01-29 10:00:00,C228,Orange,Delhi,Delhi,28,88,1015,11.1,52.0,157,Cloudy,17,5,Medium,38897,10068,Monitor Shipment
2025-01-29 11:00:00,C076,Avocado,Pune,Bengaluru,19,85,1034,23.9,106.5,94,Cloudy,28,1,High,66808,61849,Redirect to Nearby Market
2025-01-29 12:00:00,C164,Avocado,Pune,Delhi,18,28,1020,22.2,74.5,225,Storm,30,1,High,51453,64212,Redirect to Nearby Market
2025-01-29 13:00:00,C256,Avocado,Kolkata,Chennai,24,39,988,2.3,68.0,194,Cloudy,25,2,High,73480,28869,Redirect to Nearby Market
2025-01-29 14:00:00,C036,Avocado,Delhi,Hyderabad,28,49,1003,6.3,74.1,132,Clear,8,8,Low,5123,2294,Continue Route
2025-01-29 15:00:00,C079,Banana,Jaipur,Bengaluru,25,65,1015,11.7,59.6,310,Sunny,6,8,Low,10818,1210,Continue Route
2025-01-29 16:00:00,C090,Avocado,Chennai,Mumbai,34,59,1008,9.9,56.4,110,Fog,15,5,Medium,40170,15737,Monitor Shipment
2025-01-29 17:00:00,C150,Orange,Chennai,Delhi,30,88,989,21.7,15.4,232,Sunny,6,8,Low,6948,1908,Continue Route
2025-01-29 18:00:00,C115,Orange,Kolkata,Chennai,35,71,1005,3.0,9.6,328,Storm,26,2,High,115358,79109,Redirect to Nearby Market
2025-01-29 19:00:00,C005,Avocado,Kolkata,Pune,36,32,1018,13.1,119.4,105,Sunny,32,1,High,99008,42900,Redirect to Nearby Market
2025-01-29 20:00:00,C161,Mango,Mumbai,Mumbai,29,54,1014,23.4,93.7,107,Clear,7,8,Low,12479,1184,Continue Route
2025-01-29 21:00:00,C175,Mango,Mumbai,Mumbai,38,49,1018,9.5,14.7,69,Storm,21,3,High,103529,23721,Redirect to Nearby Market
2025-01-29 22:00:00,C028,Avocado,Ahmedabad,Mumbai,24,35,1024,20.6,57.1,51,Sunny,32,1,High,67199,44159,Redirect to Nearby Market
2025-01-29 23:00:00,C006,Mango,Bengaluru,Bengaluru,26,82,998,22.9,101.3,291,Storm,32,1,High,121664,30999,Redirect to Nearby Market
2025-01-30 00:00:00,C162,Orange,Lucknow,Hyderabad,20,30,986,4.9,3.4,279,Fog,34,1,High,60515,49933,Redirect to Nearby Market
2025-01-30 01:00:00,C038,Mango,Kolkata,Mumbai,27,32,1014,7.1,27.6,177,Rainy,11,7,Low,11987,4985,Continue Route
2025-01-30 02:00:00,C017,Apple,Bengaluru,Delhi,19,60,980,15.9,65.9,287,Sunny,6,8,Low,8653,4086,Continue Route
2025-01-30 03:00:00,C046,Banana,Delhi,Pune,35,54,1010,14.1,41.3,127,Clear,24,2,High,129790,39179,Redirect to Nearby Market
2025-01-30 04:00:00,C026,Orange,Bengaluru,Bengaluru,29,94,983,2.6,20.0,154,Storm,22,3,High,72136,79528,Redirect to Nearby Market
2025-01-30 05:00:00,C127,Mango,Ahmedabad,Chennai,24,37,1001,14.2,56.5,334,Clear,7,8,Low,5630,3475,Continue Route
2025-01-30 06:00:00,C262,Orange,Kolkata,Pune,22,40,1021,16.5,4.6,114,Sunny,23,3,High,147132,42067,Redirect to Nearby Market
2025-01-30 07:00:00,C161,Banana,Delhi,Chennai,27,75,990,20.4,3.7,299,Fog,24,2,High,116743,36986,Redirect to Nearby Market
2025-01-30 08:00:00,C011,Mango,Bengaluru,Hyderabad,29,38,1003,21.0,74.7,281,Sunny,24,2,High,95777,34873,Redirect to Nearby Market
2025-01-30 09:00:00,C261,Orange,Jaipur,Chennai,29,28,994,1.8,7.2,217,Sunny,13,6,Medium,30134,16506,Monitor Shipment
2025-01-30 10:00:00,C183,Orange,Bengaluru,Pune,36,64,1022,18.2,118.8,312,Storm,19,4,Medium,24029,17869,Monitor Shipment
2025-01-30 11:00:00,C174,Avocado,Pune,Bengaluru,38,88,1022,1.1,113.1,201,Storm,33,1,High,97380,34872,Redirect to Nearby Market
2025-01-30 12:00:00,C023,Apple,Kolkata,Chennai,24,85,1020,3.2,64.0,340,Fog,34,1,High,125113,78435,Redirect to Nearby Market
2025-01-30 13:00:00,C211,Orange,Hyderabad,Chennai,29,43,985,5.3,17.9,83,Cloudy,17,5,Medium,27009,17209,Monitor Shipment
2025-01-30 14:00:00,C263,Mango,Delhi,Chennai,22,46,1002,24.9,103.8,196,Sunny,24,2,High,60779,51785,Redirect to Nearby Market
2025-01-30 15:00:00,C277,Orange,Ahmedabad,Mumbai,23,79,1003,10.1,106.6,131,Sunny,15,5,Medium,44662,11372,Monitor Shipment
2025-01-30 16:00:00,C214,Apple,Delhi,Pune,25,43,1019,9.1,87.9,53,Rainy,12,6,Medium,18038,18669,Monitor Shipment
2025-01-30 17:00:00,C227,Orange,Kolkata,Hyderabad,18,54,1017,21.3,19.6,78,Clear,35,1,High,117963,42604,Redirect to Nearby Market
2025-01-30 18:00:00,C020,Avocado,Chennai,Hyderabad,29,57,1002,2.7,106.0,273,Rainy,28,1,High,118989,43607,Redirect to Nearby Market
2025-01-30 19:00:00,C280,Orange,Jaipur,Pune,32,58,1035,22.5,22.0,67,Cloudy,20,4,Medium,17944,6467,Monitor Shipment
2025-01-30 20:00:00,C194,Mango,Kolkata,Mumbai,41,56,1005,16.8,40.1,67,Sunny,11,7,Low,7413,4610,Continue Route
2025-01-30 21:00:00,C141,Banana,Hyderabad,Pune,20,62,1028,9.8,23.8,106,Clear,30,1,High,76953,50805,Redirect to Nearby Market
2025-01-30 22:00:00,C036,Avocado,Mumbai,Chennai,19,29,982,21.1,35.6,143,Clear,17,5,Medium,42063,7531,Monitor Shipment
2025-01-30 23:00:00,C009,Mango,Pune,Delhi,38,38,1025,24.7,24.1,187,Sunny,13,6,Medium,20506,6643,Monitor Shipment
2025-01-31 00:00:00,C187,Banana,Delhi,Hyderabad,23,26,992,8.9,66.4,227,Fog,20,4,Medium,31714,9174,Monitor Shipment
2025-01-31 01:00:00,C018,Mango,Bengaluru,Bengaluru,22,55,1033,18.3,25.2,158,Storm,18,4,Medium,16281,13683,Monitor Shipment
2025-01-31 02:00:00,C058,Banana,Bengaluru,Pune,40,31,991,7.9,100.6,70,Cloudy,10,7,Low,13579,3731,Continue Route
2025-01-31 03:00:00,C077,Banana,Pune,Chennai,42,78,1033,14.0,66.9,275,Sunny,29,1,High,73359,70047,Redirect to Nearby Market
2025-01-31 04:00:00,C058,Orange,Bengaluru,Hyderabad,34,73,987,24.2,20.2,169,Clear,28,1,High,108907,68815,Redirect to Nearby Market
2025-01-31 05:00:00,C250,Banana,Chennai,Pune,27,74,1035,10.6,38.2,344,Cloudy,26,2,High,55538,46711,Redirect to Nearby Market
2025-01-31 06:00:00,C102,Apple,Jaipur,Chennai,19,25,996,22.2,94.5,217,Storm,13,6,Medium,44631,8882,Monitor Shipment
2025-01-31 07:00:00,C109,Banana,Chennai,Delhi,19,30,1015,12.2,86.9,203,Cloudy,11,7,Low,6231,1113,Continue Route
2025-01-31 08:00:00,C208,Avocado,Lucknow,Hyderabad,24,45,990,22.8,111.8,74,Cloudy,19,4,Medium,47480,13290,Monitor Shipment
2025-01-31 09:00:00,C161,Banana,Ahmedabad,Hyderabad,32,56,983,16.8,65.7,213,Clear,20,4,Medium,28298,18737,Monitor Shipment
2025-01-31 10:00:00,C066,Apple,Bengaluru,Mumbai,35,52,995,7.1,94.0,166,Cloudy,27,1,High,110661,33387,Redirect to Nearby Market
2025-01-31 11:00:00,C213,Mango,Ahmedabad,Pune,29,90,1030,7.9,43.2,101,Sunny,14,6,Medium,34079,11197,Monitor Shipment
2025-01-31 12:00:00,C291,Avocado,Jaipur,Bengaluru,31,95,1010,17.3,32.5,270,Sunny,8,8,Low,7515,4585,Continue Route
2025-01-31 13:00:00,C173,Apple,Lucknow,Delhi,30,90,1035,5.8,33.7,347,Sunny,16,5,Medium,19559,13780,Monitor Shipment
2025-01-31 14:00:00,C042,Mango,Mumbai,Delhi,41,75,998,4.9,99.8,52,Rainy,24,2,High,113433,21587,Redirect to Nearby Market
2025-01-31 15:00:00,C081,Avocado,Delhi,Hyderabad,35,49,1002,7.4,119.1,242,Sunny,34,1,High,83687,75630,Redirect to Nearby Market
2025-01-31 16:00:00,C008,Orange,Hyderabad,Mumbai,24,27,985,10.7,56.2,174,Cloudy,26,2,High,127929,48254,Redirect to Nearby Market
2025-01-31 17:00:00,C136,Banana,Pune,Hyderabad,21,61,1025,8.5,64.0,203,Rainy,15,5,Medium,22629,17269,Monitor Shipment
2025-01-31 18:00:00,C106,Orange,Mumbai,Mumbai,34,54,1016,4.5,80.5,144,Storm,16,5,Medium,23631,17688,Monitor Shipment
2025-01-31 19:00:00,C262,Banana,Delhi,Hyderabad,40,75,1025,21.5,27.4,239,Storm,31,1,High,114293,28120,Redirect to Nearby Market
2025-01-31 20:00:00,C005,Apple,Kolkata,Hyderabad,27,50,1005,9.6,48.1,261,Clear,20,4,Medium,29431,13336,Monitor Shipment
2025-01-31 21:00:00,C236,Apple,Kolkata,Bengaluru,32,70,1024,3.6,75.0,219,Rainy,18,4,Medium,28197,5479,Monitor Shipment
2025-01-31 22:00:00,C109,Avocado,Lucknow,Mumbai,18,91,992,22.1,112.8,49,Rainy,23,3,High,94426,63963,Redirect to Nearby Market
2025-01-31 23:00:00,C171,Avocado,Ahmedabad,Delhi,37,70,1008,7.0,107.9,74,Sunny,21,3,High,92703,62605,Redirect to Nearby Market
2025-02-01 00:00:00,C065,Orange,Delhi,Mumbai,19,39,1018,18.3,32.2,192,Rainy,32,1,High,110508,74425,Redirect to Nearby Market
2025-02-01 01:00:00,C230,Banana,Hyderabad,Delhi,24,59,1022,17.5,19.6,161,Fog,30,1,High,131281,25298,Redirect to Nearby Market
2025-02-01 02:00:00,C013,Avocado,Mumbai,Chennai,39,63,1028,20.1,14.0,274,Clear,20,4,Medium,20626,9181,Monitor Shipment
2025-02-01 03:00:00,C055,Mango,Chennai,Delhi,31,80,986,11.0,65.4,330,Cloudy,15,5,Medium,27662,13515,Monitor Shipment
2025-02-01 04:00:00,C194,Apple,Hyderabad,Delhi,32,48,991,15.1,110.8,233,Rainy,27,1,High,83748,39005,Redirect to Nearby Market
2025-02-01 05:00:00,C235,Avocado,Ahmedabad,Bengaluru,40,71,1017,15.5,96.0,346,Fog,26,2,High,88051,64665,Redirect to Nearby Market
2025-02-01 06:00:00,C111,Banana,Mumbai,Mumbai,32,63,1027,10.2,117.4,328,Rainy,32,1,High,125871,75165,Redirect to Nearby Market
2025-02-01 07:00:00,C100,Banana,Jaipur,Pune,24,48,1013,16.4,53.2,217,Cloudy,26,2,High,115864,25477,Redirect to Nearby Market
2025-02-01 08:00:00,C173,Banana,Hyderabad,Bengaluru,38,68,1002,17.6,118.1,159,Clear,29,1,High,67537,71658,Redirect to Nearby Market
2025-02-01 09:00:00,C206,Banana,Lucknow,Hyderabad,38,35,1006,18.3,80.9,283,Fog,31,1,High,122849,41497,Redirect to Nearby Market
2025-02-01 10:00:00,C001,Orange,Jaipur,Hyderabad,33,72,990,9.9,11.3,163,Cloudy,11,7,Low,5523,4155,Continue Route
2025-02-01 11:00:00,C201,Banana,Jaipur,Pune,21,91,1020,24.6,53.3,137,Clear,13,6,Medium,40780,11028,Monitor Shipment
2025-02-01 12:00:00,C279,Mango,Chennai,Mumbai,42,55,985,15.0,67.4,187,Rainy,34,1,High,140898,41774,Redirect to Nearby Market
2025-02-01 13:00:00,C210,Banana,Chennai,Bengaluru,18,61,1017,20.9,99.2,122,Fog,31,1,High,103436,38644,Redirect to Nearby Market
2025-02-01 14:00:00,C128,Avocado,Mumbai,Chennai,27,75,1018,2.5,101.3,91,Cloudy,27,1,High,62460,61664,Redirect to Nearby Market
2025-02-01 15:00:00,C122,Banana,Chennai,Delhi,38,41,985,13.1,68.3,184,Sunny,9,7,Low,11877,3569,Continue Route
2025-02-01 16:00:00,C168,Apple,Mumbai,Delhi,42,56,989,20.2,45.6,47,Storm,6,8,Low,7070,4377,Continue Route
2025-02-01 17:00:00,C121,Mango,Hyderabad,Bengaluru,34,89,1034,6.4,57.7,241,Fog,27,1,High,94026,68724,Redirect to Nearby Market
2025-02-01 18:00:00,C207,Banana,Ahmedabad,Chennai,27,78,981,10.8,77.9,232,Fog,18,4,Medium,35352,9688,Monitor Shipment
2025-02-01 19:00:00,C075,Avocado,Jaipur,Chennai,27,87,1020,5.8,92.0,110,Clear,8,8,Low,6521,1131,Continue Route
2025-02-01 20:00:00,C232,Mango,Hyderabad,Bengaluru,39,35,1028,10.1,112.2,177,Rainy,5,9,Low,7925,4532,Continue Route
2025-02-01 21:00:00,C016,Mango,Hyderabad,Hyderabad,22,62,1000,23.8,11.7,255,Rainy,12,6,Medium,21430,7627,Monitor Shipment
2025-02-01 22:00:00,C235,Apple,Delhi,Mumbai,37,40,1017,18.6,91.2,213,Fog,9,7,Low,8748,2046,Continue Route
2025-02-01 23:00:00,C006,Banana,Bengaluru,Delhi,36,54,987,11.1,61.0,282,Sunny,17,5,Medium,44937,10486,Monitor Shipment
2025-02-02 00:00:00,C085,Apple,Lucknow,Delhi,38,67,1008,8.7,18.3,266,Fog,9,7,Low,7200,2547,Continue Route
2025-02-02 01:00:00,C244,Avocado,Jaipur,Delhi,37,36,1000,12.0,68.3,235,Clear,17,5,Medium,28881,16113,Monitor Shipment
2025-02-02 02:00:00,C144,Apple,Delhi,Delhi,42,89,1018,17.8,0.3,96,Fog,5,9,Low,7066,4516,Continue Route
2025-02-02 03:00:00,C040,Avocado,Chennai,Mumbai,31,64,981,12.9,96.2,45,Clear,21,3,High,112738,31430,Redirect to Nearby Market
2025-02-02 04:00:00,C211,Banana,Chennai,Pune,36,95,1011,23.3,0.4,92,Storm,17,5,Medium,23256,16135,Monitor Shipment
2025-02-02 05:00:00,C091,Avocado,Pune,Pune,22,43,1016,7.3,24.9,335,Cloudy,21,3,High,64695,77926,Redirect to Nearby Market
2025-02-02 06:00:00,C289,Mango,Hyderabad,Chennai,37,27,1001,2.7,4.6,226,Storm,11,7,Low,6516,3434,Continue Route
2025-02-02 07:00:00,C125,Avocado,Hyderabad,Pune,33,90,983,9.7,76.1,138,Storm,16,5,Medium,19995,19233,Monitor Shipment
2025-02-02 08:00:00,C286,Orange,Jaipur,Chennai,31,95,1022,20.6,90.6,212,Rainy,31,1,High,110301,27745,Redirect to Nearby Market
2025-02-02 09:00:00,C103,Apple,Mumbai,Mumbai,28,62,1016,2.0,70.2,54,Storm,12,6,Medium,41310,17606,Monitor Shipment
2025-02-02 10:00:00,C181,Orange,Mumbai,Hyderabad,29,28,1020,6.3,25.8,155,Fog,11,7,Low,5026,1896,Continue Route
2025-02-02 11:00:00,C243,Avocado,Kolkata,Delhi,38,47,1027,15.2,19.1,274,Clear,15,5,Medium,27557,9049,Monitor Shipment
2025-02-02 12:00:00,C057,Banana,Hyderabad,Mumbai,25,48,1020,8.1,72.8,227,Sunny,21,3,High,68160,77590,Redirect to Nearby Market
2025-02-02 13:00:00,C180,Orange,Mumbai,Chennai,30,66,1014,13.3,120.0,333,Rainy,15,5,Medium,28526,16294,Monitor Shipment
2025-02-02 14:00:00,C218,Apple,Lucknow,Chennai,30,68,1016,14.2,68.4,129,Sunny,15,5,Medium,25909,11745,Monitor Shipment
2025-02-02 15:00:00,C124,Apple,Ahmedabad,Delhi,30,60,986,13.4,19.3,160,Clear,16,5,Medium,32452,11878,Monitor Shipment
2025-02-02 16:00:00,C053,Apple,Hyderabad,Mumbai,29,75,1018,13.0,1.2,143,Storm,31,1,High,99453,38786,Redirect to Nearby Market
2025-02-02 17:00:00,C277,Orange,Chennai,Mumbai,19,75,988,6.2,43.2,145,Storm,16,5,Medium,20383,9574,Monitor Shipment
2025-02-02 18:00:00,C105,Orange,Bengaluru,Pune,26,75,1000,18.0,20.5,181,Sunny,24,2,High,53297,28804,Redirect to Nearby Market
2025-02-02 19:00:00,C107,Banana,Lucknow,Delhi,41,39,1001,6.5,15.1,297,Clear,18,4,Medium,41370,8470,Monitor Shipment
2025-02-02 20:00:00,C248,Apple,Mumbai,Delhi,34,52,996,20.6,11.4,246,Storm,8,8,Low,6099,1426,Continue Route
2025-02-02 21:00:00,C079,Mango,Chennai,Chennai,41,63,1026,7.0,32.3,36,Storm,30,1,High,101466,73483,Redirect to Nearby Market
2025-02-02 22:00:00,C261,Orange,Jaipur,Delhi,27,42,1017,23.8,1.0,39,Fog,12,6,Medium,19458,13475,Monitor Shipment
2025-02-02 23:00:00,C117,Banana,Kolkata,Pune,28,42,999,14.2,84.7,264,Clear,30,1,High,84640,22158,Redirect to Nearby Market
2025-02-03 00:00:00,C297,Banana,Chennai,Bengaluru,40,55,1021,7.0,89.7,108,Storm,32,1,High,100904,44172,Redirect to Nearby Market
2025-02-03 01:00:00,C040,Mango,Lucknow,Pune,33,53,980,6.7,12.9,286,Sunny,27,1,High,58884,40359,Redirect to Nearby Market
2025-02-03 02:00:00,C079,Apple,Delhi,Hyderabad,35,88,995,10.7,35.5,251,Fog,24,2,High,92769,30646,Redirect to Nearby Market
2025-02-03 03:00:00,C293,Banana,Hyderabad,Mumbai,33,80,988,9.0,27.2,314,Rainy,28,1,High,113462,54353,Redirect to Nearby Market
2025-02-03 04:00:00,C098,Mango,Lucknow,Mumbai,28,74,1009,22.5,36.5,54,Sunny,35,1,High,117647,58207,Redirect to Nearby Market
2025-02-03 05:00:00,C200,Avocado,Mumbai,Hyderabad,29,82,1028,13.8,38.5,165,Sunny,20,4,Medium,21003,13619,Monitor Shipment
2025-02-03 06:00:00,C270,Avocado,Chennai,Delhi,30,64,1006,0.7,94.7,316,Fog,24,2,High,82534,71631,Redirect to Nearby Market
2025-02-03 07:00:00,C086,Mango,Chennai,Mumbai,39,93,1028,6.6,82.4,170,Cloudy,14,6,Medium,19206,18870,Monitor Shipment
2025-02-03 08:00:00,C280,Orange,Pune,Hyderabad,28,46,1012,2.2,113.1,79,Cloudy,26,2,High,72094,33426,Redirect to Nearby Market
2025-02-03 09:00:00,C036,Mango,Mumbai,Chennai,30,56,1019,23.7,74.5,253,Storm,23,3,High,113539,27853,Redirect to Nearby Market
2025-02-03 10:00:00,C197,Avocado,Bengaluru,Pune,38,72,1010,20.3,93.8,183,Storm,11,7,Low,12639,1483,Continue Route
2025-02-03 11:00:00,C016,Avocado,Ahmedabad,Delhi,38,61,1004,5.6,20.6,302,Sunny,35,1,High,120267,78349,Redirect to Nearby Market
2025-02-03 12:00:00,C171,Mango,Hyderabad,Delhi,20,38,1004,3.2,70.6,118,Rainy,8,8,Low,12793,1752,Continue Route
2025-02-03 13:00:00,C214,Banana,Ahmedabad,Delhi,40,39,1003,21.1,54.4,329,Sunny,27,1,High,70564,46699,Redirect to Nearby Market
2025-02-03 14:00:00,C075,Apple,Bengaluru,Bengaluru,28,72,1007,8.7,114.7,267,Rainy,8,8,Low,8317,4546,Continue Route
2025-02-03 15:00:00,C189,Mango,Bengaluru,Chennai,35,67,987,11.2,30.2,333,Rainy,22,3,High,111007,33467,Redirect to Nearby Market
2025-02-03 16:00:00,C087,Apple,Lucknow,Pune,23,40,1022,10.6,95.2,319,Storm,11,7,Low,14662,1571,Continue Route
2025-02-03 17:00:00,C181,Avocado,Delhi,Pune,38,95,999,3.9,112.9,49,Storm,28,1,High,57471,77518,Redirect to Nearby Market
2025-02-03 18:00:00,C167,Banana,Kolkata,Chennai,35,80,996,12.7,78.7,184,Clear,16,5,Medium,34470,12591,Monitor Shipment
2025-02-03 19:00:00,C017,Avocado,Ahmedabad,Mumbai,29,38,1026,22.2,88.3,199,Sunny,33,1,High,85724,32715,Redirect to Nearby Market
2025-02-03 20:00:00,C260,Mango,Jaipur,Bengaluru,42,31,985,20.4,15.8,276,Storm,17,5,Medium,36749,19864,Monitor Shipment
2025-02-03 21:00:00,C086,Apple,Delhi,Chennai,18,75,997,11.5,46.5,110,Cloudy,12,6,Medium,43234,11814,Monitor Shipment
2025-02-03 22:00:00,C100,Avocado,Chennai,Hyderabad,28,38,987,8.6,15.9,305,Clear,10,7,Low,5925,2859,Continue Route
2025-02-03 23:00:00,C030,Banana,Pune,Bengaluru,37,89,1025,6.0,90.0,45,Sunny,18,4,Medium,16955,18182,Monitor Shipment
2025-02-04 00:00:00,C160,Mango,Lucknow,Delhi,33,89,1005,22.5,74.6,34,Cloudy,5,9,Low,8097,2862,Continue Route
2025-02-04 01:00:00,C176,Avocado,Jaipur,Delhi,21,76,1004,20.4,10.7,304,Storm,6,8,Low,14549,2015,Continue Route
2025-02-04 02:00:00,C025,Avocado,Chennai,Hyderabad,22,65,1012,23.2,22.3,155,Rainy,11,7,Low,12295,2117,Continue Route
2025-02-04 03:00:00,C243,Apple,Ahmedabad,Chennai,23,54,1011,19.7,68.1,88,Sunny,28,1,High,119497,21415,Redirect to Nearby Market
2025-02-04 04:00:00,C166,Banana,Ahmedabad,Hyderabad,18,27,1020,11.5,105.4,197,Rainy,35,1,High,69751,58809,Redirect to Nearby Market
2025-02-04 05:00:00,C092,Mango,Ahmedabad,Mumbai,28,84,992,3.4,12.5,312,Sunny,6,8,Low,12146,3294,Continue Route
2025-02-04 06:00:00,C288,Banana,Chennai,Hyderabad,38,31,1015,22.2,7.8,280,Cloudy,10,7,Low,6152,2716,Continue Route
2025-02-04 07:00:00,C006,Mango,Delhi,Pune,41,65,1029,9.0,63.3,96,Storm,23,3,High,115506,78215,Redirect to Nearby Market
2025-02-04 08:00:00,C268,Apple,Kolkata,Chennai,42,59,1025,1.4,110.6,88,Clear,12,6,Medium,29227,18759,Monitor Shipment
2025-02-04 09:00:00,C006,Avocado,Jaipur,Mumbai,28,54,1017,18.6,53.3,80,Rainy,8,8,Low,13408,2276,Continue Route
2025-02-04 10:00:00,C180,Avocado,Hyderabad,Delhi,36,49,1030,20.9,94.6,333,Storm,28,1,High,108389,54018,Redirect to Nearby Market
2025-02-04 11:00:00,C157,Orange,Pune,Pune,20,91,1029,21.4,82.4,333,Storm,17,5,Medium,49101,16086,Monitor Shipment
2025-02-04 12:00:00,C058,Mango,Delhi,Pune,28,86,998,2.9,22.6,85,Fog,20,4,Medium,39440,17897,Monitor Shipment
2025-02-04 13:00:00,C291,Apple,Hyderabad,Bengaluru,29,91,1007,14.4,84.2,248,Sunny,18,4,Medium,40313,11555,Monitor Shipment
2025-02-04 14:00:00,C128,Avocado,Pune,Hyderabad,32,34,995,13.3,27.1,54,Storm,32,1,High,115422,22834,Redirect to Nearby Market
2025-02-04 15:00:00,C080,Orange,Kolkata,Pune,32,84,993,5.6,98.0,202,Fog,18,4,Medium,22227,6377,Monitor Shipment
2025-02-04 16:00:00,C187,Mango,Chennai,Delhi,38,54,1008,10.3,50.0,296,Clear,24,2,High,142344,23877,Redirect to Nearby Market
2025-02-04 17:00:00,C092,Mango,Mumbai,Mumbai,40,74,984,9.4,71.6,56,Clear,29,1,High,53439,45620,Redirect to Nearby Market
2025-02-04 18:00:00,C249,Apple,Jaipur,Chennai,38,55,991,13.7,42.7,96,Clear,20,4,Medium,30596,11394,Monitor Shipment
2025-02-04 19:00:00,C141,Banana,Lucknow,Pune,19,47,1028,6.2,55.4,274,Fog,23,3,High,94473,76118,Redirect to Nearby Market
2025-02-04 20:00:00,C234,Orange,Lucknow,Delhi,33,65,1029,5.8,110.9,178,Rainy,15,5,Medium,18820,17407,Monitor Shipment
2025-02-04 21:00:00,C140,Mango,Lucknow,Chennai,36,47,983,15.2,42.6,249,Clear,20,4,Medium,25488,9744,Monitor Shipment
2025-02-04 22:00:00,C219,Banana,Ahmedabad,Pune,36,56,980,7.0,104.2,280,Cloudy,17,5,Medium,49535,11652,Monitor Shipment
2025-02-04 23:00:00,C067,Mango,Delhi,Chennai,24,71,1028,15.2,111.7,295,Rainy,25,2,High,76419,23835,Redirect to Nearby Market
2025-02-05 00:00:00,C033,Banana,Bengaluru,Delhi,23,66,992,18.6,115.6,266,Sunny,19,4,Medium,33439,17264,Monitor Shipment
2025-02-05 01:00:00,C042,Avocado,Hyderabad,Hyderabad,32,34,1006,20.1,58.8,216,Sunny,35,1,High,142743,34574,Redirect to Nearby Market
2025-02-05 02:00:00,C034,Banana,Hyderabad,Mumbai,32,80,1026,1.0,118.5,134,Cloudy,23,3,High,124832,51187,Redirect to Nearby Market
2025-02-05 03:00:00,C061,Avocado,Hyderabad,Pune,35,80,1010,4.0,92.5,267,Rainy,15,5,Medium,34127,7195,Monitor Shipment
2025-02-05 04:00:00,C153,Apple,Lucknow,Chennai,34,32,992,20.0,14.0,206,Cloudy,29,1,High,106831,36661,Redirect to Nearby Market
2025-02-05 05:00:00,C006,Banana,Jaipur,Hyderabad,33,31,1010,14.9,11.4,344,Rainy,16,5,Medium,21592,18346,Monitor Shipment
2025-02-05 06:00:00,C067,Avocado,Chennai,Chennai,20,85,1021,23.9,75.0,166,Rainy,5,9,Low,11203,3301,Continue Route
2025-02-05 07:00:00,C015,Banana,Chennai,Pune,31,66,1019,10.0,56.7,177,Storm,12,6,Medium,30273,6777,Monitor Shipment
2025-02-05 08:00:00,C103,Avocado,Mumbai,Delhi,35,63,1034,7.2,95.4,233,Rainy,16,5,Medium,32800,19640,Monitor Shipment
2025-02-05 09:00:00,C002,Avocado,Lucknow,Mumbai,18,73,1009,11.5,32.4,156,Fog,23,3,High,70394,53087,Redirect to Nearby Market
2025-02-05 10:00:00,C294,Banana,Ahmedabad,Bengaluru,38,93,1028,6.0,30.5,238,Fog,15,5,Medium,20203,18704,Monitor Shipment
2025-02-05 11:00:00,C196,Banana,Pune,Chennai,42,94,1022,8.8,10.9,86,Clear,33,1,High,131877,22333,Redirect to Nearby Market
2025-02-05 12:00:00,C298,Orange,Kolkata,Pune,38,67,995,17.4,50.6,33,Storm,7,8,Low,13976,4056,Continue Route
2025-02-05 13:00:00,C193,Orange,Ahmedabad,Chennai,42,27,997,23.3,92.8,98,Storm,16,5,Medium,16250,6271,Monitor Shipment
2025-02-05 14:00:00,C072,Banana,Jaipur,Bengaluru,27,89,1030,14.2,92.1,310,Fog,15,5,Medium,34172,12802,Monitor Shipment
2025-02-05 15:00:00,C127,Banana,Delhi,Chennai,32,39,991,10.4,119.6,30,Clear,29,1,High,58876,53496,Redirect to Nearby Market
2025-02-05 16:00:00,C126,Apple,Delhi,Bengaluru,24,87,985,5.8,68.0,342,Storm,14,6,Medium,24334,15343,Monitor Shipment
2025-02-05 17:00:00,C256,Mango,Lucknow,Mumbai,22,29,1025,6.1,62.0,72,Fog,16,5,Medium,41505,15664,Monitor Shipment
2025-02-05 18:00:00,C260,Orange,Pune,Hyderabad,41,52,994,24.7,116.4,298,Rainy,30,1,High,76711,41230,Redirect to Nearby Market
2025-02-05 19:00:00,C047,Mango,Chennai,Hyderabad,35,95,981,19.3,84.7,151,Fog,19,4,Medium,29420,10604,Monitor Shipment
2025-02-05 20:00:00,C222,Apple,Mumbai,Hyderabad,42,29,1009,12.1,114.5,54,Clear,33,1,High,84563,58323,Redirect to Nearby Market
2025-02-05 21:00:00,C141,Avocado,Chennai,Bengaluru,20,78,1008,3.4,99.6,244,Clear,15,5,Medium,40702,8679,Monitor Shipment
2025-02-05 22:00:00,C228,Orange,Ahmedabad,Chennai,30,89,1002,15.6,40.3,93,Sunny,17,5,Medium,36845,5480,Monitor Shipment
2025-02-05 23:00:00,C135,Avocado,Mumbai,Delhi,39,73,1004,21.1,55.5,109,Sunny,9,7,Low,5547,3066,Continue Route
2025-02-06 00:00:00,C075,Avocado,Pune,Hyderabad,34,82,1013,5.2,40.0,187,Cloudy,5,9,Low,8351,2969,Continue Route
2025-02-06 01:00:00,C179,Avocado,Kolkata,Hyderabad,33,70,982,8.1,50.6,109,Clear,5,9,Low,14813,4040,Continue Route
2025-02-06 02:00:00,C213,Orange,Chennai,Hyderabad,39,79,1028,0.8,106.1,118,Storm,10,7,Low,5344,3146,Continue Route
2025-02-06 03:00:00,C011,Avocado,Chennai,Delhi,36,49,1032,14.4,112.4,165,Cloudy,7,8,Low,6973,2882,Continue Route
2025-02-06 04:00:00,C294,Apple,Ahmedabad,Pune,40,50,1004,0.8,10.7,179,Clear,33,1,High,113349,50890,Redirect to Nearby Market
2025-02-06 05:00:00,C248,Banana,Mumbai,Mumbai,31,60,989,6.1,16.2,145,Fog,21,3,High,90699,49729,Redirect to Nearby Market
2025-02-06 06:00:00,C184,Avocado,Delhi,Hyderabad,31,88,998,12.9,87.0,104,Storm,13,6,Medium,26705,18512,Monitor Shipment
2025-02-06 07:00:00,C035,Apple,Chennai,Bengaluru,26,53,997,14.3,40.8,82,Sunny,34,1,High,98522,78769,Redirect to Nearby Market
2025-02-06 08:00:00,C048,Apple,Hyderabad,Hyderabad,42,58,999,7.4,115.3,294,Cloudy,19,4,Medium,39983,14029,Monitor Shipment
2025-02-06 09:00:00,C276,Banana,Delhi,Pune,27,61,1033,16.0,17.4,198,Clear,9,7,Low,13346,4186,Continue Route
2025-02-06 10:00:00,C112,Avocado,Hyderabad,Delhi,19,87,1033,18.4,116.9,203,Rainy,22,3,High,59559,48929,Redirect to Nearby Market
2025-02-06 11:00:00,C179,Avocado,Bengaluru,Bengaluru,37,79,1024,1.6,32.9,132,Rainy,17,5,Medium,30348,19658,Monitor Shipment
2025-02-06 12:00:00,C256,Apple,Pune,Chennai,26,52,1010,5.8,118.4,325,Clear,12,6,Medium,47396,7918,Monitor Shipment
2025-02-06 13:00:00,C075,Mango,Chennai,Delhi,33,49,1026,24.8,12.6,295,Storm,26,2,High,143549,27879,Redirect to Nearby Market
2025-02-06 14:00:00,C055,Orange,Lucknow,Delhi,28,65,1028,15.6,26.6,265,Storm,26,2,High,100791,44153,Redirect to Nearby Market
2025-02-06 15:00:00,C202,Avocado,Kolkata,Bengaluru,22,82,992,24.0,32.6,180,Cloudy,7,8,Low,13901,3353,Continue Route
2025-02-06 16:00:00,C260,Banana,Lucknow,Chennai,28,74,1009,7.5,68.4,313,Cloudy,31,1,High,96900,61734,Redirect to Nearby Market
2025-02-06 17:00:00,C157,Mango,Bengaluru,Bengaluru,29,32,1005,2.8,34.2,90,Rainy,28,1,High,144331,37271,Redirect to Nearby Market
2025-02-06 18:00:00,C192,Apple,Lucknow,Chennai,29,81,1008,21.1,97.6,250,Cloudy,9,7,Low,13512,2643,Continue Route
2025-02-06 19:00:00,C180,Apple,Ahmedabad,Pune,39,49,993,22.9,7.7,49,Rainy,19,4,Medium,45848,12373,Monitor Shipment
2025-02-06 20:00:00,C298,Mango,Chennai,Delhi,21,38,1017,22.2,74.3,93,Storm,30,1,High,143930,67599,Redirect to Nearby Market
2025-02-06 21:00:00,C185,Apple,Lucknow,Bengaluru,31,30,996,24.3,5.8,47,Fog,20,4,Medium,43442,19468,Monitor Shipment
2025-02-06 22:00:00,C266,Avocado,Mumbai,Pune,22,59,1027,9.9,31.3,150,Fog,11,7,Low,9276,2528,Continue Route
2025-02-06 23:00:00,C063,Banana,Hyderabad,Mumbai,25,33,1019,16.9,20.5,144,Sunny,13,6,Medium,28588,6738,Monitor Shipment
2025-02-07 00:00:00,C046,Avocado,Delhi,Pune,22,84,1006,8.4,79.2,88,Rainy,6,8,Low,12800,4032,Continue Route
2025-02-07 01:00:00,C213,Mango,Mumbai,Mumbai,26,94,1011,0.7,41.7,59,Clear,18,4,Medium,16533,10200,Monitor Shipment
2025-02-07 02:00:00,C044,Orange,Chennai,Bengaluru,31,57,1006,5.9,96.7,34,Rainy,27,1,High,135341,58302,Redirect to Nearby Market
2025-02-07 03:00:00,C170,Orange,Lucknow,Mumbai,40,73,1021,21.7,72.0,193,Fog,28,1,High,55361,61091,Redirect to Nearby Market
2025-02-07 04:00:00,C103,Orange,Hyderabad,Chennai,29,35,1035,22.7,44.0,208,Sunny,10,7,Low,11801,1014,Continue Route
2025-02-07 05:00:00,C193,Mango,Lucknow,Delhi,25,90,1002,20.7,20.2,203,Cloudy,16,5,Medium,30754,11923,Monitor Shipment
2025-02-07 06:00:00,C218,Mango,Mumbai,Mumbai,39,32,1013,5.0,17.2,270,Storm,10,7,Low,14858,4411,Continue Route
2025-02-07 07:00:00,C009,Orange,Hyderabad,Hyderabad,22,48,984,21.9,60.9,314,Storm,14,6,Medium,44083,15416,Monitor Shipment
2025-02-07 08:00:00,C161,Avocado,Bengaluru,Delhi,34,85,990,6.2,89.2,218,Clear,31,1,High,110087,67986,Redirect to Nearby Market
2025-02-07 09:00:00,C124,Banana,Chennai,Delhi,26,38,997,16.8,82.8,344,Sunny,32,1,High,73019,28274,Redirect to Nearby Market
2025-02-07 10:00:00,C199,Apple,Chennai,Pune,34,32,1023,18.6,39.0,136,Cloudy,33,1,High,138730,56569,Redirect to Nearby Market
2025-02-07 11:00:00,C211,Orange,Pune,Chennai,30,41,983,22.1,67.5,233,Storm,20,4,Medium,49799,10759,Monitor Shipment
2025-02-07 12:00:00,C267,Banana,Lucknow,Hyderabad,32,76,1021,24.5,105.5,133,Fog,28,1,High,103901,40427,Redirect to Nearby Market
2025-02-07 13:00:00,C247,Mango,Mumbai,Bengaluru,21,95,1027,18.1,73.5,34,Cloudy,7,8,Low,11699,2175,Continue Route
2025-02-07 14:00:00,C130,Apple,Bengaluru,Hyderabad,18,89,1009,16.9,11.0,204,Clear,22,3,High,102575,49440,Redirect to Nearby Market
2025-02-07 15:00:00,C119,Apple,Chennai,Pune,20,64,1032,2.8,78.9,266,Cloudy,18,4,Medium,39364,9146,Monitor Shipment
2025-02-07 16:00:00,C138,Orange,Pune,Mumbai,21,32,983,9.5,47.5,339,Fog,17,5,Medium,36509,10502,Monitor Shipment
2025-02-07 17:00:00,C054,Apple,Chennai,Hyderabad,41,28,1002,2.5,93.7,150,Clear,5,9,Low,13473,1323,Continue Route
2025-02-07 18:00:00,C161,Mango,Pune,Pune,30,89,1001,22.5,94.5,75,Fog,25,2,High,86570,40631,Redirect to Nearby Market
2025-02-07 19:00:00,C065,Orange,Ahmedabad,Delhi,25,72,1035,23.2,73.0,261,Cloudy,30,1,High,119395,66143,Redirect to Nearby Market
2025-02-07 20:00:00,C227,Avocado,Bengaluru,Bengaluru,28,65,987,11.1,48.5,111,Storm,9,7,Low,8966,2292,Continue Route
2025-02-07 21:00:00,C142,Mango,Ahmedabad,Delhi,34,94,1004,19.3,14.6,120,Fog,24,2,High,109954,72090,Redirect to Nearby Market
2025-02-07 22:00:00,C199,Banana,Kolkata,Delhi,42,60,988,1.2,4.2,311,Fog,19,4,Medium,47197,8854,Monitor Shipment
2025-02-07 23:00:00,C142,Orange,Lucknow,Delhi,30,88,1021,20.4,75.3,155,Rainy,7,8,Low,13903,1942,Continue Route
2025-02-08 00:00:00,C276,Orange,Lucknow,Hyderabad,21,58,1025,13.0,101.7,318,Rainy,15,5,Medium,47699,5675,Monitor Shipment
2025-02-08 01:00:00,C140,Apple,Jaipur,Chennai,35,37,992,23.2,107.6,342,Cloudy,11,7,Low,14256,4296,Continue Route
2025-02-08 02:00:00,C100,Mango,Ahmedabad,Hyderabad,22,65,994,0.8,102.1,253,Cloudy,30,1,High,142785,21804,Redirect to Nearby Market
2025-02-08 03:00:00,C189,Mango,Pune,Delhi,30,36,1023,24.0,21.9,249,Fog,31,1,High,64806,69534,Redirect to Nearby Market
2025-02-08 04:00:00,C135,Apple,Ahmedabad,Hyderabad,26,66,1031,15.7,32.7,160,Sunny,35,1,High,120261,44266,Redirect to Nearby Market
2025-02-08 05:00:00,C007,Banana,Chennai,Pune,33,62,1025,18.6,1.1,276,Clear,12,6,Medium,35979,10086,Monitor Shipment
2025-02-08 06:00:00,C284,Mango,Chennai,Hyderabad,40,52,1020,14.5,5.8,129,Rainy,12,6,Medium,27139,9392,Monitor Shipment
2025-02-08 07:00:00,C095,Apple,Lucknow,Bengaluru,39,92,994,8.7,63.7,46,Rainy,31,1,High,113200,74366,Redirect to Nearby Market
2025-02-08 08:00:00,C195,Mango,Pune,Hyderabad,41,37,1029,22.1,49.4,262,Sunny,7,8,Low,12296,4853,Continue Route
2025-02-08 09:00:00,C074,Mango,Kolkata,Pune,30,51,1006,20.5,92.9,111,Rainy,33,1,High,77135,47992,Redirect to Nearby Market
2025-02-08 10:00:00,C186,Avocado,Jaipur,Delhi,21,63,1000,24.5,11.5,121,Sunny,35,1,High,63079,48315,Redirect to Nearby Market
2025-02-08 11:00:00,C244,Avocado,Mumbai,Mumbai,30,39,992,20.0,17.0,245,Rainy,31,1,High,64956,30911,Redirect to Nearby Market
2025-02-08 12:00:00,C216,Avocado,Chennai,Bengaluru,24,46,983,4.1,50.6,107,Sunny,21,3,High,121553,28519,Redirect to Nearby Market
2025-02-08 13:00:00,C134,Avocado,Ahmedabad,Chennai,37,64,1000,21.1,111.1,281,Storm,9,7,Low,7455,2150,Continue Route
2025-02-08 14:00:00,C225,Orange,Ahmedabad,Delhi,39,75,1003,14.4,71.9,159,Sunny,28,1,High,76310,70715,Redirect to Nearby Market
2025-02-08 15:00:00,C013,Banana,Jaipur,Bengaluru,30,31,1031,24.2,1.4,219,Rainy,26,2,High,128292,57969,Redirect to Nearby Market
2025-02-08 16:00:00,C127,Orange,Jaipur,Hyderabad,18,75,1010,1.8,62.5,155,Clear,33,1,High,65515,22775,Redirect to Nearby Market
2025-02-08 17:00:00,C242,Avocado,Ahmedabad,Pune,42,68,989,3.9,114.4,247,Storm,28,1,High,75442,66790,Redirect to Nearby Market
2025-02-08 18:00:00,C210,Mango,Kolkata,Hyderabad,20,75,1014,10.8,21.1,43,Fog,17,5,Medium,30280,15734,Monitor Shipment
2025-02-08 19:00:00,C097,Avocado,Kolkata,Hyderabad,20,31,996,7.9,6.2,199,Fog,18,4,Medium,20729,17978,Monitor Shipment
2025-02-08 20:00:00,C053,Banana,Pune,Mumbai,39,77,1004,1.7,68.7,179,Clear,27,1,High,132953,64864,Redirect to Nearby Market
2025-02-08 21:00:00,C224,Banana,Bengaluru,Hyderabad,40,69,1034,4.6,104.6,235,Storm,23,3,High,102860,67906,Redirect to Nearby Market
2025-02-08 22:00:00,C269,Mango,Hyderabad,Bengaluru,37,65,1006,6.2,16.0,317,Storm,32,1,High,124904,60833,Redirect to Nearby Market
2025-02-08 23:00:00,C021,Banana,Ahmedabad,Mumbai,22,93,1022,8.1,6.5,285,Rainy,29,1,High,59940,24722,Redirect to Nearby Market
2025-02-09 00:00:00,C119,Avocado,Lucknow,Pune,20,60,990,2.7,51.4,131,Cloudy,24,2,High,73235,56914,Redirect to Nearby Market
2025-02-09 01:00:00,C256,Orange,Bengaluru,Bengaluru,27,94,1005,19.0,36.9,192,Rainy,12,6,Medium,28319,12873,Monitor Shipment
2025-02-09 02:00:00,C139,Orange,Bengaluru,Delhi,31,43,1035,0.9,16.0,269,Fog,19,4,Medium,29132,16188,Monitor Shipment
2025-02-09 03:00:00,C140,Mango,Bengaluru,Hyderabad,30,47,1023,16.3,95.8,138,Sunny,7,8,Low,10477,1375,Continue Route
2025-02-09 04:00:00,C266,Mango,Jaipur,Pune,21,93,985,15.4,44.0,224,Storm,12,6,Medium,37621,7442,Monitor Shipment
2025-02-09 05:00:00,C063,Apple,Hyderabad,Bengaluru,18,90,996,7.7,94.3,100,Clear,25,2,High,89606,48009,Redirect to Nearby Market
2025-02-09 06:00:00,C297,Mango,Jaipur,Chennai,38,72,991,6.2,63.2,201,Cloudy,26,2,High,61432,47784,Redirect to Nearby Market
2025-02-09 07:00:00,C100,Orange,Kolkata,Mumbai,32,49,980,21.6,31.9,282,Cloudy,14,6,Medium,37413,8488,Monitor Shipment
2025-02-09 08:00:00,C061,Apple,Lucknow,Mumbai,24,86,1022,15.3,101.0,335,Clear,7,8,Low,8665,1703,Continue Route
2025-02-09 09:00:00,C116,Orange,Delhi,Bengaluru,28,46,983,17.4,52.9,116,Cloudy,33,1,High,80629,79509,Redirect to Nearby Market
2025-02-09 10:00:00,C204,Orange,Lucknow,Mumbai,37,47,1029,15.0,98.7,262,Sunny,15,5,Medium,39363,14822,Monitor Shipment
2025-02-09 11:00:00,C033,Banana,Chennai,Pune,33,53,1014,23.1,72.3,205,Cloudy,14,6,Medium,36981,19277,Monitor Shipment
2025-02-09 12:00:00,C203,Banana,Jaipur,Chennai,39,61,996,17.3,89.5,261,Cloudy,15,5,Medium,45334,16562,Monitor Shipment
2025-02-09 13:00:00,C018,Orange,Delhi,Delhi,27,95,993,7.9,63.5,323,Cloudy,29,1,High,143712,65170,Redirect to Nearby Market
2025-02-09 14:00:00,C193,Orange,Delhi,Delhi,37,32,989,13.0,17.7,348,Rainy,17,5,Medium,48178,16005,Monitor Shipment
2025-02-09 15:00:00,C108,Apple,Hyderabad,Mumbai,18,75,1030,22.5,117.7,130,Rainy,26,2,High,100266,37850,Redirect to Nearby Market
2025-02-09 16:00:00,C276,Orange,Kolkata,Hyderabad,22,38,1003,4.2,64.3,327,Rainy,11,7,Low,12780,1088,Continue Route
2025-02-09 17:00:00,C276,Banana,Jaipur,Delhi,19,69,999,21.4,103.0,302,Cloudy,13,6,Medium,46907,6607,Monitor Shipment
2025-02-09 18:00:00,C150,Apple,Delhi,Mumbai,28,62,995,11.3,59.1,53,Sunny,17,5,Medium,17361,13524,Monitor Shipment
2025-02-09 19:00:00,C121,Apple,Bengaluru,Chennai,31,30,1032,5.8,111.5,66,Clear,8,8,Low,5173,1368,Continue Route
2025-02-09 20:00:00,C142,Avocado,Mumbai,Mumbai,34,62,988,20.0,41.4,236,Cloudy,26,2,High,94390,21752,Redirect to Nearby Market
2025-02-09 21:00:00,C246,Banana,Kolkata,Pune,18,68,999,21.3,9.6,221,Rainy,7,8,Low,14106,3225,Continue Route
2025-02-09 22:00:00,C255,Mango,Delhi,Bengaluru,24,29,1006,19.0,37.4,230,Storm,24,2,High,61185,45333,Redirect to Nearby Market
2025-02-09 23:00:00,C215,Apple,Mumbai,Hyderabad,25,93,993,18.7,112.5,103,Sunny,28,1,High,138813,23995,Redirect to Nearby Market
2025-02-10 00:00:00,C207,Apple,Chennai,Bengaluru,39,55,1006,5.6,76.8,299,Fog,28,1,High,50638,69487,Redirect to Nearby Market
2025-02-10 01:00:00,C250,Avocado,Mumbai,Hyderabad,39,41,996,2.8,104.8,203,Rainy,5,9,Low,9787,1229,Continue Route
2025-02-10 02:00:00,C241,Orange,Jaipur,Mumbai,19,90,1027,2.6,74.2,53,Fog,17,5,Medium,17101,16874,Monitor Shipment
2025-02-10 03:00:00,C254,Banana,Mumbai,Hyderabad,21,38,1009,0.7,90.2,241,Rainy,31,1,High,63183,32182,Redirect to Nearby Market
2025-02-10 04:00:00,C130,Mango,Lucknow,Chennai,35,70,999,19.3,58.7,205,Fog,35,1,High,74485,60605,Redirect to Nearby Market
2025-02-10 05:00:00,C188,Orange,Ahmedabad,Hyderabad,25,58,1000,19.2,31.2,279,Clear,14,6,Medium,28584,12745,Monitor Shipment
2025-02-10 06:00:00,C267,Banana,Bengaluru,Mumbai,33,79,990,12.9,33.4,337,Clear,17,5,Medium,46534,14577,Monitor Shipment
2025-02-10 07:00:00,C170,Banana,Chennai,Mumbai,24,84,987,13.8,10.5,278,Sunny,11,7,Low,5994,2419,Continue Route
2025-02-10 08:00:00,C119,Mango,Chennai,Mumbai,20,39,1000,16.7,4.6,62,Rainy,35,1,High,125114,20677,Redirect to Nearby Market
2025-02-10 09:00:00,C072,Apple,Pune,Pune,18,93,1031,20.1,105.1,268,Rainy,31,1,High,68278,40549,Redirect to Nearby Market
2025-02-10 10:00:00,C042,Banana,Chennai,Chennai,32,54,982,9.3,44.1,101,Cloudy,29,1,High,132438,33500,Redirect to Nearby Market
2025-02-10 11:00:00,C060,Apple,Jaipur,Hyderabad,42,77,1033,24.0,111.8,120,Fog,35,1,High,142879,40067,Redirect to Nearby Market
2025-02-10 12:00:00,C133,Mango,Pune,Mumbai,32,61,1012,16.8,50.5,255,Rainy,11,7,Low,9872,4230,Continue Route
2025-02-10 13:00:00,C044,Banana,Mumbai,Hyderabad,35,27,1020,21.2,75.7,193,Cloudy,5,9,Low,13500,4966,Continue Route
2025-02-10 14:00:00,C250,Orange,Kolkata,Delhi,32,48,998,12.3,65.0,48,Sunny,14,6,Medium,39846,8566,Monitor Shipment
2025-02-10 15:00:00,C034,Apple,Bengaluru,Bengaluru,21,64,989,5.4,75.9,346,Fog,28,1,High,93552,33644,Redirect to Nearby Market
2025-02-10 16:00:00,C294,Banana,Delhi,Chennai,41,89,1028,21.1,30.3,322,Clear,16,5,Medium,35854,16566,Monitor Shipment
2025-02-10 17:00:00,C280,Avocado,Lucknow,Mumbai,20,61,982,3.7,0.1,104,Clear,29,1,High,72853,49313,Redirect to Nearby Market
2025-02-10 18:00:00,C131,Orange,Kolkata,Mumbai,40,88,1008,1.3,77.2,86,Clear,30,1,High,88630,54482,Redirect to Nearby Market
2025-02-10 19:00:00,C191,Orange,Kolkata,Chennai,33,79,990,4.8,45.4,306,Fog,16,5,Medium,41378,18510,Monitor Shipment
2025-02-10 20:00:00,C153,Orange,Delhi,Delhi,38,69,1015,8.9,31.6,332,Sunny,24,2,High,79018,66747,Redirect to Nearby Market
2025-02-10 21:00:00,C216,Mango,Chennai,Bengaluru,26,83,1009,24.7,28.0,110,Sunny,16,5,Medium,34319,13170,Monitor Shipment
2025-02-10 22:00:00,C264,Orange,Lucknow,Mumbai,34,39,1014,2.6,20.4,164,Cloudy,19,4,Medium,16170,17972,Monitor Shipment
2025-02-10 23:00:00,C099,Banana,Delhi,Delhi,28,88,1012,3.2,103.6,289,Sunny,12,6,Medium,17255,8386,Monitor Shipment
2025-02-11 00:00:00,C049,Avocado,Kolkata,Chennai,25,78,1027,9.9,18.5,34,Cloudy,23,3,High,144500,73094,Redirect to Nearby Market
2025-02-11 01:00:00,C071,Mango,Delhi,Delhi,42,48,982,15.7,112.4,194,Cloudy,9,7,Low,7234,2526,Continue Route
2025-02-11 02:00:00,C114,Banana,Pune,Pune,34,81,1016,2.3,6.6,281,Storm,29,1,High,105109,24356,Redirect to Nearby Market
2025-02-11 03:00:00,C033,Avocado,Pune,Mumbai,20,38,993,10.7,101.5,99,Storm,22,3,High,64602,45571,Redirect to Nearby Market
2025-02-11 04:00:00,C161,Orange,Kolkata,Chennai,40,42,1029,6.3,13.0,121,Clear,26,2,High,99167,72020,Redirect to Nearby Market
2025-02-11 05:00:00,C031,Apple,Lucknow,Delhi,29,33,1025,3.3,45.9,215,Storm,16,5,Medium,19870,15880,Monitor Shipment
2025-02-11 06:00:00,C159,Apple,Delhi,Delhi,32,40,1001,4.3,36.4,125,Fog,21,3,High,136484,59899,Redirect to Nearby Market
2025-02-11 07:00:00,C236,Apple,Bengaluru,Chennai,39,92,1006,5.6,24.9,313,Rainy,30,1,High,94288,58350,Redirect to Nearby Market
2025-02-11 08:00:00,C122,Banana,Kolkata,Bengaluru,36,57,1030,11.6,76.6,95,Sunny,10,7,Low,14324,3281,Continue Route
2025-02-11 09:00:00,C044,Apple,Jaipur,Pune,34,75,994,24.1,111.2,51,Clear,8,8,Low,14685,2074,Continue Route
2025-02-11 10:00:00,C126,Orange,Mumbai,Hyderabad,22,43,1002,20.2,111.2,145,Storm,12,6,Medium,34820,19583,Monitor Shipment
2025-02-11 11:00:00,C182,Orange,Hyderabad,Pune,35,71,1023,13.1,103.5,213,Clear,22,3,High,58721,73820,Redirect to Nearby Market
2025-02-11 12:00:00,C165,Banana,Mumbai,Chennai,18,88,1002,12.9,72.0,30,Sunny,5,9,Low,5095,2817,Continue Route
2025-02-11 13:00:00,C133,Mango,Kolkata,Bengaluru,30,88,1019,24.8,28.0,331,Storm,19,4,Medium,43220,18390,Monitor Shipment
2025-02-11 14:00:00,C057,Apple,Kolkata,Pune,23,55,1027,22.9,0.4,77,Fog,9,7,Low,10851,2568,Continue Route
2025-02-11 15:00:00,C085,Orange,Pune,Delhi,38,78,1006,4.8,80.4,144,Fog,24,2,High,132901,72909,Redirect to Nearby Market
2025-02-11 16:00:00,C122,Orange,Bengaluru,Chennai,26,87,999,16.7,51.9,185,Storm,32,1,High,94507,75544,Redirect to Nearby Market
2025-02-11 17:00:00,C226,Avocado,Lucknow,Delhi,38,90,1015,10.1,3.3,287,Rainy,27,1,High,129114,50100,Redirect to Nearby Market
2025-02-11 18:00:00,C146,Mango,Bengaluru,Delhi,36,35,1002,10.9,82.5,146,Clear,11,7,Low,9979,3567,Continue Route
2025-02-11 19:00:00,C090,Avocado,Lucknow,Mumbai,30,39,1005,10.3,106.9,179,Rainy,14,6,Medium,47830,5206,Monitor Shipment
2025-02-11 20:00:00,C115,Apple,Mumbai,Chennai,27,81,999,22.5,93.6,218,Cloudy,19,4,Medium,25838,8170,Monitor Shipment
2025-02-11 21:00:00,C282,Banana,Mumbai,Chennai,31,31,1005,13.8,34.3,337,Rainy,22,3,High,65130,49259,Redirect to Nearby Market
2025-02-11 22:00:00,C246,Orange,Delhi,Bengaluru,28,87,1001,21.1,55.7,175,Fog,24,2,High,124291,37486,Redirect to Nearby Market
2025-02-11 23:00:00,C048,Apple,Hyderabad,Hyderabad,25,44,985,2.1,84.5,136,Rainy,17,5,Medium,23201,18655,Monitor Shipment
2025-02-12 00:00:00,C108,Apple,Lucknow,Delhi,21,59,992,8.1,52.9,265,Rainy,33,1,High,63209,66406,Redirect to Nearby Market
2025-02-12 01:00:00,C227,Mango,Hyderabad,Delhi,38,26,993,23.6,11.2,79,Fog,23,3,High,74144,70505,Redirect to Nearby Market
2025-02-12 02:00:00,C237,Banana,Delhi,Bengaluru,30,69,1024,23.3,74.7,258,Cloudy,33,1,High,86252,40187,Redirect to Nearby Market
2025-02-12 03:00:00,C246,Mango,Chennai,Chennai,38,52,1020,8.7,101.4,188,Sunny,18,4,Medium,47728,11580,Monitor Shipment
2025-02-12 04:00:00,C239,Orange,Pune,Chennai,18,74,1021,18.3,73.1,117,Storm,30,1,High,52231,62634,Redirect to Nearby Market
2025-02-12 05:00:00,C101,Banana,Bengaluru,Hyderabad,30,56,1012,3.4,89.5,153,Clear,25,2,High,125489,72556,Redirect to Nearby Market
2025-02-12 06:00:00,C255,Mango,Lucknow,Chennai,38,40,1019,24.7,24.1,50,Cloudy,23,3,High,100649,29644,Redirect to Nearby Market
2025-02-12 07:00:00,C270,Avocado,Hyderabad,Hyderabad,30,88,1030,4.0,70.0,266,Storm,15,5,Medium,21045,13075,Monitor Shipment
2025-02-12 08:00:00,C015,Avocado,Chennai,Chennai,28,86,999,10.8,13.5,207,Fog,32,1,High,149594,63430,Redirect to Nearby Market
2025-02-12 09:00:00,C141,Orange,Chennai,Hyderabad,22,39,999,20.1,114.9,234,Fog,12,6,Medium,25621,6415,Monitor Shipment
2025-02-12 10:00:00,C034,Mango,Hyderabad,Chennai,34,82,1009,8.5,102.7,194,Fog,35,1,High,110452,22093,Redirect to Nearby Market
2025-02-12 11:00:00,C263,Apple,Pune,Pune,22,83,988,20.7,35.6,210,Clear,24,2,High,119081,70462,Redirect to Nearby Market
2025-02-12 12:00:00,C126,Mango,Mumbai,Bengaluru,34,26,983,11.4,23.6,178,Clear,6,8,Low,5953,1481,Continue Route
2025-02-12 13:00:00,C293,Orange,Delhi,Mumbai,36,74,988,11.9,94.3,333,Clear,10,7,Low,11455,4150,Continue Route
2025-02-12 14:00:00,C170,Orange,Hyderabad,Bengaluru,36,25,990,7.6,30.0,228,Fog,5,9,Low,7830,1529,Continue Route
2025-02-12 15:00:00,C277,Avocado,Kolkata,Hyderabad,23,35,1026,17.1,87.0,50,Storm,19,4,Medium,35508,13593,Monitor Shipment
2025-02-12 16:00:00,C074,Apple,Hyderabad,Bengaluru,24,78,984,18.7,104.1,131,Rainy,26,2,High,140267,23117,Redirect to Nearby Market
2025-02-12 17:00:00,C020,Banana,Bengaluru,Delhi,21,67,1031,20.2,49.3,350,Clear,18,4,Medium,16693,14401,Monitor Shipment
2025-02-12 18:00:00,C090,Banana,Delhi,Pune,30,32,1016,0.8,16.9,266,Fog,20,4,Medium,42977,10345,Monitor Shipment
2025-02-12 19:00:00,C172,Avocado,Hyderabad,Pune,34,53,999,18.3,87.1,325,Cloudy,15,5,Medium,21178,14864,Monitor Shipment
2025-02-12 20:00:00,C053,Banana,Mumbai,Mumbai,27,53,1003,7.4,109.8,325,Sunny,14,6,Medium,22705,13778,Monitor Shipment
2025-02-12 21:00:00,C010,Avocado,Hyderabad,Delhi,18,61,981,24.3,91.6,128,Storm,26,2,High,129364,40966,Redirect to Nearby Market
2025-02-12 22:00:00,C109,Apple,Bengaluru,Hyderabad,41,45,982,14.6,42.7,329,Rainy,24,2,High,104562,43618,Redirect to Nearby Market
2025-02-12 23:00:00,C223,Orange,Jaipur,Chennai,37,50,1011,15.8,90.9,47,Storm,9,7,Low,10662,2696,Continue Route
2025-02-13 00:00:00,C207,Avocado,Lucknow,Chennai,35,32,993,6.7,9.3,148,Cloudy,11,7,Low,14458,3501,Continue Route
2025-02-13 01:00:00,C275,Avocado,Mumbai,Hyderabad,26,72,1010,7.9,21.0,44,Storm,17,5,Medium,41440,13396,Monitor Shipment
2025-02-13 02:00:00,C036,Avocado,Mumbai,Mumbai,35,61,1024,3.6,26.5,49,Sunny,20,4,Medium,47202,16873,Monitor Shipment
2025-02-13 03:00:00,C076,Orange,Kolkata,Pune,34,27,985,6.9,34.2,195,Sunny,24,2,High,79620,35334,Redirect to Nearby Market
2025-02-13 04:00:00,C092,Apple,Bengaluru,Chennai,31,62,1017,6.2,30.4,227,Cloudy,5,9,Low,11587,2109,Continue Route
2025-02-13 05:00:00,C002,Banana,Kolkata,Hyderabad,38,59,1019,2.0,36.7,46,Sunny,22,3,High,79426,72122,Redirect to Nearby Market
2025-02-13 06:00:00,C093,Mango,Mumbai,Mumbai,32,27,990,2.3,99.9,318,Sunny,33,1,High,91585,22140,Redirect to Nearby Market
2025-02-13 07:00:00,C030,Apple,Pune,Pune,32,51,991,24.2,66.8,340,Rainy,30,1,High,87433,68458,Redirect to Nearby Market
2025-02-13 08:00:00,C253,Banana,Mumbai,Bengaluru,18,50,1016,6.1,89.1,123,Cloudy,10,7,Low,9708,2262,Continue Route
2025-02-13 09:00:00,C226,Banana,Bengaluru,Mumbai,35,88,1010,4.8,26.0,191,Clear,15,5,Medium,39324,6486,Monitor Shipment
2025-02-13 10:00:00,C194,Banana,Hyderabad,Pune,35,36,1017,3.2,32.2,92,Sunny,24,2,High,142802,48977,Redirect to Nearby Market
2025-02-13 11:00:00,C176,Banana,Chennai,Chennai,40,47,988,19.3,102.1,289,Fog,34,1,High,78288,53453,Redirect to Nearby Market
2025-02-13 12:00:00,C097,Mango,Pune,Bengaluru,38,88,1021,7.0,18.6,325,Rainy,15,5,Medium,20996,19072,Monitor Shipment
2025-02-13 13:00:00,C220,Avocado,Lucknow,Delhi,40,92,1020,6.7,7.5,228,Cloudy,33,1,High,120914,28884,Redirect to Nearby Market
2025-02-13 14:00:00,C075,Apple,Ahmedabad,Chennai,22,59,983,2.8,50.9,32,Rainy,35,1,High,119527,69826,Redirect to Nearby Market
2025-02-13 15:00:00,C007,Orange,Delhi,Delhi,32,81,996,23.2,91.5,155,Sunny,14,6,Medium,33442,6034,Monitor Shipment
2025-02-13 16:00:00,C014,Avocado,Bengaluru,Bengaluru,30,65,988,12.4,90.0,52,Fog,34,1,High,68530,62825,Redirect to Nearby Market
2025-02-13 17:00:00,C008,Apple,Kolkata,Mumbai,41,77,1018,2.0,53.9,38,Cloudy,5,9,Low,7399,3490,Continue Route
2025-02-13 18:00:00,C239,Apple,Chennai,Delhi,38,30,1032,4.4,59.3,117,Sunny,14,6,Medium,18586,5450,Monitor Shipment
2025-02-13 19:00:00,C281,Apple,Pune,Pune,25,31,989,22.3,56.6,242,Rainy,20,4,Medium,16048,18032,Monitor Shipment
2025-02-13 20:00:00,C167,Apple,Mumbai,Pune,20,86,996,12.7,96.8,57,Fog,26,2,High,121702,68318,Redirect to Nearby Market
2025-02-13 21:00:00,C031,Avocado,Mumbai,Delhi,31,77,1001,16.7,36.1,296,Fog,5,9,Low,9200,2504,Continue Route
2025-02-13 22:00:00,C207,Banana,Lucknow,Mumbai,33,37,1006,5.7,90.8,259,Clear,11,7,Low,10236,4666,Continue Route
2025-02-13 23:00:00,C138,Banana,Kolkata,Delhi,20,59,988,6.0,105.5,196,Fog,27,1,High,58588,62640,Redirect to Nearby Market
2025-02-14 00:00:00,C026,Avocado,Mumbai,Bengaluru,23,36,1020,17.8,3.0,57,Storm,27,1,High,130812,46695,Redirect to Nearby Market
2025-02-14 01:00:00,C228,Avocado,Jaipur,Hyderabad,23,32,1019,7.9,71.3,73,Storm,23,3,High,71842,60515,Redirect to Nearby Market
2025-02-14 02:00:00,C182,Mango,Kolkata,Mumbai,33,82,1002,25.0,55.3,48,Cloudy,30,1,High,104986,68578,Redirect to Nearby Market
2025-02-14 03:00:00,C174,Banana,Delhi,Hyderabad,23,94,1013,18.9,107.5,114,Rainy,16,5,Medium,44006,12734,Monitor Shipment
2025-02-14 04:00:00,C192,Orange,Ahmedabad,Delhi,24,62,981,18.8,71.8,269,Rainy,23,3,High,143911,46981,Redirect to Nearby Market
2025-02-14 05:00:00,C213,Apple,Delhi,Chennai,25,34,1003,2.2,9.1,254,Storm,19,4,Medium,46837,13195,Monitor Shipment
2025-02-14 06:00:00,C228,Mango,Mumbai,Delhi,28,76,984,6.1,102.5,267,Storm,13,6,Medium,24534,11515,Monitor Shipment
2025-02-14 07:00:00,C261,Mango,Lucknow,Hyderabad,41,89,1030,7.8,118.4,203,Rainy,29,1,High,145681,64026,Redirect to Nearby Market
2025-02-14 08:00:00,C223,Apple,Delhi,Delhi,37,45,986,21.3,19.8,343,Cloudy,22,3,High,88068,39029,Redirect to Nearby Market
2025-02-14 09:00:00,C032,Orange,Ahmedabad,Pune,32,47,983,22.9,56.1,213,Rainy,7,8,Low,9200,3849,Continue Route
2025-02-14 10:00:00,C144,Orange,Pune,Hyderabad,27,75,994,7.8,52.0,133,Cloudy,23,3,High,70561,78300,Redirect to Nearby Market
2025-02-14 11:00:00,C061,Mango,Delhi,Chennai,35,50,999,7.5,41.2,280,Storm,33,1,High,83342,48172,Redirect to Nearby Market
2025-02-14 12:00:00,C165,Mango,Mumbai,Chennai,25,40,1034,2.4,49.5,272,Sunny,17,5,Medium,33280,15378,Monitor Shipment
2025-02-14 13:00:00,C011,Mango,Kolkata,Mumbai,20,80,1031,2.8,43.7,276,Sunny,10,7,Low,13091,2274,Continue Route
2025-02-14 14:00:00,C250,Banana,Ahmedabad,Bengaluru,34,78,1005,12.2,51.0,303,Sunny,17,5,Medium,29284,17576,Monitor Shipment
2025-02-14 15:00:00,C128,Apple,Bengaluru,Chennai,20,27,1019,9.1,98.5,126,Sunny,19,4,Medium,36306,11011,Monitor Shipment
2025-02-14 16:00:00,C048,Avocado,Jaipur,Pune,31,57,1033,18.0,38.5,201,Sunny,20,4,Medium,17780,11602,Monitor Shipment
2025-02-14 17:00:00,C216,Avocado,Ahmedabad,Chennai,29,28,1017,8.8,12.6,166,Storm,11,7,Low,10100,4627,Continue Route
2025-02-14 18:00:00,C167,Orange,Ahmedabad,Delhi,34,88,1031,19.2,8.6,178,Clear,15,5,Medium,15809,5589,Monitor Shipment
2025-02-14 19:00:00,C218,Avocado,Delhi,Chennai,25,61,1035,8.3,101.9,237,Sunny,18,4,Medium,25009,14382,Monitor Shipment
2025-02-14 20:00:00,C215,Orange,Kolkata,Mumbai,27,74,998,13.0,76.1,307,Sunny,21,3,High,66828,70232,Redirect to Nearby Market
2025-02-14 21:00:00,C167,Apple,Jaipur,Pune,25,57,1022,7.4,15.3,334,Fog,25,2,High,116354,68167,Redirect to Nearby Market
2025-02-14 22:00:00,C228,Mango,Pune,Hyderabad,38,38,1026,20.9,83.4,80,Sunny,14,6,Medium,21506,10625,Monitor Shipment
2025-02-14 23:00:00,C116,Apple,Lucknow,Hyderabad,30,32,1023,2.6,34.0,291,Cloudy,17,5,Medium,18354,7970,Monitor Shipment
2025-02-15 00:00:00,C020,Apple,Chennai,Hyderabad,21,79,1021,1.4,31.4,323,Rainy,28,1,High,133688,75853,Redirect to Nearby Market
2025-02-15 01:00:00,C093,Mango,Pune,Hyderabad,21,51,1033,21.4,100.3,329,Clear,11,7,Low,7618,3776,Continue Route
2025-02-15 02:00:00,C030,Avocado,Pune,Mumbai,37,40,982,24.9,5.5,251,Sunny,10,7,Low,12740,4314,Continue Route
2025-02-15 03:00:00,C263,Mango,Delhi,Pune,28,41,1022,8.8,93.9,111,Fog,14,6,Medium,43104,7563,Monitor Shipment
2025-02-15 04:00:00,C240,Avocado,Hyderabad,Delhi,30,59,1033,1.6,31.1,189,Rainy,23,3,High,69724,56548,Redirect to Nearby Market
2025-02-15 05:00:00,C204,Avocado,Bengaluru,Mumbai,18,57,1009,10.4,21.1,116,Clear,31,1,High,93796,42334,Redirect to Nearby Market
2025-02-15 06:00:00,C067,Apple,Pune,Delhi,32,55,997,0.7,15.3,303,Storm,16,5,Medium,20527,15085,Monitor Shipment
2025-02-15 07:00:00,C193,Apple,Bengaluru,Bengaluru,38,65,1008,9.7,0.1,269,Fog,7,8,Low,7740,2164,Continue Route
2025-02-15 08:00:00,C036,Orange,Chennai,Bengaluru,37,68,991,21.2,11.2,315,Sunny,29,1,High,59654,37265,Redirect to Nearby Market
2025-02-15 09:00:00,C286,Orange,Kolkata,Hyderabad,18,39,1007,3.3,33.4,55,Fog,18,4,Medium,24600,9854,Monitor Shipment
2025-02-15 10:00:00,C186,Orange,Kolkata,Mumbai,39,38,1029,8.6,11.1,68,Sunny,16,5,Medium,42202,11599,Monitor Shipment
2025-02-15 11:00:00,C082,Banana,Kolkata,Chennai,33,72,1016,13.0,19.9,53,Clear,18,4,Medium,23241,16392,Monitor Shipment
2025-02-15 12:00:00,C073,Avocado,Jaipur,Bengaluru,24,51,989,20.3,25.9,83,Cloudy,18,4,Medium,26598,6918,Monitor Shipment
2025-02-15 13:00:00,C279,Mango,Ahmedabad,Mumbai,37,76,1032,6.5,8.6,111,Sunny,6,8,Low,10549,2734,Continue Route
2025-02-15 14:00:00,C066,Orange,Lucknow,Chennai,25,40,987,4.9,81.4,241,Clear,32,1,High,93780,76330,Redirect to Nearby Market
2025-02-15 15:00:00,C123,Mango,Ahmedabad,Hyderabad,37,75,1007,21.3,93.9,56,Storm,18,4,Medium,27864,7435,Monitor Shipment
2025-02-15 16:00:00,C247,Apple,Delhi,Delhi,21,88,982,15.2,65.9,253,Storm,8,8,Low,10584,2405,Continue Route
2025-02-15 17:00:00,C145,Banana,Hyderabad,Hyderabad,38,39,1027,4.6,7.6,77,Sunny,13,6,Medium,42613,5302,Monitor Shipment
2025-02-15 18:00:00,C025,Orange,Mumbai,Pune,24,78,1004,7.3,72.3,201,Clear,15,5,Medium,38670,14063,Monitor Shipment
2025-02-15 19:00:00,C080,Orange,Kolkata,Delhi,42,91,1023,18.5,91.9,284,Cloudy,28,1,High,68502,75866,Redirect to Nearby Market
2025-02-15 20:00:00,C085,Apple,Ahmedabad,Chennai,19,94,982,21.3,48.5,166,Fog,22,3,High,61632,61036,Redirect to Nearby Market
2025-02-15 21:00:00,C256,Avocado,Chennai,Pune,26,93,995,1.5,9.5,339,Fog,5,9,Low,9110,1506,Continue Route
2025-02-15 22:00:00,C124,Banana,Bengaluru,Pune,19,40,1033,9.5,100.3,251,Storm,33,1,High,116842,54854,Redirect to Nearby Market
2025-02-15 23:00:00,C289,Mango,Chennai,Mumbai,20,88,1000,11.1,101.0,194,Rainy,13,6,Medium,46973,8728,Monitor Shipment
2025-02-16 00:00:00,C089,Banana,Bengaluru,Bengaluru,27,76,1021,1.1,36.2,266,Fog,26,2,High,104308,37033,Redirect to Nearby Market
2025-02-16 01:00:00,C126,Orange,Hyderabad,Pune,38,56,998,9.3,73.7,181,Cloudy,17,5,Medium,25352,6947,Monitor Shipment
2025-02-16 02:00:00,C160,Mango,Lucknow,Pune,35,68,1023,7.4,27.6,32,Storm,11,7,Low,13083,4392,Continue Route
2025-02-16 03:00:00,C216,Mango,Mumbai,Pune,29,56,994,21.1,74.1,67,Clear,26,2,High,86470,25838,Redirect to Nearby Market
2025-02-16 04:00:00,C211,Apple,Pune,Delhi,38,71,994,0.9,22.6,210,Fog,21,3,High,100105,74281,Redirect to Nearby Market
2025-02-16 05:00:00,C177,Banana,Kolkata,Chennai,37,83,1033,18.0,90.6,155,Rainy,12,6,Medium,21213,8281,Monitor Shipment
2025-02-16 06:00:00,C116,Orange,Delhi,Mumbai,31,57,1026,18.4,52.3,165,Storm,11,7,Low,11831,1492,Continue Route
2025-02-16 07:00:00,C293,Orange,Mumbai,Hyderabad,29,92,990,14.7,23.9,310,Sunny,18,4,Medium,18992,10290,Monitor Shipment
2025-02-16 08:00:00,C190,Banana,Lucknow,Chennai,26,51,985,5.5,42.5,119,Sunny,17,5,Medium,36284,11653,Monitor Shipment
2025-02-16 09:00:00,C020,Banana,Ahmedabad,Pune,21,43,987,15.0,72.2,276,Clear,20,4,Medium,28043,17673,Monitor Shipment
2025-02-16 10:00:00,C159,Banana,Bengaluru,Pune,37,62,1000,16.5,31.7,110,Rainy,30,1,High,141386,33968,Redirect to Nearby Market
2025-02-16 11:00:00,C037,Mango,Ahmedabad,Bengaluru,24,46,1006,9.2,113.2,149,Clear,13,6,Medium,45526,13718,Monitor Shipment
2025-02-16 12:00:00,C102,Mango,Hyderabad,Chennai,41,71,989,15.8,38.0,87,Rainy,12,6,Medium,30228,14899,Monitor Shipment
2025-02-16 13:00:00,C159,Avocado,Chennai,Mumbai,42,59,1031,16.0,18.3,38,Storm,19,4,Medium,48002,5244,Monitor Shipment
2025-02-16 14:00:00,C055,Apple,Lucknow,Chennai,19,68,987,1.8,55.1,52,Rainy,35,1,High,73731,43506,Redirect to Nearby Market
2025-02-16 15:00:00,C187,Mango,Ahmedabad,Bengaluru,30,40,1004,15.5,15.6,325,Storm,23,3,High,64380,73646,Redirect to Nearby Market
2025-02-16 16:00:00,C189,Orange,Pune,Delhi,26,48,1020,14.1,45.6,121,Cloudy,28,1,High,119814,77116,Redirect to Nearby Market
2025-02-16 17:00:00,C240,Mango,Hyderabad,Bengaluru,28,37,983,5.2,103.3,122,Storm,28,1,High,142371,29395,Redirect to Nearby Market
2025-02-16 18:00:00,C232,Orange,Bengaluru,Mumbai,26,64,1024,25.0,72.7,254,Fog,29,1,High,141488,25923,Redirect to Nearby Market
2025-02-16 19:00:00,C031,Avocado,Kolkata,Mumbai,28,89,1006,8.6,112.0,88,Rainy,28,1,High,81076,20634,Redirect to Nearby Market
2025-02-16 20:00:00,C200,Mango,Delhi,Bengaluru,22,26,1032,17.2,43.8,106,Rainy,19,4,Medium,26611,9090,Monitor Shipment
2025-02-16 21:00:00,C292,Orange,Delhi,Bengaluru,30,92,1001,13.8,105.8,317,Rainy,7,8,Low,7881,4723,Continue Route
2025-02-16 22:00:00,C228,Banana,Bengaluru,Chennai,18,36,994,2.7,50.7,100,Storm,28,1,High,145931,55113,Redirect to Nearby Market
2025-02-16 23:00:00,C125,Mango,Pune,Chennai,36,34,1028,13.9,9.1,100,Rainy,22,3,High,125318,28055,Redirect to Nearby Market
2025-02-17 00:00:00,C092,Apple,Delhi,Delhi,35,80,1013,18.4,41.7,159,Sunny,12,6,Medium,17437,9743,Monitor Shipment
2025-02-17 01:00:00,C273,Apple,Mumbai,Hyderabad,27,82,995,5.7,74.0,79,Storm,21,3,High,108522,51806,Redirect to Nearby Market
2025-02-17 02:00:00,C093,Banana,Delhi,Bengaluru,42,66,1034,3.7,35.1,61,Clear,6,8,Low,13328,3884,Continue Route
2025-02-17 03:00:00,C291,Banana,Delhi,Delhi,21,57,1020,22.4,105.4,209,Rainy,20,4,Medium,16531,12168,Monitor Shipment
2025-02-17 04:00:00,C124,Avocado,Ahmedabad,Bengaluru,33,93,1006,3.0,29.4,173,Sunny,23,3,High,125623,49520,Redirect to Nearby Market
2025-02-17 05:00:00,C176,Banana,Chennai,Mumbai,20,45,1014,3.1,58.7,263,Storm,13,6,Medium,29319,11261,Monitor Shipment
2025-02-17 06:00:00,C086,Banana,Delhi,Hyderabad,36,83,1012,7.4,75.3,219,Rainy,27,1,High,107652,75577,Redirect to Nearby Market
2025-02-17 07:00:00,C137,Mango,Kolkata,Chennai,42,81,1016,17.5,107.9,150,Clear,22,3,High,77995,36422,Redirect to Nearby Market
2025-02-17 08:00:00,C171,Mango,Chennai,Hyderabad,29,94,1033,6.3,1.2,157,Storm,13,6,Medium,37652,19842,Monitor Shipment
2025-02-17 09:00:00,C165,Mango,Kolkata,Bengaluru,39,62,1022,5.7,32.9,125,Clear,11,7,Low,11538,3043,Continue Route
2025-02-17 10:00:00,C027,Mango,Bengaluru,Pune,32,69,1019,13.3,28.0,180,Sunny,31,1,High,147003,34748,Redirect to Nearby Market
2025-02-17 11:00:00,C011,Banana,Pune,Chennai,27,32,981,13.5,102.1,287,Cloudy,6,8,Low,8999,4102,Continue Route
2025-02-17 12:00:00,C256,Mango,Lucknow,Delhi,27,49,1023,20.2,45.0,36,Storm,33,1,High,74322,26906,Redirect to Nearby Market
2025-02-17 13:00:00,C176,Orange,Jaipur,Bengaluru,21,34,1005,19.2,62.7,213,Clear,28,1,High,106422,78544,Redirect to Nearby Market
2025-02-17 14:00:00,C040,Orange,Ahmedabad,Bengaluru,42,42,1007,6.0,28.2,43,Storm,11,7,Low,5453,4512,Continue Route
2025-02-17 15:00:00,C062,Avocado,Hyderabad,Hyderabad,41,39,988,0.7,110.9,108,Fog,34,1,High,54935,76752,Redirect to Nearby Market
2025-02-17 16:00:00,C116,Apple,Jaipur,Mumbai,23,84,1018,23.1,3.8,253,Sunny,22,3,High,147161,56345,Redirect to Nearby Market
2025-02-17 17:00:00,C205,Orange,Jaipur,Pune,30,67,982,20.9,42.0,218,Sunny,25,2,High,129520,49674,Redirect to Nearby Market
2025-02-17 18:00:00,C032,Apple,Delhi,Pune,24,76,1016,18.8,2.4,309,Sunny,25,2,High,132578,42538,Redirect to Nearby Market
2025-02-17 19:00:00,C150,Apple,Pune,Pune,34,42,983,13.7,64.0,316,Cloudy,29,1,High,146076,35581,Redirect to Nearby Market
2025-02-17 20:00:00,C123,Apple,Bengaluru,Bengaluru,28,89,1015,8.5,116.6,224,Storm,14,6,Medium,20072,17480,Monitor Shipment
2025-02-17 21:00:00,C197,Mango,Hyderabad,Pune,33,92,981,24.0,80.4,325,Rainy,30,1,High,133401,56184,Redirect to Nearby Market
2025-02-17 22:00:00,C003,Orange,Pune,Hyderabad,36,54,988,20.1,65.5,218,Cloudy,18,4,Medium,41236,16230,Monitor Shipment
2025-02-17 23:00:00,C297,Avocado,Jaipur,Bengaluru,24,52,997,10.6,22.4,83,Sunny,31,1,High,63814,54779,Redirect to Nearby Market
2025-02-18 00:00:00,C095,Mango,Delhi,Delhi,20,92,991,18.3,89.1,320,Clear,6,8,Low,7580,4964,Continue Route
2025-02-18 01:00:00,C195,Mango,Chennai,Bengaluru,26,38,1008,11.3,66.3,46,Fog,7,8,Low,12546,1876,Continue Route
2025-02-18 02:00:00,C106,Banana,Jaipur,Bengaluru,36,25,1020,21.0,88.6,272,Clear,29,1,High,57296,61584,Redirect to Nearby Market
2025-02-18 03:00:00,C017,Mango,Bengaluru,Delhi,28,81,1006,24.8,0.3,172,Rainy,18,4,Medium,38975,5968,Monitor Shipment
2025-02-18 04:00:00,C252,Banana,Pune,Chennai,18,57,1016,25.0,75.5,97,Cloudy,16,5,Medium,15617,9139,Monitor Shipment
2025-02-18 05:00:00,C193,Banana,Hyderabad,Pune,22,72,1018,0.9,104.7,43,Cloudy,28,1,High,83255,51545,Redirect to Nearby Market
2025-02-18 06:00:00,C009,Apple,Ahmedabad,Hyderabad,18,92,1019,13.6,61.0,264,Sunny,22,3,High,77338,73920,Redirect to Nearby Market
2025-02-18 07:00:00,C005,Orange,Pune,Hyderabad,18,72,1028,2.7,15.1,240,Cloudy,12,6,Medium,47245,18591,Monitor Shipment
2025-02-18 08:00:00,C267,Avocado,Pune,Mumbai,42,25,995,6.1,51.8,90,Clear,8,8,Low,14814,1668,Continue Route
2025-02-18 09:00:00,C071,Mango,Mumbai,Pune,21,51,981,10.0,25.9,202,Cloudy,19,4,Medium,34587,8217,Monitor Shipment
2025-02-18 10:00:00,C101,Apple,Kolkata,Hyderabad,22,56,985,11.1,44.8,300,Clear,26,2,High,141484,21372,Redirect to Nearby Market
2025-02-18 11:00:00,C208,Apple,Kolkata,Delhi,20,56,983,4.6,108.3,69,Rainy,35,1,High,133099,20159,Redirect to Nearby Market
2025-02-18 12:00:00,C127,Orange,Hyderabad,Chennai,37,42,984,9.8,80.5,206,Cloudy,32,1,High,123305,29082,Redirect to Nearby Market
2025-02-18 13:00:00,C064,Orange,Jaipur,Hyderabad,35,91,994,12.7,35.1,275,Fog,29,1,High,83854,22487,Redirect to Nearby Market
2025-02-18 14:00:00,C033,Banana,Delhi,Delhi,29,53,1006,16.7,88.4,165,Clear,20,4,Medium,33380,16792,Monitor Shipment
2025-02-18 15:00:00,C169,Orange,Pune,Mumbai,41,56,1022,4.8,97.0,124,Rainy,26,2,High,50846,62011,Redirect to Nearby Market
2025-02-18 16:00:00,C300,Banana,Pune,Bengaluru,21,54,1033,22.5,10.2,88,Cloudy,25,2,High,120032,22069,Redirect to Nearby Market
2025-02-18 17:00:00,C188,Orange,Lucknow,Pune,24,62,1033,23.6,87.1,333,Rainy,33,1,High,132977,24344,Redirect to Nearby Market
2025-02-18 18:00:00,C236,Banana,Hyderabad,Mumbai,24,31,1029,12.8,113.4,309,Clear,35,1,High,138890,43543,Redirect to Nearby Market
2025-02-18 19:00:00,C131,Mango,Mumbai,Pune,29,51,994,24.4,40.0,97,Storm,18,4,Medium,48807,19200,Monitor Shipment
2025-02-18 20:00:00,C205,Banana,Mumbai,Mumbai,36,42,1021,11.0,37.3,128,Storm,35,1,High,90268,59409,Redirect to Nearby Market
2025-02-18 21:00:00,C118,Apple,Delhi,Mumbai,18,25,1028,3.8,11.5,94,Storm,7,8,Low,9359,1604,Continue Route
2025-02-18 22:00:00,C157,Banana,Bengaluru,Mumbai,32,53,988,9.7,67.7,237,Rainy,19,4,Medium,47413,7914,Monitor Shipment
2025-02-18 23:00:00,C041,Apple,Jaipur,Mumbai,20,51,984,2.1,109.2,54,Fog,20,4,Medium,17510,5291,Monitor Shipment
2025-02-19 00:00:00,C171,Orange,Hyderabad,Hyderabad,35,69,1027,15.2,13.0,172,Rainy,9,7,Low,14001,2588,Continue Route
2025-02-19 01:00:00,C180,Apple,Hyderabad,Hyderabad,40,93,1026,5.9,95.5,137,Cloudy,8,8,Low,6715,4419,Continue Route
2025-02-19 02:00:00,C138,Apple,Jaipur,Mumbai,30,83,1026,14.6,9.6,234,Fog,28,1,High,132846,68519,Redirect to Nearby Market
2025-02-19 03:00:00,C055,Banana,Bengaluru,Hyderabad,32,74,1003,24.7,32.1,77,Clear,17,5,Medium,21081,18666,Monitor Shipment
2025-02-19 04:00:00,C019,Apple,Pune,Chennai,18,32,1003,9.9,26.5,244,Rainy,32,1,High,111627,50342,Redirect to Nearby Market
2025-02-19 05:00:00,C209,Apple,Lucknow,Delhi,29,95,997,22.6,23.1,175,Clear,11,7,Low,12138,2343,Continue Route
2025-02-19 06:00:00,C252,Orange,Kolkata,Chennai,24,42,987,2.7,38.0,141,Sunny,16,5,Medium,18791,12376,Monitor Shipment
2025-02-19 07:00:00,C186,Apple,Chennai,Delhi,38,77,1015,5.6,18.2,254,Sunny,30,1,High,73330,23037,Redirect to Nearby Market
2025-02-19 08:00:00,C049,Orange,Mumbai,Chennai,37,30,1031,24.8,15.8,174,Rainy,34,1,High,52924,53987,Redirect to Nearby Market
2025-02-19 09:00:00,C094,Orange,Hyderabad,Delhi,39,59,988,16.9,38.2,337,Rainy,14,6,Medium,26714,12836,Monitor Shipment
2025-02-19 10:00:00,C041,Avocado,Mumbai,Hyderabad,42,90,980,17.4,101.6,173,Rainy,7,8,Low,8827,3538,Continue Route
2025-02-19 11:00:00,C141,Banana,Kolkata,Hyderabad,36,61,982,23.2,15.8,298,Clear,5,9,Low,9925,4129,Continue Route
2025-02-19 12:00:00,C081,Mango,Ahmedabad,Delhi,22,54,1013,24.9,24.8,251,Fog,35,1,High,78394,55061,Redirect to Nearby Market
2025-02-19 13:00:00,C280,Mango,Delhi,Pune,36,75,1006,12.1,20.7,207,Fog,34,1,High,73284,22832,Redirect to Nearby Market
2025-02-19 14:00:00,C024,Avocado,Hyderabad,Pune,29,48,1009,22.3,56.6,350,Storm,19,4,Medium,25739,15447,Monitor Shipment
2025-02-19 15:00:00,C033,Banana,Hyderabad,Mumbai,37,56,989,18.5,14.8,237,Rainy,12,6,Medium,19138,9614,Monitor Shipment
2025-02-19 16:00:00,C003,Avocado,Mumbai,Bengaluru,22,33,1029,6.8,41.0,86,Clear,7,8,Low,11203,3196,Continue Route
2025-02-19 17:00:00,C222,Avocado,Bengaluru,Delhi,31,90,1007,22.6,65.2,306,Sunny,20,4,Medium,22131,8571,Monitor Shipment
2025-02-19 18:00:00,C182,Orange,Hyderabad,Mumbai,38,49,1016,17.1,60.2,347,Storm,21,3,High,114922,62503,Redirect to Nearby Market
2025-02-19 19:00:00,C077,Orange,Hyderabad,Hyderabad,21,69,981,18.3,22.4,241,Fog,26,2,High,126753,58438,Redirect to Nearby Market
2025-02-19 20:00:00,C143,Avocado,Delhi,Bengaluru,40,73,993,17.2,39.7,301,Cloudy,18,4,Medium,17492,9767,Monitor Shipment
2025-02-19 21:00:00,C017,Mango,Jaipur,Delhi,36,85,989,21.7,14.4,254,Storm,13,6,Medium,27165,15701,Monitor Shipment
2025-02-19 22:00:00,C081,Orange,Pune,Delhi,21,79,1033,7.7,95.3,158,Cloudy,23,3,High,149796,54265,Redirect to Nearby Market
2025-02-19 23:00:00,C214,Apple,Pune,Mumbai,33,77,1033,20.4,77.3,265,Cloudy,24,2,High,146970,76095,Redirect to Nearby Market
2025-02-20 00:00:00,C099,Apple,Ahmedabad,Chennai,35,25,992,20.1,87.9,141,Clear,13,6,Medium,46947,17062,Monitor Shipment
2025-02-20 01:00:00,C093,Mango,Ahmedabad,Hyderabad,31,90,994,17.4,94.1,177,Sunny,21,3,High,149047,21408,Redirect to Nearby Market
2025-02-20 02:00:00,C101,Mango,Hyderabad,Hyderabad,42,89,983,18.0,11.9,342,Rainy,29,1,High,123478,56927,Redirect to Nearby Market
2025-02-20 03:00:00,C257,Banana,Mumbai,Delhi,39,52,1025,18.5,4.0,286,Fog,29,1,High,140690,71041,Redirect to Nearby Market
2025-02-20 04:00:00,C129,Apple,Chennai,Delhi,36,51,1000,14.2,54.5,68,Fog,23,3,High,125146,63333,Redirect to Nearby Market
2025-02-20 05:00:00,C047,Orange,Mumbai,Mumbai,26,55,992,6.2,47.5,126,Clear,21,3,High,91926,43995,Redirect to Nearby Market
2025-02-20 06:00:00,C124,Avocado,Ahmedabad,Bengaluru,26,90,993,5.2,57.9,122,Fog,21,3,High,136505,46390,Redirect to Nearby Market
2025-02-20 07:00:00,C220,Avocado,Hyderabad,Hyderabad,37,68,992,5.1,54.5,195,Fog,34,1,High,99858,33041,Redirect to Nearby Market
2025-02-20 08:00:00,C250,Apple,Pune,Delhi,34,86,1035,7.6,23.5,152,Sunny,24,2,High,120794,66684,Redirect to Nearby Market
2025-02-20 09:00:00,C028,Banana,Jaipur,Delhi,39,31,1022,2.5,10.7,168,Cloudy,22,3,High,130926,59286,Redirect to Nearby Market
2025-02-20 10:00:00,C224,Banana,Lucknow,Delhi,24,32,1019,13.8,73.6,293,Cloudy,28,1,High,77208,30122,Redirect to Nearby Market
2025-02-20 11:00:00,C271,Orange,Hyderabad,Delhi,27,69,1022,8.3,22.2,265,Storm,27,1,High,101046,49519,Redirect to Nearby Market
2025-02-20 12:00:00,C007,Mango,Kolkata,Chennai,23,51,1005,17.7,86.7,308,Storm,8,8,Low,12975,2405,Continue Route
2025-02-20 13:00:00,C236,Banana,Pune,Pune,30,71,991,15.4,116.2,38,Storm,17,5,Medium,18862,18225,Monitor Shipment
2025-02-20 14:00:00,C119,Banana,Bengaluru,Mumbai,24,92,1024,3.9,36.0,137,Rainy,30,1,High,82291,48651,Redirect to Nearby Market
2025-02-20 15:00:00,C176,Orange,Mumbai,Bengaluru,34,29,1026,15.1,9.9,123,Cloudy,17,5,Medium,35429,16343,Monitor Shipment
2025-02-20 16:00:00,C159,Orange,Chennai,Pune,32,83,1010,12.9,1.9,239,Rainy,8,8,Low,8949,4069,Continue Route
2025-02-20 17:00:00,C050,Apple,Delhi,Chennai,39,71,1031,6.0,86.8,71,Storm,9,7,Low,7464,1729,Continue Route
2025-02-20 18:00:00,C262,Banana,Ahmedabad,Pune,31,48,1004,0.8,63.6,253,Cloudy,16,5,Medium,22073,15856,Monitor Shipment
2025-02-20 19:00:00,C151,Orange,Ahmedabad,Hyderabad,32,56,1023,4.0,113.5,122,Clear,35,1,High,127726,66093,Redirect to Nearby Market
2025-02-20 20:00:00,C094,Mango,Chennai,Pune,29,28,1010,4.9,24.0,88,Rainy,8,8,Low,14316,3013,Continue Route
2025-02-20 21:00:00,C265,Avocado,Bengaluru,Chennai,37,38,1009,8.5,64.8,254,Cloudy,20,4,Medium,19017,15341,Monitor Shipment
2025-02-20 22:00:00,C205,Mango,Hyderabad,Bengaluru,28,55,1004,4.9,57.9,34,Sunny,14,6,Medium,18859,19045,Monitor Shipment
2025-02-20 23:00:00,C221,Mango,Bengaluru,Mumbai,18,33,1025,18.0,1.9,205,Cloudy,11,7,Low,13113,2576,Continue Route
2025-02-21 00:00:00,C015,Orange,Chennai,Bengaluru,32,27,991,13.2,31.0,205,Clear,26,2,High,126887,48358,Redirect to Nearby Market
2025-02-21 01:00:00,C096,Banana,Mumbai,Mumbai,22,86,1018,6.4,101.4,62,Clear,31,1,High,53855,67390,Redirect to Nearby Market
2025-02-21 02:00:00,C170,Apple,Jaipur,Chennai,24,29,998,0.9,22.5,323,Cloudy,11,7,Low,5988,1710,Continue Route
2025-02-21 03:00:00,C183,Orange,Bengaluru,Delhi,37,47,1016,11.2,74.3,248,Fog,15,5,Medium,38832,15464,Monitor Shipment
2025-02-21 04:00:00,C169,Mango,Delhi,Mumbai,35,93,1012,22.2,3.1,247,Clear,13,6,Medium,29982,11322,Monitor Shipment
2025-02-21 05:00:00,C222,Mango,Delhi,Chennai,19,59,996,19.1,85.1,218,Storm,21,3,High,95542,78012,Redirect to Nearby Market
2025-02-21 06:00:00,C093,Apple,Bengaluru,Delhi,24,52,1014,14.8,0.7,198,Storm,35,1,High,64535,74663,Redirect to Nearby Market
2025-02-21 07:00:00,C087,Banana,Jaipur,Bengaluru,39,86,984,24.4,22.3,139,Fog,25,2,High,75425,52446,Redirect to Nearby Market
2025-02-21 08:00:00,C133,Avocado,Bengaluru,Pune,30,57,985,16.8,30.9,224,Clear,7,8,Low,8846,3487,Continue Route
2025-02-21 09:00:00,C269,Orange,Hyderabad,Hyderabad,33,72,1007,4.6,105.2,222,Cloudy,5,9,Low,10696,4006,Continue Route
2025-02-21 10:00:00,C097,Orange,Jaipur,Pune,30,62,994,11.7,74.6,229,Rainy,22,3,High,110691,54811,Redirect to Nearby Market
2025-02-21 11:00:00,C230,Mango,Delhi,Chennai,35,47,1000,5.4,42.6,207,Storm,13,6,Medium,48335,14245,Monitor Shipment
2025-02-21 12:00:00,C241,Avocado,Hyderabad,Pune,29,64,1013,18.3,98.2,126,Rainy,12,6,Medium,15285,14011,Monitor Shipment
2025-02-21 13:00:00,C047,Avocado,Pune,Mumbai,41,79,1034,7.2,72.5,76,Fog,11,7,Low,6304,2401,Continue Route
2025-02-21 14:00:00,C123,Mango,Mumbai,Mumbai,28,77,989,16.3,82.2,73,Cloudy,5,9,Low,12612,1146,Continue Route
2025-02-21 15:00:00,C205,Orange,Mumbai,Pune,28,58,1011,15.0,120.0,320,Rainy,31,1,High,104733,64823,Redirect to Nearby Market
2025-02-21 16:00:00,C294,Avocado,Chennai,Chennai,31,75,1030,4.3,15.4,182,Storm,6,8,Low,13188,3912,Continue Route
2025-02-21 17:00:00,C153,Banana,Mumbai,Bengaluru,38,31,1029,19.0,25.1,106,Clear,23,3,High,126763,50195,Redirect to Nearby Market
2025-02-21 18:00:00,C084,Orange,Delhi,Bengaluru,26,93,1035,5.1,36.0,181,Fog,32,1,High,142817,28950,Redirect to Nearby Market
2025-02-21 19:00:00,C006,Banana,Kolkata,Mumbai,31,62,1004,3.7,78.4,205,Storm,28,1,High,61325,39388,Redirect to Nearby Market
2025-02-21 20:00:00,C250,Apple,Chennai,Delhi,19,39,1031,1.9,90.8,88,Storm,32,1,High,147756,62974,Redirect to Nearby Market
2025-02-21 21:00:00,C081,Orange,Hyderabad,Mumbai,27,86,981,15.0,28.2,245,Clear,22,3,High,65433,25150,Redirect to Nearby Market
2025-02-21 22:00:00,C249,Mango,Chennai,Mumbai,22,38,993,6.9,116.4,300,Cloudy,8,8,Low,8450,4619,Continue Route
2025-02-21 23:00:00,C288,Avocado,Chennai,Delhi,30,30,1001,5.5,96.4,343,Rainy,25,2,High,65564,21139,Redirect to Nearby Market
2025-02-22 00:00:00,C132,Mango,Ahmedabad,Bengaluru,35,79,993,21.9,56.1,321,Storm,10,7,Low,6957,2684,Continue Route
2025-02-22 01:00:00,C193,Banana,Kolkata,Hyderabad,42,31,999,8.0,21.9,175,Storm,34,1,High,63328,47365,Redirect to Nearby Market
2025-02-22 02:00:00,C036,Banana,Mumbai,Chennai,28,75,1019,19.3,48.7,30,Fog,31,1,High,95240,39688,Redirect to Nearby Market
2025-02-22 03:00:00,C238,Mango,Lucknow,Delhi,34,26,987,12.4,48.7,316,Storm,16,5,Medium,18686,17017,Monitor Shipment
2025-02-22 04:00:00,C022,Banana,Chennai,Hyderabad,26,64,1028,13.1,77.7,59,Fog,16,5,Medium,37425,17522,Monitor Shipment
2025-02-22 05:00:00,C075,Apple,Kolkata,Bengaluru,23,73,1026,16.7,23.5,293,Clear,25,2,High,116351,60267,Redirect to Nearby Market
2025-02-22 06:00:00,C086,Banana,Chennai,Hyderabad,28,62,1030,4.7,65.0,244,Rainy,10,7,Low,13971,3770,Continue Route
2025-02-22 07:00:00,C252,Apple,Ahmedabad,Chennai,32,76,1032,22.1,55.0,233,Rainy,15,5,Medium,32545,17519,Monitor Shipment
2025-02-22 08:00:00,C059,Banana,Kolkata,Hyderabad,40,74,1028,5.9,69.5,251,Rainy,22,3,High,86213,27004,Redirect to Nearby Market
2025-02-22 09:00:00,C073,Banana,Bengaluru,Pune,39,71,989,5.2,83.7,262,Clear,27,1,High,112152,39527,Redirect to Nearby Market
2025-02-22 10:00:00,C048,Orange,Jaipur,Pune,39,38,1017,2.5,54.3,81,Fog,20,4,Medium,17613,6028,Monitor Shipment
2025-02-22 11:00:00,C163,Banana,Ahmedabad,Chennai,23,84,992,21.3,29.7,267,Cloudy,22,3,High,84221,54804,Redirect to Nearby Market
2025-02-22 12:00:00,C097,Banana,Jaipur,Mumbai,26,66,1034,17.8,37.8,206,Storm,23,3,High,112909,22050,Redirect to Nearby Market
2025-02-22 13:00:00,C121,Apple,Kolkata,Bengaluru,24,70,1003,13.0,52.5,340,Storm,15,5,Medium,34600,13568,Monitor Shipment
2025-02-22 14:00:00,C222,Apple,Kolkata,Pune,25,90,1031,24.9,10.2,316,Rainy,17,5,Medium,19680,9115,Monitor Shipment
2025-02-22 15:00:00,C276,Mango,Delhi,Bengaluru,29,67,1021,17.8,30.0,327,Cloudy,28,1,High,118143,74057,Redirect to Nearby Market
2025-02-22 16:00:00,C010,Avocado,Lucknow,Bengaluru,33,28,1027,15.0,39.2,113,Storm,15,5,Medium,19251,7396,Monitor Shipment
2025-02-22 17:00:00,C007,Orange,Chennai,Delhi,32,25,1013,17.0,68.4,186,Cloudy,7,8,Low,8412,4186,Continue Route
2025-02-22 18:00:00,C106,Orange,Mumbai,Delhi,21,49,1003,3.7,54.5,119,Cloudy,14,6,Medium,46914,15135,Monitor Shipment
2025-02-22 19:00:00,C149,Orange,Mumbai,Bengaluru,28,68,986,9.6,82.4,247,Rainy,14,6,Medium,30113,14842,Monitor Shipment
2025-02-22 20:00:00,C038,Avocado,Pune,Pune,31,39,996,2.4,43.6,326,Cloudy,17,5,Medium,33645,5562,Monitor Shipment
2025-02-22 21:00:00,C128,Mango,Chennai,Hyderabad,19,46,997,23.5,29.2,151,Fog,34,1,High,104393,40746,Redirect to Nearby Market
2025-02-22 22:00:00,C216,Apple,Kolkata,Bengaluru,41,74,1022,10.8,119.2,177,Storm,24,2,High,55226,24190,Redirect to Nearby Market
2025-02-22 23:00:00,C110,Orange,Bengaluru,Pune,21,81,1015,21.7,66.6,134,Sunny,13,6,Medium,20540,6983,Monitor Shipment
2025-02-23 00:00:00,C257,Orange,Lucknow,Hyderabad,38,91,989,6.2,28.2,46,Sunny,12,6,Medium,32443,13182,Monitor Shipment
2025-02-23 01:00:00,C068,Apple,Pune,Bengaluru,19,59,1017,6.7,52.7,188,Clear,5,9,Low,12848,4898,Continue Route
2025-02-23 02:00:00,C134,Avocado,Ahmedabad,Mumbai,22,73,996,3.1,97.9,180,Storm,8,8,Low,10257,4242,Continue Route
2025-02-23 03:00:00,C211,Avocado,Ahmedabad,Chennai,22,40,988,1.4,18.2,310,Storm,6,8,Low,10634,4931,Continue Route
2025-02-23 04:00:00,C227,Apple,Ahmedabad,Hyderabad,18,54,1018,14.7,74.9,214,Storm,19,4,Medium,24902,17751,Monitor Shipment
2025-02-23 05:00:00,C166,Banana,Delhi,Pune,28,77,1024,13.5,89.8,73,Rainy,28,1,High,144170,30794,Redirect to Nearby Market
2025-02-23 06:00:00,C045,Avocado,Kolkata,Pune,20,27,980,8.4,3.6,148,Sunny,29,1,High,54595,36976,Redirect to Nearby Market
2025-02-23 07:00:00,C233,Mango,Hyderabad,Mumbai,29,83,982,2.3,33.0,111,Storm,15,5,Medium,47652,15390,Monitor Shipment
2025-02-23 08:00:00,C232,Orange,Mumbai,Bengaluru,34,81,1018,16.7,63.4,178,Rainy,22,3,High,119382,66798,Redirect to Nearby Market
2025-02-23 09:00:00,C277,Avocado,Mumbai,Mumbai,42,66,982,6.6,73.8,243,Clear,21,3,High,71039,72300,Redirect to Nearby Market
2025-02-23 10:00:00,C061,Orange,Jaipur,Delhi,40,34,1014,3.2,117.7,312,Clear,19,4,Medium,30027,18856,Monitor Shipment
2025-02-23 11:00:00,C006,Avocado,Chennai,Chennai,20,49,984,1.2,7.8,187,Sunny,25,2,High,70096,50460,Redirect to Nearby Market
2025-02-23 12:00:00,C077,Avocado,Chennai,Pune,34,64,1026,8.7,35.3,260,Fog,23,3,High,149411,65987,Redirect to Nearby Market
2025-02-23 13:00:00,C086,Apple,Delhi,Bengaluru,24,78,1034,3.8,110.0,186,Clear,19,4,Medium,45243,5201,Monitor Shipment
2025-02-23 14:00:00,C016,Orange,Delhi,Hyderabad,42,45,981,1.0,78.9,150,Storm,20,4,Medium,36632,14269,Monitor Shipment
2025-02-23 15:00:00,C287,Banana,Lucknow,Bengaluru,21,47,1003,3.5,44.4,132,Rainy,23,3,High,149224,21294,Redirect to Nearby Market
2025-02-23 16:00:00,C062,Banana,Lucknow,Hyderabad,26,79,988,18.1,38.3,74,Cloudy,16,5,Medium,33835,6006,Monitor Shipment
2025-02-23 17:00:00,C076,Apple,Chennai,Mumbai,39,95,1029,11.0,16.0,127,Rainy,13,6,Medium,38608,9786,Monitor Shipment
2025-02-23 18:00:00,C222,Avocado,Ahmedabad,Bengaluru,33,50,998,20.8,23.6,32,Fog,14,6,Medium,31404,18218,Monitor Shipment
2025-02-23 19:00:00,C133,Avocado,Chennai,Bengaluru,29,61,1021,20.0,31.3,300,Storm,5,9,Low,6912,2397,Continue Route
2025-02-23 20:00:00,C240,Banana,Bengaluru,Delhi,32,35,1034,23.0,69.7,160,Fog,7,8,Low,11114,1356,Continue Route
2025-02-23 21:00:00,C078,Mango,Chennai,Bengaluru,31,60,1028,12.3,119.6,228,Storm,26,2,High,52849,66011,Redirect to Nearby Market
2025-02-23 22:00:00,C073,Orange,Hyderabad,Bengaluru,41,72,1027,15.6,93.9,281,Fog,16,5,Medium,48987,17784,Monitor Shipment
2025-02-23 23:00:00,C095,Banana,Mumbai,Hyderabad,30,64,999,4.3,118.1,207,Sunny,35,1,High,144332,34907,Redirect to Nearby Market
2025-02-24 00:00:00,C064,Banana,Ahmedabad,Mumbai,28,55,982,16.5,10.0,215,Cloudy,11,7,Low,14816,4923,Continue Route
2025-02-24 01:00:00,C036,Apple,Kolkata,Delhi,21,65,1016,19.7,47.9,223,Storm,9,7,Low,9189,3591,Continue Route
2025-02-24 02:00:00,C091,Orange,Lucknow,Pune,37,52,992,8.1,17.6,166,Storm,12,6,Medium,36339,5789,Monitor Shipment
2025-02-24 03:00:00,C134,Orange,Pune,Bengaluru,22,56,1017,15.4,25.5,301,Storm,21,3,High,51468,64011,Redirect to Nearby Market
2025-02-24 04:00:00,C125,Orange,Pune,Pune,30,62,999,23.3,82.7,178,Fog,11,7,Low,9520,1816,Continue Route
2025-02-24 05:00:00,C293,Mango,Lucknow,Chennai,27,93,1019,6.2,56.4,80,Storm,15,5,Medium,49814,7175,Monitor Shipment
2025-02-24 06:00:00,C176,Orange,Hyderabad,Chennai,22,30,984,18.1,8.0,298,Sunny,9,7,Low,6463,4829,Continue Route
2025-02-24 07:00:00,C156,Apple,Hyderabad,Delhi,35,27,1000,0.6,48.2,279,Fog,12,6,Medium,37581,15407,Monitor Shipment
2025-02-24 08:00:00,C053,Apple,Jaipur,Delhi,37,46,1011,6.7,11.3,109,Fog,35,1,High,78865,52648,Redirect to Nearby Market
2025-02-24 09:00:00,C131,Avocado,Lucknow,Mumbai,25,63,1007,21.7,87.7,191,Sunny,19,4,Medium,32748,9473,Monitor Shipment
2025-02-24 10:00:00,C052,Banana,Jaipur,Chennai,28,58,989,23.9,70.7,68,Clear,5,9,Low,7238,1424,Continue Route
2025-02-24 11:00:00,C029,Mango,Ahmedabad,Hyderabad,35,56,991,20.2,5.8,188,Rainy,29,1,High,119712,66933,Redirect to Nearby Market
2025-02-24 12:00:00,C072,Apple,Bengaluru,Mumbai,40,73,1011,9.5,84.4,39,Clear,21,3,High,94491,41026,Redirect to Nearby Market
2025-02-24 13:00:00,C237,Apple,Lucknow,Delhi,25,81,1006,11.3,105.1,239,Cloudy,11,7,Low,7983,4879,Continue Route
2025-02-24 14:00:00,C166,Avocado,Bengaluru,Bengaluru,24,87,1008,6.6,12.0,296,Sunny,11,7,Low,6511,4442,Continue Route
2025-02-24 15:00:00,C189,Avocado,Kolkata,Hyderabad,20,41,993,14.8,92.6,292,Rainy,5,9,Low,11108,3740,Continue Route
2025-02-24 16:00:00,C005,Mango,Chennai,Mumbai,29,38,990,22.6,7.2,298,Rainy,30,1,High,90081,29736,Redirect to Nearby Market
2025-02-24 17:00:00,C268,Mango,Lucknow,Chennai,20,80,1031,13.8,109.5,293,Clear,19,4,Medium,43002,19222,Monitor Shipment
2025-02-24 18:00:00,C112,Avocado,Ahmedabad,Delhi,19,32,1017,7.5,62.8,345,Sunny,19,4,Medium,33636,12969,Monitor Shipment
2025-02-24 19:00:00,C129,Apple,Mumbai,Pune,27,68,992,5.4,91.4,154,Sunny,20,4,Medium,44943,18596,Monitor Shipment
2025-02-24 20:00:00,C290,Orange,Delhi,Mumbai,32,49,993,17.9,9.7,274,Rainy,31,1,High,115747,55867,Redirect to Nearby Market
2025-02-24 21:00:00,C261,Apple,Pune,Chennai,26,95,994,7.0,116.2,312,Sunny,26,2,High,112672,74992,Redirect to Nearby Market
2025-02-24 22:00:00,C230,Apple,Kolkata,Mumbai,29,53,1005,10.2,20.9,111,Fog,10,7,Low,12330,2276,Continue Route
2025-02-24 23:00:00,C233,Banana,Bengaluru,Pune,27,54,1025,1.5,41.9,145,Storm,15,5,Medium,29607,18669,Monitor Shipment
2025-02-25 00:00:00,C170,Orange,Hyderabad,Pune,39,54,1029,3.4,2.2,41,Clear,13,6,Medium,33798,5244,Monitor Shipment
2025-02-25 01:00:00,C184,Banana,Chennai,Delhi,19,34,1030,5.2,61.2,197,Sunny,8,8,Low,8309,3217,Continue Route
2025-02-25 02:00:00,C219,Avocado,Jaipur,Delhi,35,34,1016,21.7,44.4,70,Fog,20,4,Medium,43110,11899,Monitor Shipment
2025-02-25 03:00:00,C057,Apple,Hyderabad,Delhi,22,73,1023,17.3,83.2,127,Fog,8,8,Low,11734,2794,Continue Route
2025-02-25 04:00:00,C192,Avocado,Ahmedabad,Chennai,23,40,1007,0.6,29.6,109,Cloudy,19,4,Medium,37514,8785,Monitor Shipment
2025-02-25 05:00:00,C057,Avocado,Kolkata,Bengaluru,31,51,1014,2.6,76.6,111,Rainy,5,9,Low,13176,3708,Continue Route
2025-02-25 06:00:00,C139,Orange,Chennai,Hyderabad,20,65,1018,24.2,77.5,76,Storm,10,7,Low,8664,3657,Continue Route
2025-02-25 07:00:00,C270,Avocado,Jaipur,Bengaluru,18,27,996,13.2,71.3,49,Fog,32,1,High,123800,79273,Redirect to Nearby Market
2025-02-25 08:00:00,C155,Banana,Delhi,Pune,39,43,1026,7.4,32.9,31,Cloudy,28,1,High,52049,51297,Redirect to Nearby Market
2025-02-25 09:00:00,C012,Mango,Kolkata,Delhi,20,77,984,1.1,43.6,88,Sunny,9,7,Low,9969,1170,Continue Route
2025-02-25 10:00:00,C071,Banana,Mumbai,Delhi,37,79,981,8.2,118.6,334,Rainy,22,3,High,98970,75150,Redirect to Nearby Market
2025-02-25 11:00:00,C156,Mango,Lucknow,Delhi,34,46,1015,18.9,32.8,345,Clear,9,7,Low,10798,1172,Continue Route
2025-02-25 12:00:00,C085,Banana,Pune,Hyderabad,33,84,1035,18.8,3.5,332,Cloudy,14,6,Medium,23528,14508,Monitor Shipment
2025-02-25 13:00:00,C149,Mango,Lucknow,Pune,38,46,1017,13.5,94.0,213,Cloudy,14,6,Medium,33365,19603,Monitor Shipment
2025-02-25 14:00:00,C097,Apple,Jaipur,Hyderabad,21,67,987,13.1,90.3,191,Clear,33,1,High,80783,61369,Redirect to Nearby Market
2025-02-25 15:00:00,C201,Apple,Pune,Pune,23,67,987,6.6,87.5,259,Cloudy,12,6,Medium,38924,9214,Monitor Shipment
2025-02-25 16:00:00,C028,Avocado,Chennai,Mumbai,40,80,1003,3.9,42.5,338,Rainy,35,1,High,80608,61794,Redirect to Nearby Market
2025-02-25 17:00:00,C006,Apple,Bengaluru,Mumbai,29,32,993,17.6,63.3,125,Fog,15,5,Medium,21538,13934,Monitor Shipment
2025-02-25 18:00:00,C193,Mango,Lucknow,Chennai,23,53,985,2.2,109.3,167,Sunny,13,6,Medium,43743,13218,Monitor Shipment
2025-02-25 19:00:00,C025,Avocado,Hyderabad,Chennai,25,85,1010,16.0,0.4,174,Storm,8,8,Low,10647,2366,Continue Route
2025-02-25 20:00:00,C022,Banana,Ahmedabad,Delhi,18,79,999,5.9,93.3,265,Fog,29,1,High,84464,77118,Redirect to Nearby Market
2025-02-25 21:00:00,C215,Mango,Bengaluru,Delhi,20,69,998,4.5,69.7,236,Sunny,29,1,High,137767,49242,Redirect to Nearby Market
2025-02-25 22:00:00,C086,Orange,Kolkata,Delhi,39,42,1008,0.8,55.6,296,Rainy,12,6,Medium,30780,5336,Monitor Shipment
2025-02-25 23:00:00,C048,Avocado,Delhi,Bengaluru,22,62,1019,20.3,90.1,84,Rainy,16,5,Medium,15554,13660,Monitor Shipment
2025-02-26 00:00:00,C161,Orange,Pune,Pune,20,49,998,14.5,72.5,215,Cloudy,16,5,Medium,17801,16975,Monitor Shipment
2025-02-26 01:00:00,C001,Avocado,Mumbai,Chennai,30,76,1004,2.1,16.6,46,Rainy,13,6,Medium,18104,5350,Monitor Shipment
2025-02-26 02:00:00,C281,Mango,Chennai,Chennai,29,54,995,22.8,47.7,102,Clear,29,1,High,63660,68862,Redirect to Nearby Market
2025-02-26 03:00:00,C189,Banana,Mumbai,Mumbai,35,60,1016,19.6,104.8,339,Storm,35,1,High,126218,30833,Redirect to Nearby Market
2025-02-26 04:00:00,C027,Mango,Mumbai,Mumbai,27,49,1031,20.8,97.1,274,Fog,10,7,Low,8058,3356,Continue Route
2025-02-26 05:00:00,C216,Orange,Lucknow,Bengaluru,24,62,1012,2.0,41.4,182,Cloudy,30,1,High,81353,41306,Redirect to Nearby Market
2025-02-26 06:00:00,C047,Banana,Hyderabad,Delhi,23,29,1030,11.1,117.2,41,Clear,6,8,Low,14567,4592,Continue Route
2025-02-26 07:00:00,C019,Orange,Jaipur,Pune,39,43,1023,5.9,21.9,320,Fog,6,8,Low,7144,2357,Continue Route
2025-02-26 08:00:00,C077,Orange,Hyderabad,Hyderabad,22,34,995,12.3,47.9,211,Rainy,27,1,High,94209,20733,Redirect to Nearby Market
2025-02-26 09:00:00,C002,Apple,Kolkata,Chennai,30,62,1007,5.7,55.9,146,Fog,26,2,High,59737,23401,Redirect to Nearby Market
2025-02-26 10:00:00,C274,Banana,Jaipur,Mumbai,22,80,1034,22.9,4.7,146,Storm,13,6,Medium,27585,5757,Monitor Shipment
2025-02-26 11:00:00,C095,Orange,Hyderabad,Delhi,24,25,980,23.1,19.1,116,Sunny,26,2,High,82404,28486,Redirect to Nearby Market
2025-02-26 12:00:00,C042,Avocado,Delhi,Delhi,40,39,1022,13.2,82.1,158,Fog,25,2,High,98672,41667,Redirect to Nearby Market
2025-02-26 13:00:00,C299,Avocado,Mumbai,Mumbai,21,52,984,24.2,15.4,66,Cloudy,28,1,High,145164,27944,Redirect to Nearby Market
2025-02-26 14:00:00,C038,Orange,Mumbai,Pune,33,59,1033,20.3,85.1,252,Sunny,8,8,Low,6160,1030,Continue Route
2025-02-26 15:00:00,C062,Orange,Bengaluru,Mumbai,38,31,1024,2.9,9.8,344,Storm,32,1,High,53335,45345,Redirect to Nearby Market
2025-02-26 16:00:00,C045,Apple,Jaipur,Delhi,22,80,1028,4.7,20.2,161,Fog,29,1,High,90625,30048,Redirect to Nearby Market
2025-02-26 17:00:00,C261,Avocado,Mumbai,Mumbai,28,41,992,23.2,86.4,48,Storm,17,5,Medium,21529,12032,Monitor Shipment
2025-02-26 18:00:00,C130,Avocado,Hyderabad,Pune,22,65,1013,18.3,68.2,123,Clear,11,7,Low,6131,3452,Continue Route
2025-02-26 19:00:00,C017,Mango,Jaipur,Bengaluru,30,30,1001,10.8,35.5,183,Fog,26,2,High,95431,35740,Redirect to Nearby Market
2025-02-26 20:00:00,C258,Banana,Mumbai,Delhi,39,43,994,14.9,50.2,102,Fog,20,4,Medium,28818,13409,Monitor Shipment
2025-02-26 21:00:00,C022,Orange,Hyderabad,Mumbai,24,45,992,6.9,28.5,94,Rainy,5,9,Low,8748,4011,Continue Route
2025-02-26 22:00:00,C150,Apple,Pune,Chennai,35,40,991,15.1,67.7,330,Rainy,16,5,Medium,18707,13836,Monitor Shipment
2025-02-26 23:00:00,C145,Apple,Mumbai,Mumbai,37,42,1002,7.4,116.8,295,Cloudy,26,2,High,133638,40876,Redirect to Nearby Market
2025-02-27 00:00:00,C141,Avocado,Jaipur,Pune,39,26,1015,5.2,104.6,115,Rainy,32,1,High,95179,62834,Redirect to Nearby Market
2025-02-27 01:00:00,C184,Orange,Lucknow,Delhi,38,42,1027,18.3,54.8,293,Rainy,15,5,Medium,17821,19121,Monitor Shipment
2025-02-27 02:00:00,C056,Orange,Mumbai,Chennai,30,93,1006,13.2,83.7,126,Clear,17,5,Medium,46860,16458,Monitor Shipment
2025-02-27 03:00:00,C255,Apple,Jaipur,Chennai,19,53,987,4.7,90.3,100,Storm,5,9,Low,6908,3699,Continue Route
2025-02-27 04:00:00,C150,Mango,Kolkata,Pune,18,33,986,1.5,19.9,193,Cloudy,34,1,High,91640,52795,Redirect to Nearby Market
2025-02-27 05:00:00,C100,Apple,Delhi,Mumbai,41,38,1027,15.2,22.1,274,Rainy,19,4,Medium,43444,19072,Monitor Shipment
2025-02-27 06:00:00,C212,Mango,Lucknow,Delhi,31,70,1009,4.6,50.9,212,Fog,8,8,Low,5358,2965,Continue Route
2025-02-27 07:00:00,C122,Apple,Delhi,Hyderabad,41,33,1008,8.8,108.0,213,Rainy,30,1,High,96432,60920,Redirect to Nearby Market
2025-02-27 08:00:00,C034,Banana,Chennai,Delhi,39,83,1009,24.1,117.9,312,Storm,6,8,Low,11661,2423,Continue Route
2025-02-27 09:00:00,C076,Apple,Bengaluru,Mumbai,32,30,1025,8.4,47.4,108,Fog,30,1,High,100872,65967,Redirect to Nearby Market
2025-02-27 10:00:00,C136,Avocado,Bengaluru,Bengaluru,19,40,1027,2.8,74.2,120,Rainy,10,7,Low,13154,3897,Continue Route
2025-02-27 11:00:00,C120,Mango,Ahmedabad,Chennai,42,57,1032,20.3,19.7,56,Storm,34,1,High,99449,51632,Redirect to Nearby Market
2025-02-27 12:00:00,C134,Avocado,Chennai,Bengaluru,33,83,1001,17.7,107.8,142,Cloudy,16,5,Medium,37292,16737,Monitor Shipment
2025-02-27 13:00:00,C062,Avocado,Hyderabad,Hyderabad,29,47,984,9.5,104.0,315,Cloudy,21,3,High,68544,47935,Redirect to Nearby Market
2025-02-27 14:00:00,C204,Mango,Hyderabad,Chennai,39,71,1006,13.2,93.1,91,Cloudy,33,1,High,136765,31584,Redirect to Nearby Market
2025-02-27 15:00:00,C189,Apple,Bengaluru,Bengaluru,38,33,1014,19.1,6.0,209,Clear,26,2,High,60292,67210,Redirect to Nearby Market
2025-02-27 16:00:00,C229,Orange,Mumbai,Delhi,28,47,1006,2.1,31.9,285,Fog,9,7,Low,6220,3553,Continue Route
2025-02-27 17:00:00,C007,Mango,Ahmedabad,Chennai,24,35,1027,4.3,80.7,102,Cloudy,19,4,Medium,26239,12586,Monitor Shipment
2025-02-27 18:00:00,C049,Orange,Bengaluru,Mumbai,31,95,1004,14.9,106.2,168,Fog,11,7,Low,13948,4680,Continue Route
2025-02-27 19:00:00,C167,Avocado,Jaipur,Hyderabad,30,44,1030,14.5,4.5,262,Clear,30,1,High,50899,21069,Redirect to Nearby Market
2025-02-27 20:00:00,C283,Apple,Bengaluru,Chennai,18,65,1011,4.2,4.6,316,Fog,9,7,Low,10870,2318,Continue Route
2025-02-27 21:00:00,C065,Orange,Hyderabad,Chennai,33,88,1007,12.9,18.3,305,Sunny,18,4,Medium,26779,11401,Monitor Shipment
2025-02-27 22:00:00,C110,Banana,Lucknow,Mumbai,32,53,982,12.7,11.0,325,Fog,18,4,Medium,43830,18563,Monitor Shipment
2025-02-27 23:00:00,C201,Orange,Lucknow,Hyderabad,35,75,1035,9.7,47.6,344,Clear,20,4,Medium,39661,15447,Monitor Shipment
2025-02-28 00:00:00,C297,Avocado,Pune,Delhi,21,84,993,4.8,30.2,243,Clear,8,8,Low,13766,1070,Continue Route
2025-02-28 01:00:00,C021,Apple,Delhi,Bengaluru,26,70,1025,22.9,83.8,250,Rainy,6,8,Low,5389,2082,Continue Route
2025-02-28 02:00:00,C224,Banana,Mumbai,Bengaluru,24,36,1029,24.8,63.8,323,Cloudy,35,1,High,69328,36805,Redirect to Nearby Market
2025-02-28 03:00:00,C070,Banana,Hyderabad,Hyderabad,33,47,987,20.4,114.4,159,Clear,30,1,High,140605,61664,Redirect to Nearby Market
2025-02-28 04:00:00,C236,Avocado,Hyderabad,Hyderabad,20,88,1024,1.7,101.9,252,Storm,27,1,High,124710,26514,Redirect to Nearby Market
2025-02-28 05:00:00,C118,Mango,Bengaluru,Bengaluru,27,59,997,7.0,116.3,198,Clear,26,2,High,102889,77850,Redirect to Nearby Market
2025-02-28 06:00:00,C023,Apple,Mumbai,Delhi,36,62,1033,12.4,33.4,277,Storm,35,1,High,148599,42970,Redirect to Nearby Market
2025-02-28 07:00:00,C272,Avocado,Mumbai,Delhi,19,89,1030,12.2,45.8,253,Fog,19,4,Medium,32381,13247,Monitor Shipment
2025-02-28 08:00:00,C054,Banana,Ahmedabad,Hyderabad,20,65,989,25.0,11.3,56,Cloudy,23,3,High,137763,25046,Redirect to Nearby Market
2025-02-28 09:00:00,C285,Banana,Bengaluru,Delhi,20,66,998,17.1,69.4,307,Rainy,29,1,High,127853,54031,Redirect to Nearby Market
2025-02-28 10:00:00,C001,Banana,Delhi,Delhi,39,49,1002,16.5,87.4,118,Fog,17,5,Medium,35352,10592,Monitor Shipment
2025-02-28 11:00:00,C068,Banana,Ahmedabad,Mumbai,28,86,1021,17.8,49.9,51,Clear,25,2,High,124304,48944,Redirect to Nearby Market
2025-02-28 12:00:00,C012,Mango,Hyderabad,Mumbai,18,60,1013,22.8,70.6,230,Storm,8,8,Low,7557,1911,Continue Route
2025-02-28 13:00:00,C268,Banana,Chennai,Delhi,38,57,1006,22.5,85.3,249,Storm,27,1,High,74268,66614,Redirect to Nearby Market
2025-02-28 14:00:00,C208,Avocado,Ahmedabad,Pune,34,52,1028,15.7,53.8,194,Clear,26,2,High,85487,67569,Redirect to Nearby Market
2025-02-28 15:00:00,C042,Apple,Hyderabad,Hyderabad,22,48,1022,18.3,78.6,190,Sunny,32,1,High,63233,46403,Redirect to Nearby Market
2025-02-28 16:00:00,C123,Mango,Kolkata,Bengaluru,42,60,982,10.0,7.7,315,Clear,26,2,High,62852,47240,Redirect to Nearby Market
2025-02-28 17:00:00,C134,Avocado,Pune,Chennai,30,74,1034,11.6,15.7,320,Clear,17,5,Medium,21386,16916,Monitor Shipment
2025-02-28 18:00:00,C068,Orange,Lucknow,Delhi,38,48,1004,24.0,62.6,309,Storm,24,2,High,131468,38339,Redirect to Nearby Market
2025-02-28 19:00:00,C031,Mango,Ahmedabad,Bengaluru,27,62,1008,17.8,46.6,235,Fog,15,5,Medium,36054,13053,Monitor Shipment
2025-02-28 20:00:00,C104,Mango,Delhi,Bengaluru,28,31,1021,11.1,29.9,110,Rainy,22,3,High,58554,53774,Redirect to Nearby Market
2025-02-28 21:00:00,C222,Orange,Ahmedabad,Bengaluru,27,81,990,18.1,13.1,264,Cloudy,20,4,Medium,22572,16995,Monitor Shipment
2025-02-28 22:00:00,C260,Orange,Bengaluru,Mumbai,18,76,1000,1.9,24.5,270,Rainy,6,8,Low,8318,2216,Continue Route
2025-02-28 23:00:00,C235,Banana,Hyderabad,Chennai,37,92,1032,23.1,93.6,333,Clear,15,5,Medium,33172,18277,Monitor Shipment
2025-03-01 00:00:00,C020,Orange,Mumbai,Pune,35,90,1026,18.3,27.0,217,Clear,25,2,High,118243,50990,Redirect to Nearby Market
2025-03-01 01:00:00,C063,Apple,Jaipur,Delhi,21,36,1023,23.5,15.1,58,Storm,20,4,Medium,49530,14633,Monitor Shipment
2025-03-01 02:00:00,C001,Avocado,Bengaluru,Chennai,32,68,1034,15.4,93.1,113,Fog,11,7,Low,11701,1161,Continue Route
2025-03-01 03:00:00,C299,Banana,Chennai,Mumbai,33,55,1024,2.9,2.9,258,Clear,7,8,Low,6386,3539,Continue Route
2025-03-01 04:00:00,C230,Orange,Mumbai,Mumbai,26,40,994,4.6,66.9,346,Fog,6,8,Low,6497,3986,Continue Route
2025-03-01 05:00:00,C224,Avocado,Kolkata,Mumbai,35,57,1016,18.9,86.4,90,Cloudy,7,8,Low,14486,4915,Continue Route
2025-03-01 06:00:00,C165,Apple,Pune,Pune,35,49,1030,8.3,82.9,117,Storm,5,9,Low,8808,3944,Continue Route
2025-03-01 07:00:00,C166,Avocado,Bengaluru,Bengaluru,22,44,1022,3.1,39.7,253,Storm,9,7,Low,6569,4834,Continue Route
2025-03-01 08:00:00,C169,Apple,Delhi,Hyderabad,36,69,1021,8.3,8.7,299,Fog,11,7,Low,6487,4514,Continue Route
2025-03-01 09:00:00,C155,Apple,Pune,Delhi,28,59,1030,14.3,60.2,240,Sunny,25,2,High,81935,28340,Redirect to Nearby Market
2025-03-01 10:00:00,C262,Apple,Mumbai,Pune,29,57,991,13.5,94.2,34,Storm,12,6,Medium,25152,11578,Monitor Shipment
2025-03-01 11:00:00,C094,Mango,Lucknow,Hyderabad,35,39,980,16.6,70.0,56,Storm,6,8,Low,13045,4969,Continue Route
2025-03-01 12:00:00,C282,Orange,Lucknow,Mumbai,21,57,1019,19.5,90.1,191,Fog,22,3,High,63733,49461,Redirect to Nearby Market
2025-03-01 13:00:00,C002,Apple,Pune,Chennai,36,27,1006,23.1,105.1,205,Sunny,15,5,Medium,18470,14514,Monitor Shipment
2025-03-01 14:00:00,C229,Avocado,Jaipur,Bengaluru,42,80,1004,3.9,54.0,93,Cloudy,19,4,Medium,47110,8471,Monitor Shipment
2025-03-01 15:00:00,C137,Avocado,Ahmedabad,Bengaluru,22,69,1013,1.4,19.2,267,Sunny,11,7,Low,12223,3921,Continue Route
2025-03-01 16:00:00,C051,Apple,Pune,Bengaluru,27,29,1005,3.5,116.8,311,Fog,9,7,Low,12734,1554,Continue Route
2025-03-01 17:00:00,C212,Banana,Chennai,Pune,23,26,993,24.5,68.8,137,Cloudy,24,2,High,52220,74987,Redirect to Nearby Market
2025-03-01 18:00:00,C049,Apple,Kolkata,Chennai,26,46,1028,4.1,64.6,41,Clear,13,6,Medium,27552,8264,Monitor Shipment
2025-03-01 19:00:00,C189,Banana,Bengaluru,Delhi,27,59,993,16.0,23.3,96,Fog,34,1,High,117678,43831,Redirect to Nearby Market
2025-03-01 20:00:00,C279,Orange,Chennai,Chennai,23,45,1015,19.2,40.6,137,Rainy,24,2,High,52405,61688,Redirect to Nearby Market
2025-03-01 21:00:00,C256,Banana,Bengaluru,Pune,40,65,995,5.2,29.7,172,Storm,24,2,High,73032,32869,Redirect to Nearby Market
2025-03-01 22:00:00,C010,Orange,Delhi,Mumbai,28,33,1019,11.8,4.8,35,Fog,25,2,High,105637,59257,Redirect to Nearby Market
2025-03-01 23:00:00,C192,Mango,Lucknow,Delhi,41,39,998,17.0,40.7,296,Storm,7,8,Low,12931,2298,Continue Route
2025-03-02 00:00:00,C065,Orange,Chennai,Hyderabad,32,68,1034,9.7,84.3,273,Storm,7,8,Low,5651,4561,Continue Route
2025-03-02 01:00:00,C147,Apple,Kolkata,Mumbai,30,58,983,2.2,70.6,174,Rainy,11,7,Low,7221,4137,Continue Route
2025-03-02 02:00:00,C271,Apple,Mumbai,Mumbai,31,59,1026,22.0,38.9,316,Sunny,27,1,High,142585,45337,Redirect to Nearby Market
2025-03-02 03:00:00,C188,Avocado,Ahmedabad,Bengaluru,28,45,1027,4.7,112.4,216,Clear,23,3,High,120970,70077,Redirect to Nearby Market
2025-03-02 04:00:00,C207,Avocado,Kolkata,Hyderabad,28,32,1022,6.2,118.2,89,Clear,30,1,High,95356,73615,Redirect to Nearby Market
2025-03-02 05:00:00,C201,Banana,Bengaluru,Delhi,28,66,1018,12.7,94.3,284,Storm,15,5,Medium,43028,5077,Monitor Shipment
2025-03-02 06:00:00,C088,Avocado,Jaipur,Pune,19,55,993,1.4,46.6,348,Sunny,7,8,Low,7455,3106,Continue Route
2025-03-02 07:00:00,C031,Avocado,Chennai,Bengaluru,18,54,1010,8.5,52.1,119,Rainy,15,5,Medium,36375,6151,Monitor Shipment
2025-03-02 08:00:00,C053,Apple,Kolkata,Delhi,23,64,993,19.4,21.8,120,Rainy,30,1,High,144815,45371,Redirect to Nearby Market
2025-03-02 09:00:00,C099,Mango,Lucknow,Delhi,22,25,1015,1.9,32.3,322,Clear,17,5,Medium,40995,13110,Monitor Shipment
2025-03-02 10:00:00,C282,Orange,Hyderabad,Chennai,40,87,994,9.1,34.1,82,Clear,16,5,Medium,35942,12092,Monitor Shipment
2025-03-02 11:00:00,C272,Orange,Mumbai,Pune,35,73,996,4.1,73.1,234,Cloudy,31,1,High,131707,52578,Redirect to Nearby Market
2025-03-02 12:00:00,C138,Apple,Lucknow,Pune,38,41,994,2.3,22.6,126,Storm,24,2,High,68530,50382,Redirect to Nearby Market
2025-03-02 13:00:00,C063,Apple,Kolkata,Mumbai,29,63,1006,2.6,84.6,98,Rainy,6,8,Low,7764,4545,Continue Route
2025-03-02 14:00:00,C227,Banana,Ahmedabad,Chennai,41,85,1025,10.2,109.9,146,Storm,33,1,High,54351,42981,Redirect to Nearby Market
2025-03-02 15:00:00,C178,Orange,Pune,Bengaluru,21,64,985,18.3,54.2,262,Rainy,27,1,High,69742,78421,Redirect to Nearby Market
2025-03-02 16:00:00,C137,Apple,Pune,Chennai,38,63,1002,21.1,33.5,175,Sunny,27,1,High,101278,32393,Redirect to Nearby Market
2025-03-02 17:00:00,C059,Avocado,Delhi,Hyderabad,24,93,1011,20.8,30.8,139,Storm,32,1,High,65977,36387,Redirect to Nearby Market
2025-03-02 18:00:00,C037,Orange,Bengaluru,Delhi,19,55,1028,23.6,72.8,69,Rainy,35,1,High,56843,34892,Redirect to Nearby Market
2025-03-02 19:00:00,C281,Apple,Lucknow,Delhi,41,57,1016,16.1,116.4,316,Cloudy,9,7,Low,11580,3969,Continue Route
2025-03-02 20:00:00,C104,Mango,Chennai,Hyderabad,24,32,1029,2.9,107.3,200,Cloudy,5,9,Low,13772,2835,Continue Route
2025-03-02 21:00:00,C102,Apple,Delhi,Hyderabad,28,33,980,15.8,8.1,350,Rainy,30,1,High,125533,58367,Redirect to Nearby Market
2025-03-02 22:00:00,C044,Orange,Chennai,Bengaluru,27,42,1006,20.4,59.5,224,Cloudy,23,3,High,60854,31259,Redirect to Nearby Market
2025-03-02 23:00:00,C266,Orange,Delhi,Chennai,32,59,999,14.3,36.1,131,Storm,30,1,High,80009,71558,Redirect to Nearby Market
2025-03-03 00:00:00,C228,Avocado,Kolkata,Pune,33,77,1009,18.5,41.4,241,Storm,16,5,Medium,33245,15986,Monitor Shipment
2025-03-03 01:00:00,C219,Orange,Kolkata,Mumbai,27,94,1015,8.1,115.5,49,Fog,10,7,Low,7263,2251,Continue Route
2025-03-03 02:00:00,C167,Mango,Jaipur,Hyderabad,38,48,1009,7.6,17.2,235,Sunny,17,5,Medium,49297,5696,Monitor Shipment
2025-03-03 03:00:00,C275,Mango,Bengaluru,Hyderabad,40,57,1030,15.0,37.6,83,Cloudy,12,6,Medium,24239,17086,Monitor Shipment
2025-03-03 04:00:00,C175,Avocado,Pune,Hyderabad,26,55,1010,24.1,48.7,76,Fog,18,4,Medium,44268,11475,Monitor Shipment
2025-03-03 05:00:00,C007,Mango,Hyderabad,Pune,21,46,1005,22.7,105.9,212,Rainy,34,1,High,92163,51116,Redirect to Nearby Market
2025-03-03 06:00:00,C143,Orange,Kolkata,Chennai,28,49,984,14.9,68.6,127,Fog,19,4,Medium,38592,11875,Monitor Shipment
2025-03-03 07:00:00,C273,Apple,Delhi,Delhi,19,92,1000,12.3,100.9,255,Cloudy,26,2,High,129578,44950,Redirect to Nearby Market
2025-03-03 08:00:00,C015,Avocado,Lucknow,Mumbai,24,50,1022,8.3,4.4,235,Sunny,31,1,High,50748,45925,Redirect to Nearby Market
2025-03-03 09:00:00,C052,Banana,Jaipur,Chennai,34,40,986,22.1,46.6,202,Sunny,24,2,High,106718,73969,Redirect to Nearby Market
2025-03-03 10:00:00,C175,Avocado,Hyderabad,Chennai,31,31,1032,3.7,85.4,149,Storm,21,3,High,119507,34418,Redirect to Nearby Market
2025-03-03 11:00:00,C133,Banana,Pune,Chennai,18,52,1034,12.0,86.5,302,Clear,14,6,Medium,40474,18080,Monitor Shipment
2025-03-03 12:00:00,C207,Orange,Lucknow,Bengaluru,41,74,1016,22.9,119.9,90,Sunny,8,8,Low,6278,4162,Continue Route
2025-03-03 13:00:00,C071,Mango,Hyderabad,Chennai,34,70,1012,13.4,45.5,204,Sunny,11,7,Low,12950,2870,Continue Route
2025-03-03 14:00:00,C244,Orange,Mumbai,Delhi,37,74,1026,16.0,109.2,91,Sunny,20,4,Medium,35677,12371,Monitor Shipment
2025-03-03 15:00:00,C260,Banana,Delhi,Pune,23,87,1021,22.6,73.2,93,Rainy,30,1,High,130297,30851,Redirect to Nearby Market
2025-03-03 16:00:00,C023,Banana,Delhi,Mumbai,30,43,981,7.0,35.8,279,Sunny,20,4,Medium,35467,5238,Monitor Shipment
2025-03-03 17:00:00,C255,Banana,Kolkata,Mumbai,38,50,997,18.0,45.7,108,Rainy,17,5,Medium,24170,16371,Monitor Shipment
2025-03-03 18:00:00,C288,Avocado,Mumbai,Chennai,37,52,1009,15.1,86.0,145,Rainy,22,3,High,123972,63513,Redirect to Nearby Market
2025-03-03 19:00:00,C084,Mango,Delhi,Bengaluru,32,63,1021,11.7,55.3,165,Rainy,14,6,Medium,26457,12122,Monitor Shipment
2025-03-03 20:00:00,C137,Mango,Hyderabad,Pune,32,28,986,5.0,119.0,318,Storm,24,2,High,101438,77949,Redirect to Nearby Market
2025-03-03 21:00:00,C078,Banana,Kolkata,Chennai,23,88,994,15.0,112.3,347,Storm,9,7,Low,11082,4290,Continue Route
2025-03-03 22:00:00,C088,Banana,Pune,Pune,26,77,1026,4.1,102.9,350,Sunny,25,2,High,139454,76393,Redirect to Nearby Market
2025-03-03 23:00:00,C167,Avocado,Kolkata,Pune,35,72,1001,3.9,67.3,108,Cloudy,31,1,High,81528,29679,Redirect to Nearby Market
2025-03-04 00:00:00,C140,Apple,Mumbai,Hyderabad,39,37,1031,6.6,103.7,340,Clear,20,4,Medium,36104,19161,Monitor Shipment
2025-03-04 01:00:00,C177,Avocado,Chennai,Pune,28,41,991,10.7,76.7,252,Rainy,33,1,High,52724,72285,Redirect to Nearby Market
2025-03-04 02:00:00,C073,Mango,Lucknow,Pune,27,43,1014,3.5,116.8,310,Cloudy,34,1,High,132806,70193,Redirect to Nearby Market
2025-03-04 03:00:00,C131,Mango,Pune,Delhi,34,58,995,24.9,46.2,110,Sunny,9,7,Low,12713,1017,Continue Route
2025-03-04 04:00:00,C113,Banana,Kolkata,Delhi,27,78,993,5.1,62.7,340,Storm,24,2,High,86249,26965,Redirect to Nearby Market
2025-03-04 05:00:00,C093,Mango,Jaipur,Pune,42,63,1031,22.1,2.7,243,Sunny,23,3,High,142346,74827,Redirect to Nearby Market
2025-03-04 06:00:00,C027,Mango,Pune,Mumbai,30,83,1005,8.1,49.5,38,Fog,22,3,High,138621,43984,Redirect to Nearby Market
2025-03-04 07:00:00,C200,Avocado,Mumbai,Mumbai,34,37,1001,4.2,11.4,87,Fog,31,1,High,69332,46496,Redirect to Nearby Market
2025-03-04 08:00:00,C230,Mango,Delhi,Chennai,21,33,1007,7.9,27.8,280,Fog,33,1,High,126890,53128,Redirect to Nearby Market
2025-03-04 09:00:00,C116,Banana,Ahmedabad,Mumbai,40,58,985,7.7,100.8,84,Sunny,14,6,Medium,17254,13794,Monitor Shipment
2025-03-04 10:00:00,C279,Apple,Kolkata,Bengaluru,32,71,993,1.7,66.6,141,Fog,6,8,Low,12974,1976,Continue Route
2025-03-04 11:00:00,C151,Avocado,Lucknow,Delhi,25,35,1016,18.0,110.8,147,Storm,12,6,Medium,26130,14030,Monitor Shipment
2025-03-04 12:00:00,C195,Orange,Hyderabad,Mumbai,31,92,1008,11.4,45.8,158,Storm,10,7,Low,9769,1622,Continue Route
2025-03-04 13:00:00,C221,Apple,Kolkata,Mumbai,40,44,990,8.0,112.7,119,Clear,9,7,Low,7808,3885,Continue Route
2025-03-04 14:00:00,C010,Avocado,Pune,Chennai,41,53,1009,2.8,1.7,254,Cloudy,34,1,High,93488,62972,Redirect to Nearby Market
2025-03-04 15:00:00,C140,Apple,Pune,Chennai,21,49,1012,5.1,110.5,49,Cloudy,26,2,High,105736,72895,Redirect to Nearby Market
2025-03-04 16:00:00,C050,Avocado,Pune,Mumbai,35,35,981,11.2,61.5,178,Clear,35,1,High,50467,74929,Redirect to Nearby Market
2025-03-04 17:00:00,C230,Mango,Chennai,Mumbai,24,47,989,12.1,114.7,166,Fog,29,1,High,135923,24291,Redirect to Nearby Market
2025-03-04 18:00:00,C272,Mango,Pune,Mumbai,25,91,1020,20.3,50.7,74,Sunny,11,7,Low,10381,4667,Continue Route
2025-03-04 19:00:00,C013,Orange,Bengaluru,Hyderabad,41,31,1001,5.3,11.8,308,Sunny,13,6,Medium,26771,9018,Monitor Shipment
2025-03-04 20:00:00,C224,Mango,Pune,Hyderabad,18,93,1026,23.8,17.0,267,Sunny,21,3,High,114060,78547,Redirect to Nearby Market
2025-03-04 21:00:00,C112,Banana,Chennai,Pune,24,43,1021,6.7,87.1,117,Cloudy,15,5,Medium,33317,18655,Monitor Shipment
2025-03-04 22:00:00,C285,Banana,Kolkata,Mumbai,32,26,1010,11.0,42.2,321,Rainy,18,4,Medium,23233,18036,Monitor Shipment
2025-03-04 23:00:00,C046,Mango,Lucknow,Pune,40,69,1015,11.8,63.3,175,Clear,25,2,High,116957,22275,Redirect to Nearby Market
2025-03-05 00:00:00,C165,Banana,Ahmedabad,Pune,39,85,981,9.3,73.8,151,Storm,26,2,High,113752,34128,Redirect to Nearby Market
2025-03-05 01:00:00,C009,Orange,Kolkata,Bengaluru,40,29,1016,0.6,84.1,331,Storm,33,1,High,101870,76982,Redirect to Nearby Market
2025-03-05 02:00:00,C001,Orange,Bengaluru,Bengaluru,22,42,1034,21.2,12.9,343,Clear,23,3,High,89238,35193,Redirect to Nearby Market
2025-03-05 03:00:00,C146,Avocado,Jaipur,Chennai,34,67,996,2.7,23.9,303,Storm,5,9,Low,8371,2008,Continue Route
2025-03-05 04:00:00,C031,Avocado,Mumbai,Delhi,29,25,1030,20.9,65.9,311,Cloudy,31,1,High,56130,57304,Redirect to Nearby Market
2025-03-05 05:00:00,C168,Avocado,Jaipur,Pune,26,76,1024,11.2,9.0,88,Storm,26,2,High,106925,33310,Redirect to Nearby Market
2025-03-05 06:00:00,C025,Banana,Chennai,Hyderabad,27,69,983,15.7,101.8,266,Rainy,32,1,High,95414,56097,Redirect to Nearby Market
2025-03-05 07:00:00,C213,Mango,Bengaluru,Hyderabad,38,36,1014,8.7,93.6,64,Cloudy,18,4,Medium,25581,5063,Monitor Shipment
2025-03-05 08:00:00,C272,Mango,Jaipur,Hyderabad,36,80,999,21.0,52.2,336,Storm,11,7,Low,9883,1960,Continue Route
2025-03-05 09:00:00,C165,Banana,Pune,Chennai,37,53,1021,23.2,103.6,326,Cloudy,27,1,High,139126,61243,Redirect to Nearby Market
2025-03-05 10:00:00,C047,Orange,Jaipur,Bengaluru,25,63,981,2.9,41.1,45,Rainy,16,5,Medium,37374,13573,Monitor Shipment
2025-03-05 11:00:00,C177,Banana,Mumbai,Pune,21,48,1033,22.8,98.5,68,Sunny,15,5,Medium,29216,16021,Monitor Shipment
2025-03-05 12:00:00,C074,Mango,Kolkata,Hyderabad,42,43,987,2.4,71.7,82,Storm,19,4,Medium,19767,13333,Monitor Shipment
2025-03-05 13:00:00,C051,Avocado,Lucknow,Delhi,32,70,1035,16.2,42.6,62,Cloudy,14,6,Medium,22781,14183,Monitor Shipment
2025-03-05 14:00:00,C239,Banana,Ahmedabad,Mumbai,37,62,1033,21.3,10.2,96,Cloudy,26,2,High,61269,74813,Redirect to Nearby Market
2025-03-05 15:00:00,C258,Banana,Kolkata,Chennai,20,43,1018,18.4,10.7,236,Storm,15,5,Medium,34514,8466,Monitor Shipment
2025-03-05 16:00:00,C033,Orange,Hyderabad,Delhi,33,73,982,17.5,106.5,179,Storm,20,4,Medium,16034,17014,Monitor Shipment
2025-03-05 17:00:00,C286,Avocado,Pune,Mumbai,35,82,1012,23.2,107.6,193,Sunny,23,3,High,105948,20988,Redirect to Nearby Market
2025-03-05 18:00:00,C217,Apple,Delhi,Chennai,25,70,1022,22.3,113.1,80,Cloudy,29,1,High,126699,54265,Redirect to Nearby Market
2025-03-05 19:00:00,C003,Mango,Kolkata,Mumbai,38,39,1029,22.6,81.5,297,Clear,8,8,Low,6984,4055,Continue Route
2025-03-05 20:00:00,C029,Avocado,Pune,Mumbai,22,91,991,5.7,99.3,77,Fog,24,2,High,141790,45371,Redirect to Nearby Market
2025-03-05 21:00:00,C018,Mango,Delhi,Delhi,29,63,995,18.4,29.9,206,Storm,29,1,High,51881,44193,Redirect to Nearby Market
2025-03-05 22:00:00,C025,Banana,Delhi,Chennai,37,28,1035,5.7,36.2,70,Storm,23,3,High,118812,61295,Redirect to Nearby Market
2025-03-05 23:00:00,C221,Apple,Kolkata,Bengaluru,37,54,1010,16.9,118.5,307,Sunny,16,5,Medium,30171,5509,Monitor Shipment
2025-03-06 00:00:00,C223,Mango,Hyderabad,Hyderabad,21,26,991,22.2,91.9,146,Sunny,14,6,Medium,49125,11124,Monitor Shipment
2025-03-06 01:00:00,C051,Mango,Delhi,Bengaluru,34,28,1034,17.1,63.5,285,Clear,19,4,Medium,36385,12672,Monitor Shipment
2025-03-06 02:00:00,C147,Orange,Jaipur,Bengaluru,24,38,1005,24.9,6.7,332,Cloudy,25,2,High,68956,33277,Redirect to Nearby Market
2025-03-06 03:00:00,C148,Mango,Pune,Chennai,29,94,1000,22.9,62.3,314,Storm,27,1,High,134534,78242,Redirect to Nearby Market
2025-03-06 04:00:00,C282,Banana,Pune,Pune,32,56,1022,4.5,25.3,181,Sunny,22,3,High,121056,67225,Redirect to Nearby Market
2025-03-06 05:00:00,C002,Orange,Mumbai,Chennai,36,74,1008,20.1,87.2,281,Clear,6,8,Low,11273,1800,Continue Route
2025-03-06 06:00:00,C113,Banana,Chennai,Hyderabad,38,85,1024,11.5,99.7,134,Clear,14,6,Medium,25742,15836,Monitor Shipment
2025-03-06 07:00:00,C235,Orange,Delhi,Hyderabad,34,67,1000,4.6,115.2,215,Sunny,14,6,Medium,47412,7203,Monitor Shipment
2025-03-06 08:00:00,C206,Avocado,Ahmedabad,Hyderabad,30,64,992,6.9,118.3,249,Rainy,17,5,Medium,41368,13666,Monitor Shipment
2025-03-06 09:00:00,C235,Orange,Jaipur,Pune,20,58,1026,22.2,11.6,261,Clear,18,4,Medium,28215,12553,Monitor Shipment
2025-03-06 10:00:00,C082,Banana,Lucknow,Delhi,38,69,1027,21.2,119.1,283,Cloudy,6,8,Low,8340,4120,Continue Route
2025-03-06 11:00:00,C268,Apple,Chennai,Pune,24,42,1019,6.9,113.2,251,Cloudy,21,3,High,118439,36995,Redirect to Nearby Market
2025-03-06 12:00:00,C080,Apple,Chennai,Bengaluru,32,40,1026,19.4,77.9,321,Sunny,7,8,Low,11772,3049,Continue Route
2025-03-06 13:00:00,C100,Mango,Hyderabad,Hyderabad,23,83,1024,1.5,90.8,150,Storm,8,8,Low,14531,1472,Continue Route
2025-03-06 14:00:00,C255,Mango,Chennai,Bengaluru,34,84,982,7.3,105.8,261,Clear,20,4,Medium,33988,13007,Monitor Shipment
2025-03-06 15:00:00,C189,Avocado,Bengaluru,Delhi,35,72,982,16.2,29.1,162,Clear,28,1,High,62670,68589,Redirect to Nearby Market
2025-03-06 16:00:00,C027,Mango,Jaipur,Hyderabad,22,66,1010,24.9,103.8,292,Fog,32,1,High,110092,46407,Redirect to Nearby Market
2025-03-06 17:00:00,C092,Avocado,Ahmedabad,Delhi,35,27,1018,22.3,1.2,53,Rainy,24,2,High,129715,56179,Redirect to Nearby Market
2025-03-06 18:00:00,C022,Avocado,Kolkata,Mumbai,21,41,1035,16.8,32.6,96,Storm,26,2,High,112367,49857,Redirect to Nearby Market
2025-03-06 19:00:00,C016,Mango,Hyderabad,Mumbai,32,68,1022,17.8,27.5,65,Fog,25,2,High,145379,22323,Redirect to Nearby Market
2025-03-06 20:00:00,C188,Orange,Chennai,Delhi,22,27,1029,1.3,68.6,268,Sunny,35,1,High,84521,42155,Redirect to Nearby Market
2025-03-06 21:00:00,C234,Orange,Delhi,Mumbai,24,33,1014,23.7,99.1,172,Fog,20,4,Medium,49593,15139,Monitor Shipment
2025-03-06 22:00:00,C043,Avocado,Hyderabad,Chennai,21,86,986,15.5,84.7,252,Storm,19,4,Medium,18174,18656,Monitor Shipment
2025-03-06 23:00:00,C077,Orange,Mumbai,Pune,27,91,1029,24.0,34.8,311,Fog,14,6,Medium,30650,16519,Monitor Shipment
2025-03-07 00:00:00,C162,Banana,Kolkata,Delhi,40,36,998,2.4,56.7,255,Sunny,24,2,High,93197,49854,Redirect to Nearby Market
2025-03-07 01:00:00,C281,Banana,Mumbai,Hyderabad,32,35,1004,16.0,68.4,59,Sunny,20,4,Medium,21409,12139,Monitor Shipment
2025-03-07 02:00:00,C246,Avocado,Jaipur,Pune,20,81,1000,11.9,30.6,223,Storm,18,4,Medium,37120,7265,Monitor Shipment
2025-03-07 03:00:00,C224,Apple,Lucknow,Bengaluru,19,78,983,5.1,4.0,191,Rainy,13,6,Medium,32352,15552,Monitor Shipment
2025-03-07 04:00:00,C291,Banana,Ahmedabad,Pune,23,46,1016,11.5,66.3,99,Cloudy,31,1,High,130782,21128,Redirect to Nearby Market
2025-03-07 05:00:00,C070,Orange,Mumbai,Delhi,33,67,1012,10.3,80.8,334,Storm,16,5,Medium,17822,6006,Monitor Shipment
2025-03-07 06:00:00,C170,Apple,Jaipur,Delhi,22,92,997,3.2,14.6,200,Storm,8,8,Low,9362,4155,Continue Route
2025-03-07 07:00:00,C075,Orange,Kolkata,Bengaluru,36,39,988,14.3,58.9,44,Cloudy,33,1,High,82092,36105,Redirect to Nearby Market
2025-03-07 08:00:00,C266,Mango,Delhi,Chennai,40,71,993,4.3,70.5,342,Storm,13,6,Medium,19015,12150,Monitor Shipment
2025-03-07 09:00:00,C015,Mango,Mumbai,Bengaluru,39,95,1025,11.9,49.2,318,Clear,26,2,High,123542,42883,Redirect to Nearby Market
2025-03-07 10:00:00,C226,Avocado,Kolkata,Bengaluru,18,72,1031,9.1,116.3,83,Storm,8,8,Low,14933,3452,Continue Route
2025-03-07 11:00:00,C184,Mango,Bengaluru,Delhi,33,31,983,5.2,37.7,248,Storm,21,3,High,73658,65517,Redirect to Nearby Market
2025-03-07 12:00:00,C029,Banana,Lucknow,Mumbai,22,46,1031,11.8,53.2,242,Sunny,12,6,Medium,30156,14240,Monitor Shipment
2025-03-07 13:00:00,C260,Avocado,Kolkata,Delhi,38,52,1028,3.9,89.0,189,Rainy,14,6,Medium,21363,15985,Monitor Shipment
2025-03-07 14:00:00,C271,Mango,Hyderabad,Chennai,32,43,992,1.0,38.7,103,Sunny,26,2,High,118704,32750,Redirect to Nearby Market
2025-03-07 15:00:00,C123,Mango,Chennai,Mumbai,19,75,1023,1.4,14.8,85,Clear,34,1,High,148695,58466,Redirect to Nearby Market
2025-03-07 16:00:00,C126,Apple,Chennai,Delhi,25,32,1033,1.6,24.1,186,Storm,23,3,High,68722,22364,Redirect to Nearby Market
2025-03-07 17:00:00,C023,Mango,Mumbai,Bengaluru,20,63,1016,23.6,64.2,277,Rainy,6,8,Low,12558,4208,Continue Route
2025-03-07 18:00:00,C207,Banana,Jaipur,Chennai,31,30,1007,24.1,4.1,270,Rainy,12,6,Medium,16763,17897,Monitor Shipment
2025-03-07 19:00:00,C207,Banana,Mumbai,Hyderabad,42,83,1009,9.7,2.9,245,Storm,12,6,Medium,37568,12751,Monitor Shipment
2025-03-07 20:00:00,C089,Mango,Ahmedabad,Chennai,20,83,987,17.0,78.3,277,Rainy,34,1,High,136773,31608,Redirect to Nearby Market
2025-03-07 21:00:00,C015,Mango,Pune,Chennai,35,57,1000,1.4,46.2,179,Fog,19,4,Medium,21808,14851,Monitor Shipment
2025-03-07 22:00:00,C294,Apple,Mumbai,Chennai,34,45,1007,21.2,39.7,142,Storm,7,8,Low,10145,1645,Continue Route
2025-03-07 23:00:00,C100,Orange,Hyderabad,Pune,27,40,1034,23.0,74.8,192,Storm,24,2,High,149168,48761,Redirect to Nearby Market
2025-03-08 00:00:00,C006,Banana,Ahmedabad,Delhi,38,30,984,18.8,100.4,98,Storm,18,4,Medium,18238,16128,Monitor Shipment
2025-03-08 01:00:00,C004,Orange,Kolkata,Bengaluru,32,33,1007,20.9,31.4,284,Cloudy,18,4,Medium,15323,7301,Monitor Shipment
2025-03-08 02:00:00,C014,Apple,Jaipur,Mumbai,37,50,1026,24.7,84.9,317,Storm,35,1,High,120049,66963,Redirect to Nearby Market
2025-03-08 03:00:00,C101,Avocado,Hyderabad,Bengaluru,19,28,1004,5.9,65.6,323,Cloudy,22,3,High,76756,31518,Redirect to Nearby Market
2025-03-08 04:00:00,C187,Orange,Mumbai,Pune,37,27,1019,4.8,2.7,109,Rainy,25,2,High,128816,55362,Redirect to Nearby Market
2025-03-08 05:00:00,C093,Orange,Bengaluru,Delhi,41,94,1010,10.8,50.7,184,Cloudy,19,4,Medium,26272,15665,Monitor Shipment
2025-03-08 06:00:00,C031,Avocado,Chennai,Chennai,40,83,1011,21.7,117.6,266,Rainy,27,1,High,53231,47087,Redirect to Nearby Market
2025-03-08 07:00:00,C291,Apple,Hyderabad,Pune,40,63,990,17.1,103.8,314,Clear,23,3,High,114638,22845,Redirect to Nearby Market
2025-03-08 08:00:00,C013,Mango,Chennai,Hyderabad,42,79,995,12.2,5.2,228,Cloudy,34,1,High,76803,66227,Redirect to Nearby Market
2025-03-08 09:00:00,C230,Banana,Hyderabad,Chennai,25,62,1002,8.6,108.2,97,Sunny,16,5,Medium,32674,11555,Monitor Shipment
2025-03-08 10:00:00,C280,Banana,Lucknow,Bengaluru,26,58,1026,4.8,31.6,128,Cloudy,24,2,High,59037,20353,Redirect to Nearby Market
2025-03-08 11:00:00,C291,Orange,Jaipur,Delhi,35,47,1023,17.4,23.0,291,Fog,22,3,High,51980,20108,Redirect to Nearby Market
2025-03-08 12:00:00,C178,Avocado,Lucknow,Mumbai,26,79,997,17.8,91.3,49,Fog,16,5,Medium,47624,8288,Monitor Shipment
2025-03-08 13:00:00,C113,Orange,Delhi,Pune,24,74,1010,14.3,119.5,288,Clear,32,1,High,132138,25552,Redirect to Nearby Market
2025-03-08 14:00:00,C038,Banana,Kolkata,Pune,36,55,1012,12.7,117.5,293,Storm,22,3,High,111390,39880,Redirect to Nearby Market
2025-03-08 15:00:00,C230,Mango,Ahmedabad,Delhi,35,36,1034,12.2,85.4,95,Storm,6,8,Low,13592,2884,Continue Route
2025-03-08 16:00:00,C102,Banana,Chennai,Mumbai,35,36,992,23.9,45.6,133,Rainy,15,5,Medium,24633,7451,Monitor Shipment
2025-03-08 17:00:00,C130,Avocado,Pune,Chennai,32,63,1024,22.2,16.4,48,Clear,8,8,Low,6916,3903,Continue Route
2025-03-08 18:00:00,C001,Banana,Pune,Bengaluru,24,36,996,16.5,68.6,242,Cloudy,20,4,Medium,40691,8212,Monitor Shipment
2025-03-08 19:00:00,C280,Orange,Lucknow,Delhi,28,54,1023,20.8,106.5,74,Sunny,7,8,Low,12812,3789,Continue Route
2025-03-08 20:00:00,C069,Avocado,Chennai,Chennai,18,63,1005,7.4,14.6,220,Rainy,8,8,Low,13475,3947,Continue Route
2025-03-08 21:00:00,C250,Avocado,Bengaluru,Delhi,32,57,984,15.1,94.3,31,Cloudy,21,3,High,147482,56961,Redirect to Nearby Market
2025-03-08 22:00:00,C232,Avocado,Bengaluru,Chennai,20,90,987,6.1,50.5,223,Rainy,34,1,High,126535,69227,Redirect to Nearby Market
2025-03-08 23:00:00,C267,Mango,Bengaluru,Chennai,18,62,1023,10.8,75.8,138,Rainy,5,9,Low,14736,3417,Continue Route
2025-03-09 00:00:00,C277,Mango,Lucknow,Bengaluru,39,95,1027,20.2,48.9,288,Cloudy,34,1,High,137700,42376,Redirect to Nearby Market
2025-03-09 01:00:00,C033,Orange,Bengaluru,Chennai,22,47,1024,24.0,58.8,336,Fog,32,1,High,94999,54085,Redirect to Nearby Market
2025-03-09 02:00:00,C245,Apple,Delhi,Chennai,24,31,1010,23.9,73.6,136,Sunny,19,4,Medium,43527,9237,Monitor Shipment
2025-03-09 03:00:00,C254,Avocado,Chennai,Pune,26,65,1030,1.8,103.2,57,Clear,27,1,High,84438,50123,Redirect to Nearby Market
2025-03-09 04:00:00,C083,Banana,Bengaluru,Delhi,29,38,996,8.8,85.2,136,Rainy,19,4,Medium,33604,9564,Monitor Shipment
2025-03-09 05:00:00,C194,Apple,Ahmedabad,Bengaluru,33,85,1005,20.5,5.4,252,Cloudy,34,1,High,101037,59739,Redirect to Nearby Market
2025-03-09 06:00:00,C259,Mango,Ahmedabad,Pune,27,28,1009,18.8,80.1,64,Cloudy,25,2,High,112960,30870,Redirect to Nearby Market
2025-03-09 07:00:00,C034,Apple,Ahmedabad,Mumbai,42,72,1024,22.0,65.5,244,Sunny,34,1,High,113051,51744,Redirect to Nearby Market
2025-03-09 08:00:00,C290,Avocado,Kolkata,Hyderabad,37,89,985,8.6,0.1,327,Sunny,12,6,Medium,31525,5620,Monitor Shipment
2025-03-09 09:00:00,C203,Orange,Ahmedabad,Mumbai,39,60,985,11.3,89.5,342,Sunny,13,6,Medium,17168,5592,Monitor Shipment
2025-03-09 10:00:00,C111,Avocado,Ahmedabad,Mumbai,31,68,1033,20.3,35.1,110,Storm,17,5,Medium,30522,11423,Monitor Shipment
2025-03-09 11:00:00,C062,Orange,Delhi,Delhi,25,87,1012,1.1,19.8,254,Cloudy,6,8,Low,13854,2845,Continue Route
2025-03-09 12:00:00,C241,Avocado,Lucknow,Mumbai,20,36,1028,18.3,97.1,144,Storm,31,1,High,76537,23057,Redirect to Nearby Market
2025-03-09 13:00:00,C122,Apple,Bengaluru,Mumbai,37,46,1032,2.9,39.8,35,Fog,32,1,High,126226,38482,Redirect to Nearby Market
2025-03-09 14:00:00,C143,Avocado,Pune,Mumbai,29,33,994,24.6,38.3,69,Cloudy,35,1,High,118305,49327,Redirect to Nearby Market
2025-03-09 15:00:00,C215,Apple,Pune,Mumbai,35,35,1023,5.5,59.6,202,Clear,27,1,High,106335,69102,Redirect to Nearby Market
2025-03-09 16:00:00,C207,Avocado,Delhi,Bengaluru,37,88,1018,16.1,79.8,343,Fog,18,4,Medium,48438,5865,Monitor Shipment
2025-03-09 17:00:00,C246,Mango,Lucknow,Pune,35,29,1020,17.7,3.8,204,Storm,30,1,High,121499,66927,Redirect to Nearby Market
2025-03-09 18:00:00,C144,Apple,Lucknow,Hyderabad,40,93,1014,2.6,100.2,204,Rainy,34,1,High,125266,31776,Redirect to Nearby Market
2025-03-09 19:00:00,C298,Apple,Mumbai,Bengaluru,40,34,1001,8.3,54.3,36,Storm,11,7,Low,12014,3201,Continue Route
2025-03-09 20:00:00,C058,Apple,Pune,Hyderabad,42,38,1021,0.7,94.2,307,Rainy,10,7,Low,5967,1980,Continue Route
2025-03-09 21:00:00,C097,Mango,Jaipur,Pune,39,65,1031,1.5,115.2,324,Sunny,23,3,High,102600,77426,Redirect to Nearby Market
2025-03-09 22:00:00,C072,Avocado,Hyderabad,Pune,32,26,1026,13.1,18.5,152,Storm,20,4,Medium,38371,13497,Monitor Shipment
2025-03-09 23:00:00,C120,Apple,Hyderabad,Bengaluru,27,58,1029,3.2,116.1,126,Storm,27,1,High,111778,46783,Redirect to Nearby Market
2025-03-10 00:00:00,C079,Avocado,Delhi,Hyderabad,38,91,985,18.4,71.7,129,Sunny,14,6,Medium,40320,14905,Monitor Shipment
2025-03-10 01:00:00,C172,Orange,Bengaluru,Pune,28,70,1000,19.4,76.9,255,Cloudy,20,4,Medium,31976,18644,Monitor Shipment
2025-03-10 02:00:00,C299,Banana,Chennai,Bengaluru,31,80,1008,4.5,72.4,87,Rainy,5,9,Low,11821,3944,Continue Route
2025-03-10 03:00:00,C144,Orange,Mumbai,Hyderabad,22,86,1003,23.4,33.3,102,Rainy,7,8,Low,6937,4850,Continue Route
2025-03-10 04:00:00,C187,Orange,Chennai,Mumbai,35,89,1004,18.1,91.9,214,Rainy,33,1,High,114402,21274,Redirect to Nearby Market
2025-03-10 05:00:00,C053,Banana,Kolkata,Chennai,32,46,1006,16.1,111.5,263,Cloudy,17,5,Medium,15728,10062,Monitor Shipment
2025-03-10 06:00:00,C093,Avocado,Bengaluru,Pune,42,76,982,22.8,58.3,259,Cloudy,15,5,Medium,29525,19564,Monitor Shipment
2025-03-10 07:00:00,C084,Orange,Lucknow,Bengaluru,21,95,1024,10.7,31.2,54,Sunny,19,4,Medium,28233,13532,Monitor Shipment
2025-03-10 08:00:00,C016,Banana,Kolkata,Chennai,41,91,1004,24.2,14.9,327,Storm,13,6,Medium,31940,18629,Monitor Shipment
2025-03-10 09:00:00,C233,Apple,Delhi,Delhi,41,35,984,4.3,46.0,259,Rainy,15,5,Medium,18573,17661,Monitor Shipment
2025-03-10 10:00:00,C113,Orange,Chennai,Delhi,32,85,986,9.1,86.9,101,Cloudy,28,1,High,77076,31869,Redirect to Nearby Market
2025-03-10 11:00:00,C029,Banana,Ahmedabad,Delhi,34,40,986,16.6,27.6,156,Sunny,23,3,High,93190,42226,Redirect to Nearby Market
2025-03-10 12:00:00,C228,Apple,Chennai,Delhi,32,28,1020,21.6,46.7,38,Clear,8,8,Low,10019,3303,Continue Route
2025-03-10 13:00:00,C156,Apple,Pune,Chennai,20,94,1024,22.5,3.7,282,Cloudy,13,6,Medium,40437,12476,Monitor Shipment
2025-03-10 14:00:00,C043,Banana,Kolkata,Pune,40,82,1015,13.3,11.1,316,Sunny,33,1,High,69261,34720,Redirect to Nearby Market
2025-03-10 15:00:00,C050,Banana,Mumbai,Chennai,18,70,1001,21.0,103.9,253,Rainy,7,8,Low,12869,4695,Continue Route
2025-03-10 16:00:00,C072,Apple,Delhi,Delhi,19,78,1015,16.4,80.6,280,Cloudy,22,3,High,84202,47648,Redirect to Nearby Market
2025-03-10 17:00:00,C254,Apple,Lucknow,Bengaluru,39,37,1017,24.2,110.9,197,Cloudy,25,2,High,63015,76714,Redirect to Nearby Market
2025-03-10 18:00:00,C251,Apple,Delhi,Pune,36,62,1016,15.7,77.4,59,Clear,24,2,High,122495,55069,Redirect to Nearby Market
2025-03-10 19:00:00,C198,Avocado,Kolkata,Delhi,41,65,986,0.8,82.2,103,Clear,12,6,Medium,20535,16327,Monitor Shipment
2025-03-10 20:00:00,C030,Avocado,Kolkata,Bengaluru,38,41,1024,11.4,61.5,290,Clear,9,7,Low,10029,3754,Continue Route
2025-03-10 21:00:00,C135,Orange,Jaipur,Chennai,35,31,994,1.7,79.5,88,Cloudy,5,9,Low,13153,3463,Continue Route
2025-03-10 22:00:00,C034,Banana,Lucknow,Mumbai,41,37,997,16.5,50.7,291,Fog,12,6,Medium,39918,15029,Monitor Shipment
2025-03-10 23:00:00,C177,Mango,Mumbai,Mumbai,25,88,1022,1.1,67.7,150,Rainy,8,8,Low,11358,2819,Continue Route
2025-03-11 00:00:00,C051,Mango,Ahmedabad,Chennai,28,59,1015,11.5,78.1,245,Storm,34,1,High,85332,59275,Redirect to Nearby Market
2025-03-11 01:00:00,C016,Mango,Mumbai,Chennai,37,68,995,18.2,50.9,296,Fog,24,2,High,95415,74211,Redirect to Nearby Market
2025-03-11 02:00:00,C283,Orange,Delhi,Delhi,20,46,1000,15.3,50.2,199,Clear,17,5,Medium,21084,6357,Monitor Shipment
2025-03-11 03:00:00,C247,Apple,Jaipur,Delhi,24,27,984,20.0,113.2,311,Storm,22,3,High,101275,54103,Redirect to Nearby Market
2025-03-11 04:00:00,C291,Mango,Jaipur,Pune,33,27,1017,12.3,43.1,129,Sunny,35,1,High,124719,70975,Redirect to Nearby Market
2025-03-11 05:00:00,C188,Apple,Jaipur,Hyderabad,34,46,1016,8.3,79.5,117,Cloudy,19,4,Medium,27632,8931,Monitor Shipment
2025-03-11 06:00:00,C296,Mango,Kolkata,Delhi,38,84,993,21.6,114.2,304,Sunny,13,6,Medium,24981,7250,Monitor Shipment
2025-03-11 07:00:00,C153,Orange,Ahmedabad,Chennai,32,28,1029,0.7,63.7,242,Sunny,14,6,Medium,41014,15895,Monitor Shipment
2025-03-11 08:00:00,C141,Banana,Ahmedabad,Chennai,28,42,1016,6.7,0.2,32,Fog,14,6,Medium,23758,5426,Monitor Shipment
2025-03-11 09:00:00,C260,Avocado,Lucknow,Bengaluru,28,94,1017,2.1,53.9,126,Sunny,17,5,Medium,40404,11537,Monitor Shipment
2025-03-11 10:00:00,C076,Apple,Chennai,Pune,32,95,987,2.6,45.2,198,Storm,14,6,Medium,27100,12241,Monitor Shipment
2025-03-11 11:00:00,C227,Banana,Mumbai,Bengaluru,23,77,1029,2.0,30.1,273,Rainy,16,5,Medium,15444,7356,Monitor Shipment
2025-03-11 12:00:00,C281,Apple,Mumbai,Chennai,42,81,1006,16.4,102.9,348,Clear,28,1,High,65304,68143,Redirect to Nearby Market
2025-03-11 13:00:00,C221,Mango,Lucknow,Delhi,38,26,983,3.0,68.4,295,Fog,29,1,High,135889,53232,Redirect to Nearby Market
2025-03-11 14:00:00,C032,Mango,Lucknow,Hyderabad,25,53,987,10.2,15.1,306,Cloudy,18,4,Medium,34012,13590,Monitor Shipment
2025-03-11 15:00:00,C249,Apple,Bengaluru,Chennai,22,95,997,13.5,73.4,128,Fog,16,5,Medium,42311,7918,Monitor Shipment
2025-03-11 16:00:00,C278,Avocado,Hyderabad,Chennai,22,55,999,17.5,11.3,292,Cloudy,6,8,Low,14311,2898,Continue Route
2025-03-11 17:00:00,C232,Apple,Hyderabad,Pune,27,32,1021,15.1,46.9,216,Clear,19,4,Medium,24671,9727,Monitor Shipment
2025-03-11 18:00:00,C296,Avocado,Chennai,Delhi,33,40,1001,19.7,33.8,280,Clear,26,2,High,52905,35415,Redirect to Nearby Market
2025-03-11 19:00:00,C286,Banana,Kolkata,Pune,39,72,1015,13.9,111.6,328,Clear,16,5,Medium,33950,7257,Monitor Shipment
2025-03-11 20:00:00,C253,Apple,Chennai,Delhi,19,55,982,6.7,2.2,291,Storm,26,2,High,142793,56365,Redirect to Nearby Market
2025-03-11 21:00:00,C062,Apple,Ahmedabad,Bengaluru,36,73,980,3.8,115.0,38,Fog,25,2,High,148102,70201,Redirect to Nearby Market
2025-03-11 22:00:00,C036,Banana,Kolkata,Hyderabad,31,85,1015,9.6,85.0,107,Fog,26,2,High,123681,44654,Redirect to Nearby Market
2025-03-11 23:00:00,C176,Apple,Ahmedabad,Hyderabad,42,79,1013,20.6,106.7,181,Storm,30,1,High,113610,43098,Redirect to Nearby Market
2025-03-12 00:00:00,C165,Apple,Chennai,Delhi,23,27,1031,23.0,105.4,81,Storm,18,4,Medium,42832,13284,Monitor Shipment
2025-03-12 01:00:00,C022,Banana,Chennai,Pune,29,37,1017,2.4,73.9,298,Fog,21,3,High,132322,40870,Redirect to Nearby Market
2025-03-12 02:00:00,C062,Apple,Jaipur,Mumbai,20,65,1004,4.6,87.1,184,Sunny,32,1,High,135858,67408,Redirect to Nearby Market
2025-03-12 03:00:00,C180,Orange,Chennai,Pune,32,50,1003,12.5,0.2,321,Rainy,7,8,Low,6391,4209,Continue Route
2025-03-12 04:00:00,C178,Banana,Hyderabad,Mumbai,34,78,1034,3.7,90.3,96,Clear,34,1,High,86951,36490,Redirect to Nearby Market
2025-03-12 05:00:00,C166,Apple,Delhi,Chennai,35,34,1031,24.1,29.6,304,Storm,25,2,High,142971,25975,Redirect to Nearby Market
2025-03-12 06:00:00,C202,Apple,Chennai,Delhi,24,88,1025,5.7,69.2,251,Rainy,35,1,High,81912,23992,Redirect to Nearby Market
2025-03-12 07:00:00,C206,Avocado,Kolkata,Bengaluru,26,54,987,18.2,55.5,222,Storm,22,3,High,106632,54110,Redirect to Nearby Market
2025-03-12 08:00:00,C295,Banana,Pune,Mumbai,34,69,1003,13.0,60.2,238,Sunny,22,3,High,135963,66688,Redirect to Nearby Market
2025-03-12 09:00:00,C109,Orange,Hyderabad,Hyderabad,30,76,1022,24.9,103.1,50,Fog,30,1,High,96915,25790,Redirect to Nearby Market
2025-03-12 10:00:00,C256,Avocado,Ahmedabad,Pune,24,36,1035,2.4,15.7,321,Clear,25,2,High,69258,25085,Redirect to Nearby Market
2025-03-12 11:00:00,C185,Orange,Chennai,Bengaluru,36,56,1006,7.9,91.0,138,Cloudy,30,1,High,130202,61755,Redirect to Nearby Market
2025-03-12 12:00:00,C069,Apple,Delhi,Bengaluru,39,75,1030,6.1,96.7,235,Storm,18,4,Medium,27272,6670,Monitor Shipment
2025-03-12 13:00:00,C092,Orange,Jaipur,Delhi,42,48,1030,24.9,79.0,120,Sunny,13,6,Medium,44159,10301,Monitor Shipment
2025-03-12 14:00:00,C198,Apple,Ahmedabad,Delhi,41,87,1000,16.9,0.5,140,Fog,16,5,Medium,21174,12229,Monitor Shipment
2025-03-12 15:00:00,C125,Orange,Jaipur,Mumbai,34,77,985,24.1,104.1,250,Cloudy,29,1,High,113575,38172,Redirect to Nearby Market
2025-03-12 16:00:00,C113,Mango,Bengaluru,Chennai,32,49,1025,16.0,32.9,231,Sunny,30,1,High,65954,26763,Redirect to Nearby Market
2025-03-12 17:00:00,C152,Mango,Jaipur,Pune,18,71,980,3.3,71.1,256,Sunny,16,5,Medium,46695,6721,Monitor Shipment
2025-03-12 18:00:00,C100,Avocado,Chennai,Pune,33,80,982,24.4,110.6,55,Fog,11,7,Low,5141,1269,Continue Route
2025-03-12 19:00:00,C101,Apple,Chennai,Mumbai,20,31,998,0.8,20.1,138,Rainy,26,2,High,125080,29269,Redirect to Nearby Market
2025-03-12 20:00:00,C164,Orange,Jaipur,Delhi,31,76,1020,15.5,21.7,259,Storm,20,4,Medium,41645,13878,Monitor Shipment
2025-03-12 21:00:00,C246,Mango,Ahmedabad,Delhi,20,46,1008,2.0,119.8,327,Fog,15,5,Medium,40684,19211,Monitor Shipment
2025-03-12 22:00:00,C160,Mango,Ahmedabad,Hyderabad,37,50,983,16.6,16.0,67,Clear,32,1,High,84187,34382,Redirect to Nearby Market
2025-03-12 23:00:00,C119,Banana,Chennai,Bengaluru,32,92,981,22.1,41.1,59,Fog,26,2,High,98135,58497,Redirect to Nearby Market
2025-03-13 00:00:00,C104,Banana,Mumbai,Chennai,34,42,988,8.7,53.9,141,Clear,9,7,Low,5473,1351,Continue Route
2025-03-13 01:00:00,C007,Apple,Pune,Delhi,36,44,998,13.4,99.4,320,Clear,26,2,High,76367,68997,Redirect to Nearby Market
2025-03-13 02:00:00,C290,Orange,Ahmedabad,Mumbai,28,25,1024,2.8,34.5,285,Fog,27,1,High,101965,60711,Redirect to Nearby Market
2025-03-13 03:00:00,C276,Avocado,Lucknow,Mumbai,31,79,996,11.9,16.1,298,Clear,5,9,Low,11373,4586,Continue Route
2025-03-13 04:00:00,C091,Mango,Kolkata,Delhi,18,37,1024,5.4,36.6,88,Cloudy,23,3,High,64944,70989,Redirect to Nearby Market
2025-03-13 05:00:00,C025,Mango,Ahmedabad,Mumbai,36,51,1021,24.5,91.1,78,Clear,19,4,Medium,47919,7061,Monitor Shipment
2025-03-13 06:00:00,C143,Avocado,Chennai,Delhi,41,89,1034,16.2,52.8,112,Storm,14,6,Medium,31658,19208,Monitor Shipment
2025-03-13 07:00:00,C023,Avocado,Delhi,Pune,36,27,981,19.9,81.5,93,Storm,17,5,Medium,30027,9206,Monitor Shipment
2025-03-13 08:00:00,C214,Mango,Lucknow,Mumbai,37,49,1029,8.4,86.1,283,Cloudy,27,1,High,50575,44730,Redirect to Nearby Market
2025-03-13 09:00:00,C184,Mango,Hyderabad,Chennai,18,51,991,5.2,7.6,159,Rainy,8,8,Low,6742,4674,Continue Route
2025-03-13 10:00:00,C124,Avocado,Pune,Chennai,26,32,1019,1.7,73.6,227,Clear,31,1,High,105873,70892,Redirect to Nearby Market
2025-03-13 11:00:00,C050,Apple,Kolkata,Bengaluru,28,67,1018,4.2,18.7,322,Cloudy,33,1,High,122046,70771,Redirect to Nearby Market
2025-03-13 12:00:00,C169,Mango,Bengaluru,Pune,34,79,1013,7.6,29.6,98,Cloudy,35,1,High,75637,21879,Redirect to Nearby Market
2025-03-13 13:00:00,C077,Avocado,Hyderabad,Chennai,21,67,1023,14.6,78.4,215,Storm,29,1,High,78614,75870,Redirect to Nearby Market
2025-03-13 14:00:00,C240,Banana,Pune,Pune,37,74,996,9.8,41.0,182,Clear,34,1,High,86895,72041,Redirect to Nearby Market
2025-03-13 15:00:00,C221,Apple,Pune,Hyderabad,19,33,1001,21.0,3.2,296,Cloudy,23,3,High,80122,58542,Redirect to Nearby Market
2025-03-13 16:00:00,C143,Banana,Lucknow,Delhi,38,35,1017,19.3,117.4,204,Sunny,33,1,High,117258,26785,Redirect to Nearby Market
2025-03-13 17:00:00,C106,Mango,Lucknow,Pune,26,54,1021,23.5,35.4,73,Storm,7,8,Low,9669,4912,Continue Route
2025-03-13 18:00:00,C110,Mango,Pune,Chennai,32,29,1014,20.0,79.4,265,Storm,14,6,Medium,19195,11516,Monitor Shipment
2025-03-13 19:00:00,C131,Avocado,Pune,Bengaluru,20,58,983,2.6,70.1,37,Storm,12,6,Medium,41646,10749,Monitor Shipment
2025-03-13 20:00:00,C074,Avocado,Mumbai,Mumbai,25,62,1018,22.4,103.2,273,Storm,14,6,Medium,30724,17794,Monitor Shipment
2025-03-13 21:00:00,C296,Apple,Mumbai,Pune,27,78,983,7.8,93.1,70,Rainy,17,5,Medium,32236,19970,Monitor Shipment
2025-03-13 22:00:00,C137,Apple,Bengaluru,Pune,26,52,1026,15.2,57.8,54,Rainy,16,5,Medium,18300,14678,Monitor Shipment
2025-03-13 23:00:00,C249,Apple,Delhi,Delhi,24,58,1002,1.0,7.6,72,Clear,20,4,Medium,27675,12018,Monitor Shipment
2025-03-14 00:00:00,C102,Apple,Bengaluru,Hyderabad,24,87,986,2.0,92.7,258,Fog,22,3,High,147203,31567,Redirect to Nearby Market
2025-03-14 01:00:00,C216,Mango,Mumbai,Pune,18,95,1009,4.9,17.9,144,Cloudy,7,8,Low,10570,1476,Continue Route
2025-03-14 02:00:00,C277,Mango,Ahmedabad,Pune,41,81,1003,6.3,32.8,31,Fog,26,2,High,81839,34125,Redirect to Nearby Market
2025-03-14 03:00:00,C175,Apple,Mumbai,Pune,33,43,1006,2.5,55.7,339,Fog,13,6,Medium,48713,19811,Monitor Shipment
2025-03-14 04:00:00,C163,Avocado,Hyderabad,Delhi,38,71,1000,23.6,13.7,201,Storm,20,4,Medium,46684,10870,Monitor Shipment
2025-03-14 05:00:00,C101,Orange,Chennai,Pune,25,58,1019,1.2,47.2,42,Clear,15,5,Medium,23775,19516,Monitor Shipment
2025-03-14 06:00:00,C042,Mango,Chennai,Pune,31,30,1023,6.8,90.4,46,Sunny,5,9,Low,10104,2853,Continue Route
2025-03-14 07:00:00,C272,Mango,Chennai,Mumbai,21,25,982,12.6,76.3,267,Sunny,26,2,High,118826,26988,Redirect to Nearby Market
2025-03-14 08:00:00,C014,Apple,Kolkata,Chennai,23,33,1003,3.9,25.6,234,Fog,18,4,Medium,28970,10827,Monitor Shipment
2025-03-14 09:00:00,C057,Apple,Delhi,Hyderabad,38,47,1029,6.4,2.0,262,Fog,12,6,Medium,47058,11919,Monitor Shipment
2025-03-14 10:00:00,C290,Banana,Chennai,Bengaluru,32,59,995,2.7,87.7,231,Sunny,33,1,High,126782,55097,Redirect to Nearby Market
2025-03-14 11:00:00,C102,Mango,Pune,Delhi,27,52,997,20.5,10.7,343,Clear,19,4,Medium,15681,18737,Monitor Shipment
2025-03-14 12:00:00,C233,Banana,Bengaluru,Mumbai,19,88,987,4.7,105.5,88,Storm,34,1,High,112337,71934,Redirect to Nearby Market
2025-03-14 13:00:00,C254,Orange,Delhi,Hyderabad,34,87,992,15.9,7.0,277,Fog,5,9,Low,7035,2823,Continue Route
2025-03-14 14:00:00,C080,Orange,Hyderabad,Mumbai,31,53,1025,10.3,93.3,272,Fog,19,4,Medium,21215,6553,Monitor Shipment
2025-03-14 15:00:00,C291,Banana,Lucknow,Pune,39,60,994,24.5,86.2,224,Rainy,5,9,Low,12796,1725,Continue Route
2025-03-14 16:00:00,C016,Orange,Mumbai,Mumbai,26,83,995,3.2,58.6,84,Sunny,13,6,Medium,33632,8098,Monitor Shipment
2025-03-14 17:00:00,C033,Avocado,Mumbai,Delhi,20,84,1020,18.2,71.5,96,Clear,5,9,Low,14977,3637,Continue Route
2025-03-14 18:00:00,C070,Apple,Delhi,Bengaluru,30,52,998,10.2,66.8,333,Fog,14,6,Medium,48483,7231,Monitor Shipment
2025-03-14 19:00:00,C126,Avocado,Kolkata,Bengaluru,27,34,1034,6.4,31.5,268,Sunny,24,2,High,107770,54073,Redirect to Nearby Market
2025-03-14 20:00:00,C186,Mango,Hyderabad,Hyderabad,31,64,997,14.9,2.7,62,Sunny,16,5,Medium,32433,8459,Monitor Shipment
2025-03-14 21:00:00,C124,Banana,Chennai,Delhi,25,80,993,1.2,63.7,130,Rainy,18,4,Medium,42670,15328,Monitor Shipment
2025-03-14 22:00:00,C160,Banana,Delhi,Chennai,42,88,1010,14.6,81.5,316,Fog,29,1,High,126564,51713,Redirect to Nearby Market
2025-03-14 23:00:00,C146,Orange,Bengaluru,Delhi,19,75,1028,7.0,119.6,342,Cloudy,32,1,High,112831,21388,Redirect to Nearby Market
2025-03-15 00:00:00,C294,Apple,Kolkata,Chennai,23,66,1008,19.3,55.2,331,Cloudy,11,7,Low,12850,1904,Continue Route
2025-03-15 01:00:00,C095,Mango,Hyderabad,Pune,39,81,990,3.9,10.2,87,Fog,21,3,High,57619,24887,Redirect to Nearby Market
2025-03-15 02:00:00,C232,Orange,Bengaluru,Delhi,41,93,983,6.4,51.7,42,Fog,9,7,Low,6791,2348,Continue Route
2025-03-15 03:00:00,C134,Apple,Chennai,Chennai,23,61,998,13.6,99.5,231,Clear,20,4,Medium,45616,17891,Monitor Shipment
2025-03-15 04:00:00,C139,Banana,Delhi,Pune,23,93,985,23.9,115.7,44,Fog,9,7,Low,11266,3900,Continue Route
2025-03-15 05:00:00,C061,Banana,Delhi,Delhi,40,67,1003,2.1,81.6,266,Rainy,8,8,Low,10718,4693,Continue Route
2025-03-15 06:00:00,C192,Orange,Chennai,Chennai,35,89,1009,24.9,10.9,107,Fog,28,1,High,78980,50569,Redirect to Nearby Market
2025-03-15 07:00:00,C193,Banana,Kolkata,Mumbai,24,52,1006,17.1,53.3,238,Storm,6,8,Low,5656,3633,Continue Route
2025-03-15 08:00:00,C045,Banana,Jaipur,Mumbai,27,90,993,19.6,41.7,72,Cloudy,30,1,High,123120,78404,Redirect to Nearby Market
2025-03-15 09:00:00,C115,Avocado,Lucknow,Pune,31,90,981,19.0,115.1,288,Storm,9,7,Low,8197,1665,Continue Route
2025-03-15 10:00:00,C009,Avocado,Lucknow,Mumbai,36,71,987,4.0,96.3,237,Storm,25,2,High,102993,58167,Redirect to Nearby Market
2025-03-15 11:00:00,C068,Mango,Mumbai,Bengaluru,41,77,1018,24.9,51.3,148,Storm,31,1,High,95912,51429,Redirect to Nearby Market
2025-03-15 12:00:00,C081,Mango,Delhi,Bengaluru,39,29,1011,5.5,18.8,304,Fog,26,2,High,116246,37726,Redirect to Nearby Market
2025-03-15 13:00:00,C189,Mango,Ahmedabad,Pune,19,67,1032,2.1,70.1,221,Sunny,5,9,Low,10821,1842,Continue Route
2025-03-15 14:00:00,C251,Avocado,Kolkata,Mumbai,19,55,1026,14.2,30.4,316,Fog,33,1,High,74888,47351,Redirect to Nearby Market
2025-03-15 15:00:00,C105,Mango,Hyderabad,Bengaluru,42,84,998,7.9,64.6,156,Clear,27,1,High,126951,64488,Redirect to Nearby Market
2025-03-15 16:00:00,C167,Apple,Bengaluru,Chennai,25,95,1000,6.0,18.4,45,Clear,20,4,Medium,47953,11500,Monitor Shipment
2025-03-15 17:00:00,C281,Banana,Delhi,Mumbai,20,36,1020,0.7,47.4,36,Clear,25,2,High,85853,34780,Redirect to Nearby Market
2025-03-15 18:00:00,C170,Orange,Kolkata,Mumbai,22,43,1021,22.3,88.5,191,Cloudy,10,7,Low,14316,1488,Continue Route
2025-03-15 19:00:00,C140,Banana,Jaipur,Bengaluru,19,46,1010,23.8,50.2,83,Cloudy,26,2,High,114869,20371,Redirect to Nearby Market
2025-03-15 20:00:00,C226,Apple,Delhi,Mumbai,37,27,1011,24.7,66.5,245,Rainy,24,2,High,135790,66000,Redirect to Nearby Market
2025-03-15 21:00:00,C066,Banana,Kolkata,Chennai,39,92,1034,2.5,21.8,300,Sunny,8,8,Low,13062,2312,Continue Route
2025-03-15 22:00:00,C038,Orange,Jaipur,Delhi,42,55,1024,12.8,34.0,58,Sunny,7,8,Low,7072,4924,Continue Route
2025-03-15 23:00:00,C208,Banana,Ahmedabad,Bengaluru,22,91,1015,7.6,52.6,120,Clear,23,3,High,141685,49992,Redirect to Nearby Market
2025-03-16 00:00:00,C191,Banana,Pune,Pune,27,38,980,22.9,112.6,208,Storm,10,7,Low,9555,2251,Continue Route
2025-03-16 01:00:00,C109,Banana,Bengaluru,Chennai,25,31,1022,21.1,84.6,107,Cloudy,31,1,High,58981,64278,Redirect to Nearby Market
2025-03-16 02:00:00,C224,Orange,Pune,Chennai,41,72,1007,10.8,58.3,280,Sunny,6,8,Low,13272,3245,Continue Route
2025-03-16 03:00:00,C281,Orange,Lucknow,Delhi,39,39,985,2.9,20.3,337,Rainy,34,1,High,82400,40025,Redirect to Nearby Market
2025-03-16 04:00:00,C176,Mango,Hyderabad,Mumbai,40,52,1018,23.9,74.0,254,Storm,32,1,High,70741,63865,Redirect to Nearby Market
2025-03-16 05:00:00,C089,Mango,Hyderabad,Bengaluru,41,35,1021,9.4,71.3,123,Clear,27,1,High,114556,79952,Redirect to Nearby Market
2025-03-16 06:00:00,C263,Orange,Pune,Delhi,41,29,1000,1.0,19.3,278,Fog,16,5,Medium,39724,11033,Monitor Shipment
2025-03-16 07:00:00,C130,Orange,Delhi,Pune,33,54,1033,7.2,55.5,157,Fog,28,1,High,133594,65660,Redirect to Nearby Market
2025-03-16 08:00:00,C103,Orange,Hyderabad,Mumbai,36,48,1001,15.6,9.5,314,Cloudy,6,8,Low,6932,3364,Continue Route
2025-03-16 09:00:00,C211,Apple,Bengaluru,Mumbai,24,65,1005,2.7,91.9,165,Rainy,7,8,Low,5766,1414,Continue Route
2025-03-16 10:00:00,C041,Avocado,Jaipur,Bengaluru,33,58,983,14.9,102.3,129,Clear,7,8,Low,11719,3599,Continue Route
2025-03-16 11:00:00,C021,Mango,Hyderabad,Bengaluru,31,78,985,7.3,57.2,102,Storm,22,3,High,142850,30091,Redirect to Nearby Market
2025-03-16 12:00:00,C210,Avocado,Delhi,Mumbai,41,70,1020,5.1,37.5,31,Fog,34,1,High,119580,28856,Redirect to Nearby Market
2025-03-16 13:00:00,C255,Banana,Bengaluru,Bengaluru,25,45,1007,13.5,58.1,223,Cloudy,21,3,High,82364,43932,Redirect to Nearby Market
2025-03-16 14:00:00,C293,Orange,Hyderabad,Chennai,19,86,1023,7.8,77.6,312,Storm,14,6,Medium,37370,7865,Monitor Shipment
2025-03-16 15:00:00,C182,Orange,Mumbai,Hyderabad,27,27,1028,0.9,64.0,241,Storm,25,2,High,62308,70807,Redirect to Nearby Market
2025-03-16 16:00:00,C102,Mango,Jaipur,Bengaluru,41,36,1019,8.2,71.9,221,Sunny,18,4,Medium,15620,7316,Monitor Shipment
2025-03-16 17:00:00,C164,Avocado,Delhi,Delhi,34,70,1014,18.0,32.6,133,Sunny,23,3,High,53031,69660,Redirect to Nearby Market
2025-03-16 18:00:00,C041,Orange,Delhi,Bengaluru,38,75,985,16.4,39.9,110,Fog,34,1,High,63675,30280,Redirect to Nearby Market
2025-03-16 19:00:00,C048,Apple,Pune,Delhi,27,31,1030,20.3,26.0,61,Fog,5,9,Low,10252,1071,Continue Route
2025-03-16 20:00:00,C198,Mango,Hyderabad,Mumbai,42,73,989,18.8,87.7,241,Fog,25,2,High,86705,25899,Redirect to Nearby Market
2025-03-16 21:00:00,C126,Avocado,Lucknow,Pune,28,42,1015,9.4,12.3,219,Fog,22,3,High,118142,59438,Redirect to Nearby Market
2025-03-16 22:00:00,C053,Mango,Chennai,Bengaluru,27,34,1005,11.7,78.0,350,Sunny,34,1,High,112674,66173,Redirect to Nearby Market
2025-03-16 23:00:00,C201,Mango,Chennai,Pune,35,42,1029,17.9,70.3,311,Cloudy,8,8,Low,11375,4181,Continue Route
2025-03-17 00:00:00,C267,Avocado,Lucknow,Hyderabad,37,81,1007,24.3,18.8,64,Fog,33,1,High,83198,50992,Redirect to Nearby Market
2025-03-17 01:00:00,C276,Apple,Delhi,Mumbai,29,34,988,18.7,39.0,271,Storm,28,1,High,70912,69057,Redirect to Nearby Market
2025-03-17 02:00:00,C278,Orange,Delhi,Pune,37,62,1001,20.9,0.8,250,Fog,27,1,High,56850,67070,Redirect to Nearby Market
2025-03-17 03:00:00,C016,Avocado,Chennai,Hyderabad,20,89,1019,5.0,74.9,313,Clear,19,4,Medium,32950,16118,Monitor Shipment
2025-03-17 04:00:00,C266,Orange,Pune,Pune,28,59,988,13.5,16.0,251,Cloudy,20,4,Medium,24551,11223,Monitor Shipment
2025-03-17 05:00:00,C293,Mango,Jaipur,Chennai,39,25,1003,8.6,24.9,259,Clear,12,6,Medium,30168,12396,Monitor Shipment
2025-03-17 06:00:00,C176,Avocado,Kolkata,Chennai,32,29,1009,1.3,33.2,175,Fog,27,1,High,95634,65021,Redirect to Nearby Market
2025-03-17 07:00:00,C143,Mango,Hyderabad,Delhi,37,34,1021,7.4,99.9,290,Clear,7,8,Low,5538,1091,Continue Route
2025-03-17 08:00:00,C261,Mango,Kolkata,Bengaluru,26,77,1004,19.9,8.7,125,Rainy,15,5,Medium,22840,5895,Monitor Shipment
2025-03-17 09:00:00,C050,Mango,Mumbai,Mumbai,35,92,1032,17.2,80.7,37,Rainy,12,6,Medium,44989,6850,Monitor Shipment
2025-03-17 10:00:00,C195,Banana,Pune,Pune,35,74,1033,19.2,9.4,102,Cloudy,23,3,High,93450,57176,Redirect to Nearby Market
2025-03-17 11:00:00,C149,Apple,Bengaluru,Pune,36,29,1005,24.4,60.9,41,Sunny,28,1,High,117551,21703,Redirect to Nearby Market
2025-03-17 12:00:00,C047,Avocado,Jaipur,Delhi,22,42,986,22.2,20.0,83,Storm,18,4,Medium,49503,19432,Monitor Shipment
2025-03-17 13:00:00,C144,Avocado,Delhi,Delhi,32,92,993,8.2,118.7,334,Cloudy,15,5,Medium,34185,13549,Monitor Shipment
2025-03-17 14:00:00,C165,Apple,Lucknow,Hyderabad,35,33,1025,2.7,59.6,139,Fog,7,8,Low,12573,2098,Continue Route
2025-03-17 15:00:00,C196,Mango,Delhi,Pune,28,68,1019,22.9,117.7,248,Storm,20,4,Medium,42860,10189,Monitor Shipment
2025-03-17 16:00:00,C282,Banana,Bengaluru,Mumbai,21,46,1027,18.2,54.1,159,Clear,19,4,Medium,19168,14377,Monitor Shipment
2025-03-17 17:00:00,C077,Mango,Bengaluru,Pune,35,44,1022,2.7,91.1,89,Rainy,13,6,Medium,21519,14541,Monitor Shipment
2025-03-17 18:00:00,C020,Avocado,Hyderabad,Mumbai,32,35,1011,7.2,84.6,151,Fog,24,2,High,67576,26816,Redirect to Nearby Market
2025-03-17 19:00:00,C116,Orange,Pune,Hyderabad,31,37,1018,2.2,7.4,55,Cloudy,6,8,Low,10150,2764,Continue Route
2025-03-17 20:00:00,C129,Mango,Kolkata,Mumbai,41,25,1035,10.6,74.2,200,Storm,10,7,Low,12059,2629,Continue Route
2025-03-17 21:00:00,C102,Orange,Jaipur,Mumbai,31,51,1010,3.2,34.1,153,Storm,7,8,Low,8616,4622,Continue Route
2025-03-17 22:00:00,C252,Banana,Kolkata,Chennai,24,93,1020,23.4,78.5,300,Cloudy,22,3,High,139632,32107,Redirect to Nearby Market
2025-03-17 23:00:00,C153,Orange,Pune,Mumbai,33,56,986,19.9,20.8,117,Rainy,6,8,Low,8202,2917,Continue Route
2025-03-18 00:00:00,C174,Mango,Lucknow,Delhi,30,87,1011,12.2,117.3,221,Storm,24,2,High,146987,33473,Redirect to Nearby Market
2025-03-18 01:00:00,C181,Banana,Bengaluru,Bengaluru,34,78,987,22.2,10.9,80,Sunny,32,1,High,74519,77939,Redirect to Nearby Market
2025-03-18 02:00:00,C200,Mango,Hyderabad,Hyderabad,22,45,1006,3.8,15.6,176,Sunny,5,9,Low,11137,4731,Continue Route
2025-03-18 03:00:00,C233,Banana,Kolkata,Pune,19,75,1006,7.7,58.5,76,Clear,17,5,Medium,31810,17346,Monitor Shipment
2025-03-18 04:00:00,C107,Banana,Kolkata,Pune,36,39,982,17.4,39.6,120,Sunny,20,4,Medium,34828,15450,Monitor Shipment
2025-03-18 05:00:00,C250,Mango,Kolkata,Bengaluru,19,39,982,3.7,80.8,99,Cloudy,6,8,Low,5574,1929,Continue Route
2025-03-18 06:00:00,C287,Orange,Ahmedabad,Delhi,30,71,1018,12.7,18.0,100,Cloudy,17,5,Medium,17153,5975,Monitor Shipment
2025-03-18 07:00:00,C121,Orange,Bengaluru,Hyderabad,20,80,1004,7.4,40.7,316,Storm,26,2,High,87624,78332,Redirect to Nearby Market
2025-03-18 08:00:00,C051,Apple,Chennai,Hyderabad,25,25,990,18.5,47.6,311,Sunny,6,8,Low,7794,4219,Continue Route
2025-03-18 09:00:00,C018,Apple,Mumbai,Hyderabad,35,79,980,24.2,97.8,48,Cloudy,33,1,High,134327,51230,Redirect to Nearby Market
2025-03-18 10:00:00,C105,Avocado,Ahmedabad,Mumbai,42,70,989,16.9,34.6,219,Fog,5,9,Low,7203,4945,Continue Route
2025-03-18 11:00:00,C072,Mango,Pune,Bengaluru,36,52,1002,8.6,83.5,36,Clear,15,5,Medium,44129,18062,Monitor Shipment
2025-03-18 12:00:00,C082,Avocado,Bengaluru,Pune,25,59,989,22.6,57.0,33,Sunny,17,5,Medium,24602,11610,Monitor Shipment
2025-03-18 13:00:00,C233,Avocado,Bengaluru,Delhi,31,83,1021,14.8,6.1,147,Fog,28,1,High,84567,23548,Redirect to Nearby Market
2025-03-18 14:00:00,C213,Mango,Kolkata,Pune,25,44,996,10.1,19.2,45,Rainy,29,1,High,111531,31616,Redirect to Nearby Market
2025-03-18 15:00:00,C284,Mango,Bengaluru,Chennai,36,75,1032,15.8,60.8,226,Fog,23,3,High,115777,72081,Redirect to Nearby Market
2025-03-18 16:00:00,C167,Mango,Hyderabad,Delhi,32,34,1012,3.6,78.8,30,Sunny,21,3,High,76098,20252,Redirect to Nearby Market
2025-03-18 17:00:00,C250,Orange,Ahmedabad,Pune,33,60,1015,16.6,94.6,178,Cloudy,27,1,High,55239,62002,Redirect to Nearby Market
2025-03-18 18:00:00,C108,Apple,Lucknow,Hyderabad,35,47,1021,9.8,116.8,82,Sunny,8,8,Low,10258,4054,Continue Route
2025-03-18 19:00:00,C068,Avocado,Chennai,Mumbai,30,74,984,20.7,11.5,182,Cloudy,33,1,High,93306,46951,Redirect to Nearby Market
2025-03-18 20:00:00,C005,Apple,Delhi,Hyderabad,37,53,989,23.1,61.1,148,Storm,28,1,High,111974,75555,Redirect to Nearby Market
2025-03-18 21:00:00,C280,Mango,Lucknow,Chennai,30,70,1025,13.5,68.8,334,Storm,20,4,Medium,45598,13430,Monitor Shipment
2025-03-18 22:00:00,C085,Banana,Jaipur,Delhi,29,73,995,23.1,40.4,226,Cloudy,15,5,Medium,32247,10362,Monitor Shipment
2025-03-18 23:00:00,C155,Banana,Chennai,Delhi,19,90,994,12.5,26.5,310,Fog,15,5,Medium,15144,7325,Monitor Shipment
2025-03-19 00:00:00,C283,Avocado,Lucknow,Mumbai,21,35,1028,0.8,96.4,87,Fog,32,1,High,101065,37701,Redirect to Nearby Market
2025-03-19 01:00:00,C158,Orange,Chennai,Delhi,35,35,995,17.5,28.7,180,Cloudy,24,2,High,51059,70615,Redirect to Nearby Market
2025-03-19 02:00:00,C280,Mango,Bengaluru,Pune,34,41,1026,16.5,92.2,224,Fog,7,8,Low,7538,4044,Continue Route
2025-03-19 03:00:00,C145,Orange,Pune,Delhi,40,78,999,22.3,80.1,80,Rainy,17,5,Medium,29865,8078,Monitor Shipment
2025-03-19 04:00:00,C181,Apple,Delhi,Delhi,25,92,1013,5.8,25.6,211,Rainy,33,1,High,76872,34876,Redirect to Nearby Market
2025-03-19 05:00:00,C157,Apple,Kolkata,Hyderabad,34,57,997,12.4,116.5,178,Fog,9,7,Low,12752,1973,Continue Route
2025-03-19 06:00:00,C119,Apple,Delhi,Pune,21,58,1035,24.2,100.6,194,Storm,30,1,High,137448,49218,Redirect to Nearby Market
2025-03-19 07:00:00,C054,Mango,Pune,Pune,31,83,1009,15.2,53.0,137,Clear,33,1,High,72524,30402,Redirect to Nearby Market
2025-03-19 08:00:00,C201,Avocado,Kolkata,Bengaluru,21,28,1011,20.5,79.1,274,Cloudy,29,1,High,84699,56017,Redirect to Nearby Market
2025-03-19 09:00:00,C189,Banana,Lucknow,Hyderabad,41,29,1030,6.6,23.0,317,Rainy,10,7,Low,12479,3874,Continue Route
2025-03-19 10:00:00,C276,Apple,Hyderabad,Chennai,32,77,1004,6.9,74.7,230,Clear,23,3,High,143276,63968,Redirect to Nearby Market
2025-03-19 11:00:00,C160,Avocado,Kolkata,Delhi,39,54,981,10.5,9.6,246,Cloudy,26,2,High,51444,39463,Redirect to Nearby Market
2025-03-19 12:00:00,C089,Apple,Delhi,Mumbai,30,79,999,7.3,54.6,47,Fog,11,7,Low,6220,2077,Continue Route
2025-03-19 13:00:00,C287,Mango,Lucknow,Bengaluru,21,36,999,23.1,5.3,317,Storm,30,1,High,87929,71710,Redirect to Nearby Market
2025-03-19 14:00:00,C092,Avocado,Lucknow,Delhi,39,76,985,15.0,113.3,157,Clear,6,8,Low,14862,3290,Continue Route
2025-03-19 15:00:00,C182,Mango,Mumbai,Pune,23,88,1002,19.1,74.6,172,Rainy,18,4,Medium,45920,7682,Monitor Shipment
2025-03-19 16:00:00,C155,Mango,Pune,Hyderabad,18,74,999,2.9,68.0,334,Storm,21,3,High,135427,46036,Redirect to Nearby Market
2025-03-19 17:00:00,C169,Banana,Hyderabad,Pune,25,54,1007,1.8,7.6,217,Clear,5,9,Low,12009,4241,Continue Route
2025-03-19 18:00:00,C283,Banana,Kolkata,Hyderabad,42,68,986,17.3,12.4,168,Fog,32,1,High,86943,65078,Redirect to Nearby Market
2025-03-19 19:00:00,C284,Banana,Delhi,Bengaluru,29,69,1033,18.9,119.4,95,Clear,20,4,Medium,27310,7800,Monitor Shipment
2025-03-19 20:00:00,C054,Apple,Pune,Pune,40,36,1031,18.4,52.8,76,Cloudy,8,8,Low,7095,4736,Continue Route
2025-03-19 21:00:00,C029,Banana,Delhi,Hyderabad,42,84,1021,23.9,103.3,199,Clear,31,1,High,84349,69024,Redirect to Nearby Market
2025-03-19 22:00:00,C251,Mango,Delhi,Pune,26,94,1019,9.3,101.7,287,Sunny,19,4,Medium,20618,14988,Monitor Shipment
2025-03-19 23:00:00,C119,Apple,Ahmedabad,Hyderabad,28,79,984,16.9,41.4,189,Sunny,23,3,High,54706,29928,Redirect to Nearby Market
2025-03-20 00:00:00,C227,Mango,Lucknow,Chennai,36,35,996,1.3,83.6,308,Cloudy,35,1,High,142818,50882,Redirect to Nearby Market
2025-03-20 01:00:00,C214,Banana,Pune,Chennai,41,88,981,14.1,29.0,228,Fog,35,1,High,117344,46452,Redirect to Nearby Market
2025-03-20 02:00:00,C087,Orange,Delhi,Mumbai,32,78,982,22.6,100.9,105,Fog,32,1,High,129538,51726,Redirect to Nearby Market
2025-03-20 03:00:00,C260,Orange,Pune,Pune,30,70,1003,13.5,59.3,240,Cloudy,21,3,High,123405,58333,Redirect to Nearby Market
2025-03-20 04:00:00,C073,Mango,Mumbai,Hyderabad,25,94,1029,5.4,38.2,187,Cloudy,32,1,High,110352,60260,Redirect to Nearby Market
2025-03-20 05:00:00,C025,Orange,Jaipur,Bengaluru,18,75,1024,24.0,98.5,310,Storm,30,1,High,72401,53940,Redirect to Nearby Market
2025-03-20 06:00:00,C128,Apple,Mumbai,Chennai,38,45,994,8.3,22.1,198,Fog,10,7,Low,10802,4845,Continue Route
2025-03-20 07:00:00,C073,Mango,Ahmedabad,Delhi,32,28,1034,12.2,68.8,169,Storm,17,5,Medium,36323,18630,Monitor Shipment
2025-03-20 08:00:00,C012,Apple,Delhi,Pune,20,81,1008,1.5,58.9,322,Sunny,28,1,High,86209,60394,Redirect to Nearby Market
2025-03-20 09:00:00,C211,Apple,Lucknow,Delhi,38,53,1033,21.2,41.6,222,Storm,13,6,Medium,36028,7030,Monitor Shipment
2025-03-20 10:00:00,C109,Banana,Lucknow,Mumbai,24,73,1000,17.4,37.1,61,Fog,7,8,Low,7121,2454,Continue Route
2025-03-20 11:00:00,C078,Apple,Delhi,Bengaluru,30,30,989,13.1,49.9,143,Cloudy,31,1,High,71401,28442,Redirect to Nearby Market
2025-03-20 12:00:00,C241,Mango,Bengaluru,Mumbai,37,41,1028,24.1,79.3,153,Storm,29,1,High,55027,37952,Redirect to Nearby Market
2025-03-20 13:00:00,C249,Banana,Mumbai,Mumbai,21,35,1006,3.0,5.7,187,Cloudy,25,2,High,109893,43378,Redirect to Nearby Market
2025-03-20 14:00:00,C048,Mango,Jaipur,Pune,40,54,1035,24.3,4.8,214,Sunny,24,2,High,123381,52999,Redirect to Nearby Market
2025-03-20 15:00:00,C283,Mango,Kolkata,Mumbai,38,64,1028,12.8,71.0,266,Storm,17,5,Medium,40011,8104,Monitor Shipment
2025-03-20 16:00:00,C268,Mango,Jaipur,Hyderabad,35,39,1004,7.8,102.8,152,Cloudy,8,8,Low,7509,3055,Continue Route
2025-03-20 17:00:00,C075,Apple,Ahmedabad,Mumbai,35,64,1028,3.5,12.2,141,Cloudy,21,3,High,103347,75077,Redirect to Nearby Market
2025-03-20 18:00:00,C084,Orange,Delhi,Delhi,23,51,1035,15.8,117.7,67,Sunny,20,4,Medium,42672,12291,Monitor Shipment
2025-03-20 19:00:00,C272,Mango,Kolkata,Delhi,18,33,1026,13.7,30.1,298,Storm,33,1,High,114337,36498,Redirect to Nearby Market
2025-03-20 20:00:00,C195,Avocado,Bengaluru,Bengaluru,20,67,995,14.6,92.1,237,Storm,21,3,High,146901,69031,Redirect to Nearby Market
2025-03-20 21:00:00,C164,Mango,Lucknow,Chennai,41,70,1011,6.0,13.6,86,Clear,8,8,Low,6839,1400,Continue Route
2025-03-20 22:00:00,C181,Banana,Lucknow,Hyderabad,35,67,1001,14.2,114.7,224,Fog,29,1,High,78778,74321,Redirect to Nearby Market
2025-03-20 23:00:00,C015,Orange,Jaipur,Pune,21,57,1003,14.5,5.0,325,Cloudy,18,4,Medium,19473,9410,Monitor Shipment
2025-03-21 00:00:00,C058,Banana,Pune,Mumbai,37,91,1007,5.7,74.0,99,Fog,17,5,Medium,30575,18951,Monitor Shipment
2025-03-21 01:00:00,C008,Orange,Lucknow,Bengaluru,28,78,1003,24.0,28.7,347,Clear,5,9,Low,12438,2598,Continue Route
2025-03-21 02:00:00,C013,Apple,Mumbai,Chennai,37,50,1033,11.4,51.5,249,Clear,30,1,High,67865,49790,Redirect to Nearby Market
2025-03-21 03:00:00,C031,Mango,Lucknow,Hyderabad,41,33,1015,16.4,91.3,183,Clear,27,1,High,103768,44464,Redirect to Nearby Market
2025-03-21 04:00:00,C011,Banana,Lucknow,Bengaluru,28,79,991,3.7,36.5,95,Cloudy,34,1,High,132757,67094,Redirect to Nearby Market
2025-03-21 05:00:00,C207,Avocado,Ahmedabad,Bengaluru,41,81,1014,17.8,6.2,169,Clear,32,1,High,67537,71432,Redirect to Nearby Market
2025-03-21 06:00:00,C022,Mango,Kolkata,Mumbai,25,79,1002,9.9,31.7,138,Clear,35,1,High,103403,37079,Redirect to Nearby Market
2025-03-21 07:00:00,C126,Orange,Lucknow,Pune,25,64,1028,1.9,44.1,42,Clear,26,2,High,110621,66612,Redirect to Nearby Market
2025-03-21 08:00:00,C094,Mango,Ahmedabad,Delhi,32,33,997,21.0,29.5,172,Clear,31,1,High,104761,24507,Redirect to Nearby Market
2025-03-21 09:00:00,C077,Mango,Jaipur,Bengaluru,39,63,985,22.2,31.6,343,Sunny,32,1,High,82634,46315,Redirect to Nearby Market
2025-03-21 10:00:00,C115,Banana,Mumbai,Chennai,41,89,1000,6.0,26.1,104,Rainy,19,4,Medium,22671,12992,Monitor Shipment
2025-03-21 11:00:00,C056,Avocado,Bengaluru,Delhi,37,80,1023,17.1,79.8,34,Fog,35,1,High,122468,32445,Redirect to Nearby Market
2025-03-21 12:00:00,C109,Banana,Chennai,Bengaluru,28,38,994,19.6,22.9,253,Clear,35,1,High,75890,22492,Redirect to Nearby Market
2025-03-21 13:00:00,C282,Avocado,Kolkata,Delhi,25,77,994,11.0,63.4,108,Cloudy,28,1,High,58287,63776,Redirect to Nearby Market
2025-03-21 14:00:00,C299,Apple,Bengaluru,Mumbai,35,74,1031,20.2,74.5,339,Rainy,35,1,High,83014,36663,Redirect to Nearby Market
2025-03-21 15:00:00,C206,Avocado,Lucknow,Pune,32,70,989,22.9,102.8,134,Storm,22,3,High,66956,52801,Redirect to Nearby Market
2025-03-21 16:00:00,C232,Banana,Lucknow,Chennai,30,95,984,1.1,47.6,215,Fog,26,2,High,82122,56449,Redirect to Nearby Market
2025-03-21 17:00:00,C014,Apple,Delhi,Pune,37,39,985,19.8,83.1,148,Clear,35,1,High,140285,63617,Redirect to Nearby Market
2025-03-21 18:00:00,C170,Orange,Lucknow,Chennai,36,63,1033,22.8,81.4,255,Fog,16,5,Medium,43751,12093,Monitor Shipment
2025-03-21 19:00:00,C251,Avocado,Chennai,Delhi,25,80,1022,23.8,14.7,115,Cloudy,14,6,Medium,48004,7063,Monitor Shipment
2025-03-21 20:00:00,C016,Mango,Delhi,Bengaluru,35,83,1022,14.0,69.9,68,Sunny,22,3,High,58965,24390,Redirect to Nearby Market
2025-03-21 21:00:00,C059,Orange,Kolkata,Bengaluru,40,87,1014,12.3,43.8,140,Sunny,22,3,High,79314,24317,Redirect to Nearby Market
2025-03-21 22:00:00,C005,Avocado,Pune,Mumbai,22,31,983,17.6,46.2,247,Storm,25,2,High,119728,63637,Redirect to Nearby Market
2025-03-21 23:00:00,C288,Banana,Lucknow,Hyderabad,19,92,1006,8.9,53.3,182,Storm,34,1,High,117292,44753,Redirect to Nearby Market
2025-03-22 00:00:00,C142,Orange,Mumbai,Chennai,24,42,1004,19.4,5.6,99,Cloudy,25,2,High,106518,38901,Redirect to Nearby Market
2025-03-22 01:00:00,C206,Avocado,Delhi,Mumbai,31,80,1020,13.7,59.2,218,Cloudy,29,1,High,86140,54715,Redirect to Nearby Market
2025-03-22 02:00:00,C073,Avocado,Kolkata,Delhi,31,64,998,8.7,86.7,37,Sunny,32,1,High,96699,24914,Redirect to Nearby Market
2025-03-22 03:00:00,C117,Apple,Bengaluru,Chennai,20,71,995,24.2,96.2,32,Cloudy,30,1,High,93336,56863,Redirect to Nearby Market
2025-03-22 04:00:00,C122,Orange,Mumbai,Hyderabad,29,41,1014,9.6,77.0,132,Fog,12,6,Medium,47641,19857,Monitor Shipment
2025-03-22 05:00:00,C183,Avocado,Pune,Delhi,40,72,1027,11.0,33.7,58,Cloudy,14,6,Medium,48543,8734,Monitor Shipment
2025-03-22 06:00:00,C083,Mango,Kolkata,Bengaluru,31,92,1017,14.3,108.7,51,Storm,6,8,Low,9888,2037,Continue Route
2025-03-22 07:00:00,C091,Apple,Pune,Hyderabad,25,67,1017,23.9,23.1,37,Clear,13,6,Medium,39554,10129,Monitor Shipment
2025-03-22 08:00:00,C076,Orange,Chennai,Hyderabad,19,65,997,5.2,83.4,272,Fog,18,4,Medium,38803,17450,Monitor Shipment
2025-03-22 09:00:00,C245,Mango,Jaipur,Mumbai,42,76,1001,21.6,113.6,79,Fog,21,3,High,80049,49689,Redirect to Nearby Market
2025-03-22 10:00:00,C239,Apple,Ahmedabad,Mumbai,36,44,1033,9.8,43.8,55,Rainy,16,5,Medium,41970,17079,Monitor Shipment
2025-03-22 11:00:00,C288,Banana,Ahmedabad,Pune,18,81,1033,23.7,71.3,195,Cloudy,8,8,Low,9922,3972,Continue Route
2025-03-22 12:00:00,C160,Apple,Ahmedabad,Pune,26,91,1010,8.5,104.9,251,Cloudy,12,6,Medium,32682,14554,Monitor Shipment
2025-03-22 13:00:00,C022,Mango,Delhi,Chennai,30,92,1007,16.6,64.0,290,Sunny,32,1,High,119398,77630,Redirect to Nearby Market
2025-03-22 14:00:00,C094,Orange,Mumbai,Delhi,24,95,994,12.7,85.3,320,Fog,10,7,Low,9505,2193,Continue Route
2025-03-22 15:00:00,C028,Mango,Bengaluru,Hyderabad,21,55,1000,22.3,21.1,122,Sunny,6,8,Low,8873,3129,Continue Route
2025-03-22 16:00:00,C244,Banana,Kolkata,Bengaluru,32,57,989,3.0,45.3,83,Storm,25,2,High,50903,67896,Redirect to Nearby Market
2025-03-22 17:00:00,C145,Orange,Pune,Mumbai,37,72,1034,5.5,117.0,87,Cloudy,23,3,High,67040,65374,Redirect to Nearby Market
2025-03-22 18:00:00,C204,Apple,Hyderabad,Chennai,25,95,1022,24.8,106.0,219,Rainy,30,1,High,121804,49420,Redirect to Nearby Market
2025-03-22 19:00:00,C154,Avocado,Hyderabad,Delhi,28,79,1005,11.0,26.2,190,Clear,26,2,High,140905,26676,Redirect to Nearby Market
2025-03-22 20:00:00,C294,Apple,Jaipur,Chennai,40,78,1032,21.4,77.5,57,Rainy,28,1,High,126007,52484,Redirect to Nearby Market
2025-03-22 21:00:00,C001,Orange,Jaipur,Chennai,28,88,996,8.8,85.9,210,Fog,10,7,Low,10237,3969,Continue Route
2025-03-22 22:00:00,C078,Apple,Lucknow,Pune,26,31,981,3.1,8.2,263,Cloudy,34,1,High,114521,61156,Redirect to Nearby Market
2025-03-22 23:00:00,C106,Banana,Kolkata,Bengaluru,22,44,980,8.5,37.9,108,Fog,29,1,High,81103,49707,Redirect to Nearby Market
2025-03-23 00:00:00,C079,Mango,Hyderabad,Bengaluru,38,32,982,15.3,34.6,156,Storm,30,1,High,99635,35333,Redirect to Nearby Market
2025-03-23 01:00:00,C289,Mango,Bengaluru,Pune,24,91,1014,2.6,21.7,274,Rainy,14,6,Medium,41496,17461,Monitor Shipment
2025-03-23 02:00:00,C013,Mango,Chennai,Mumbai,32,47,1032,9.0,55.4,126,Rainy,13,6,Medium,25831,13638,Monitor Shipment
2025-03-23 03:00:00,C155,Orange,Jaipur,Bengaluru,30,95,1011,13.7,39.2,213,Clear,34,1,High,137432,42309,Redirect to Nearby Market
2025-03-23 04:00:00,C267,Banana,Chennai,Pune,27,28,1015,17.7,96.6,184,Rainy,32,1,High,128695,31888,Redirect to Nearby Market
2025-03-23 05:00:00,C187,Avocado,Mumbai,Hyderabad,32,33,1018,9.2,109.8,97,Cloudy,14,6,Medium,22013,10293,Monitor Shipment
2025-03-23 06:00:00,C110,Avocado,Ahmedabad,Mumbai,18,38,998,4.2,70.8,235,Fog,6,8,Low,9358,4208,Continue Route
2025-03-23 07:00:00,C038,Orange,Bengaluru,Delhi,31,29,1016,5.7,99.9,113,Sunny,33,1,High,125843,24439,Redirect to Nearby Market
2025-03-23 08:00:00,C018,Mango,Hyderabad,Mumbai,42,38,999,17.2,30.6,71,Cloudy,20,4,Medium,18406,7005,Monitor Shipment
2025-03-23 09:00:00,C073,Avocado,Pune,Pune,41,33,1023,6.0,17.0,76,Cloudy,13,6,Medium,49490,19852,Monitor Shipment
2025-03-23 10:00:00,C029,Mango,Hyderabad,Chennai,30,86,1017,12.7,1.2,95,Rainy,33,1,High,143338,49480,Redirect to Nearby Market
2025-03-23 11:00:00,C045,Avocado,Chennai,Bengaluru,22,53,1020,21.6,36.0,206,Fog,15,5,Medium,36320,19913,Monitor Shipment
2025-03-23 12:00:00,C090,Apple,Bengaluru,Mumbai,26,85,1012,23.4,29.9,63,Cloudy,12,6,Medium,37112,17063,Monitor Shipment
2025-03-23 13:00:00,C152,Orange,Lucknow,Pune,22,47,1025,23.1,74.5,256,Storm,30,1,High,50435,77064,Redirect to Nearby Market
2025-03-23 14:00:00,C079,Apple,Ahmedabad,Hyderabad,41,72,1020,14.7,104.5,171,Cloudy,11,7,Low,6618,4875,Continue Route
2025-03-23 15:00:00,C144,Apple,Chennai,Delhi,35,83,982,5.4,45.4,234,Storm,24,2,High,75968,61544,Redirect to Nearby Market
2025-03-23 16:00:00,C182,Orange,Chennai,Mumbai,34,47,1013,2.0,72.1,157,Sunny,25,2,High,120844,29684,Redirect to Nearby Market
2025-03-23 17:00:00,C071,Apple,Hyderabad,Mumbai,38,30,992,2.1,119.5,91,Storm,31,1,High,144003,50278,Redirect to Nearby Market
2025-03-23 18:00:00,C268,Apple,Bengaluru,Pune,39,45,1033,15.2,33.5,119,Rainy,23,3,High,79758,24598,Redirect to Nearby Market
2025-03-23 19:00:00,C105,Mango,Delhi,Delhi,30,50,1013,12.8,81.0,72,Clear,20,4,Medium,45380,13720,Monitor Shipment
2025-03-23 20:00:00,C256,Mango,Lucknow,Chennai,30,74,1033,5.1,28.5,236,Clear,31,1,High,57722,71395,Redirect to Nearby Market
2025-03-23 21:00:00,C221,Orange,Jaipur,Delhi,36,71,1007,1.4,79.5,167,Fog,27,1,High,80741,44656,Redirect to Nearby Market
2025-03-23 22:00:00,C133,Mango,Bengaluru,Pune,26,57,991,20.9,20.4,293,Fog,13,6,Medium,22882,16608,Monitor Shipment
2025-03-23 23:00:00,C070,Avocado,Chennai,Hyderabad,29,45,984,20.7,66.9,317,Fog,10,7,Low,14580,2040,Continue Route
2025-03-24 00:00:00,C003,Apple,Kolkata,Mumbai,20,90,1019,3.0,109.5,166,Fog,12,6,Medium,21127,9770,Monitor Shipment
2025-03-24 01:00:00,C069,Mango,Lucknow,Delhi,30,82,1022,17.7,10.3,130,Sunny,16,5,Medium,34579,8178,Monitor Shipment
2025-03-24 02:00:00,C152,Orange,Ahmedabad,Bengaluru,20,48,1010,11.6,117.9,350,Sunny,24,2,High,77901,54960,Redirect to Nearby Market
2025-03-24 03:00:00,C140,Banana,Jaipur,Bengaluru,26,59,1033,10.6,86.8,315,Rainy,29,1,High,75263,37347,Redirect to Nearby Market
2025-03-24 04:00:00,C089,Avocado,Delhi,Hyderabad,31,32,984,20.7,39.6,270,Storm,35,1,High,118190,29907,Redirect to Nearby Market
2025-03-24 05:00:00,C218,Apple,Lucknow,Mumbai,23,69,996,14.5,4.5,88,Rainy,14,6,Medium,38088,18853,Monitor Shipment
2025-03-24 06:00:00,C206,Mango,Jaipur,Chennai,24,60,1012,1.5,32.4,144,Storm,26,2,High,110307,78550,Redirect to Nearby Market
2025-03-24 07:00:00,C124,Orange,Hyderabad,Mumbai,24,83,1011,11.4,115.8,82,Rainy,17,5,Medium,30550,12841,Monitor Shipment
2025-03-24 08:00:00,C050,Mango,Jaipur,Pune,22,72,1010,18.3,34.0,304,Cloudy,12,6,Medium,42629,7896,Monitor Shipment
2025-03-24 09:00:00,C182,Mango,Hyderabad,Chennai,24,66,1032,2.9,24.9,129,Rainy,12,6,Medium,17269,10459,Monitor Shipment
2025-03-24 10:00:00,C096,Mango,Lucknow,Pune,20,94,986,24.7,113.7,74,Rainy,26,2,High,111953,73527,Redirect to Nearby Market
2025-03-24 11:00:00,C296,Mango,Ahmedabad,Delhi,21,46,1002,4.1,16.4,86,Cloudy,25,2,High,116689,69612,Redirect to Nearby Market
2025-03-24 12:00:00,C164,Avocado,Pune,Bengaluru,20,91,1031,8.5,108.8,347,Fog,24,2,High,63268,25350,Redirect to Nearby Market
2025-03-24 13:00:00,C294,Banana,Chennai,Hyderabad,20,81,1007,18.5,25.6,309,Sunny,26,2,High,110927,42911,Redirect to Nearby Market
2025-03-24 14:00:00,C155,Mango,Lucknow,Pune,21,68,985,7.1,25.0,55,Rainy,21,3,High,136779,55584,Redirect to Nearby Market
2025-03-24 15:00:00,C001,Avocado,Delhi,Delhi,41,72,1007,4.1,117.3,141,Sunny,18,4,Medium,23628,11602,Monitor Shipment
2025-03-24 16:00:00,C284,Mango,Kolkata,Hyderabad,25,94,1027,18.8,87.2,115,Fog,19,4,Medium,37569,14867,Monitor Shipment
2025-03-24 17:00:00,C142,Avocado,Chennai,Bengaluru,37,45,999,4.8,4.7,106,Fog,22,3,High,96611,32869,Redirect to Nearby Market
2025-03-24 18:00:00,C003,Banana,Chennai,Bengaluru,31,95,981,7.1,44.7,96,Rainy,30,1,High,125664,35220,Redirect to Nearby Market
2025-03-24 19:00:00,C096,Avocado,Jaipur,Delhi,26,53,1035,9.2,51.2,125,Rainy,32,1,High,51683,58243,Redirect to Nearby Market
2025-03-24 20:00:00,C158,Orange,Kolkata,Hyderabad,24,81,999,21.0,67.0,40,Fog,20,4,Medium,28576,5370,Monitor Shipment
2025-03-24 21:00:00,C019,Banana,Ahmedabad,Mumbai,24,93,1026,21.9,26.3,263,Rainy,21,3,High,123648,76104,Redirect to Nearby Market
2025-03-24 22:00:00,C161,Avocado,Delhi,Hyderabad,30,53,1019,11.7,33.0,236,Storm,20,4,Medium,23745,15881,Monitor Shipment
2025-03-24 23:00:00,C066,Mango,Bengaluru,Pune,36,75,1031,11.3,35.6,178,Storm,12,6,Medium,46627,6632,Monitor Shipment
2025-03-25 00:00:00,C216,Orange,Delhi,Mumbai,40,84,994,19.1,112.5,207,Sunny,31,1,High,104340,59315,Redirect to Nearby Market
2025-03-25 01:00:00,C271,Banana,Pune,Hyderabad,42,84,982,6.5,80.9,53,Sunny,18,4,Medium,26742,7996,Monitor Shipment
2025-03-25 02:00:00,C143,Orange,Mumbai,Bengaluru,22,34,1015,16.0,92.7,144,Sunny,6,8,Low,10518,1081,Continue Route
2025-03-25 03:00:00,C116,Orange,Delhi,Mumbai,29,54,1006,15.7,66.1,72,Sunny,33,1,High,106511,61402,Redirect to Nearby Market
2025-03-25 04:00:00,C245,Apple,Hyderabad,Bengaluru,28,86,986,5.0,28.4,338,Sunny,12,6,Medium,48962,14247,Monitor Shipment
2025-03-25 05:00:00,C036,Orange,Pune,Delhi,40,45,1008,12.9,68.5,105,Rainy,25,2,High,63912,46671,Redirect to Nearby Market
2025-03-25 06:00:00,C248,Apple,Ahmedabad,Delhi,21,78,1017,15.1,59.5,272,Storm,15,5,Medium,26927,12161,Monitor Shipment
2025-03-25 07:00:00,C085,Mango,Delhi,Mumbai,31,41,1005,1.3,77.9,255,Storm,21,3,High,52922,35343,Redirect to Nearby Market
2025-03-25 08:00:00,C172,Avocado,Mumbai,Bengaluru,32,80,1024,11.0,13.6,190,Clear,32,1,High,118214,65060,Redirect to Nearby Market
2025-03-25 09:00:00,C291,Mango,Delhi,Delhi,25,28,980,1.2,26.7,239,Clear,33,1,High,64323,46163,Redirect to Nearby Market
2025-03-25 10:00:00,C212,Orange,Lucknow,Bengaluru,22,62,1030,17.9,0.4,284,Cloudy,25,2,High,148772,44368,Redirect to Nearby Market
2025-03-25 11:00:00,C083,Mango,Chennai,Delhi,27,82,986,0.7,95.6,251,Rainy,21,3,High,137238,61107,Redirect to Nearby Market
2025-03-25 12:00:00,C109,Avocado,Pune,Delhi,35,62,1015,4.1,19.7,107,Sunny,11,7,Low,12194,3118,Continue Route
2025-03-25 13:00:00,C178,Apple,Bengaluru,Delhi,35,93,985,21.1,100.7,271,Fog,12,6,Medium,41227,6573,Monitor Shipment
2025-03-25 14:00:00,C218,Avocado,Mumbai,Chennai,20,40,1007,1.8,59.4,349,Rainy,20,4,Medium,25221,9697,Monitor Shipment
2025-03-25 15:00:00,C193,Banana,Jaipur,Hyderabad,41,50,1023,16.2,34.2,210,Storm,18,4,Medium,44588,11277,Monitor Shipment
2025-03-25 16:00:00,C178,Apple,Chennai,Hyderabad,22,69,988,4.4,89.1,33,Storm,28,1,High,111571,33821,Redirect to Nearby Market
2025-03-25 17:00:00,C240,Orange,Pune,Chennai,18,82,1035,21.2,47.6,307,Fog,19,4,Medium,16941,18062,Monitor Shipment
2025-03-25 18:00:00,C026,Mango,Pune,Hyderabad,37,67,993,7.9,58.9,157,Fog,18,4,Medium,48037,18981,Monitor Shipment
2025-03-25 19:00:00,C281,Mango,Ahmedabad,Pune,34,92,1031,8.0,103.4,116,Storm,12,6,Medium,45248,19534,Monitor Shipment
2025-03-25 20:00:00,C252,Banana,Kolkata,Pune,19,95,1027,18.7,54.1,334,Storm,24,2,High,145284,65218,Redirect to Nearby Market
2025-03-25 21:00:00,C081,Avocado,Hyderabad,Mumbai,28,63,1034,16.1,91.1,65,Cloudy,31,1,High,74336,22291,Redirect to Nearby Market
2025-03-25 22:00:00,C233,Banana,Hyderabad,Hyderabad,24,26,988,14.7,109.8,206,Rainy,15,5,Medium,19650,11341,Monitor Shipment
2025-03-25 23:00:00,C299,Avocado,Hyderabad,Pune,41,74,1030,24.2,8.4,105,Storm,29,1,High,93789,64519,Redirect to Nearby Market
2025-03-26 00:00:00,C115,Mango,Ahmedabad,Mumbai,26,42,983,6.5,50.3,228,Rainy,5,9,Low,6803,4621,Continue Route
2025-03-26 01:00:00,C181,Orange,Lucknow,Pune,41,77,983,21.4,97.1,70,Rainy,11,7,Low,6789,2908,Continue Route
2025-03-26 02:00:00,C272,Avocado,Bengaluru,Bengaluru,27,25,1003,21.1,55.7,117,Clear,26,2,High,84247,43994,Redirect to Nearby Market
2025-03-26 03:00:00,C148,Apple,Kolkata,Mumbai,40,90,1030,2.6,93.6,106,Cloudy,9,7,Low,12942,3210,Continue Route
2025-03-26 04:00:00,C239,Apple,Delhi,Bengaluru,41,79,986,22.3,65.3,308,Storm,20,4,Medium,22950,18043,Monitor Shipment
2025-03-26 05:00:00,C148,Mango,Jaipur,Mumbai,29,79,993,9.5,13.7,149,Storm,29,1,High,91430,47712,Redirect to Nearby Market
2025-03-26 06:00:00,C297,Mango,Mumbai,Mumbai,31,71,994,8.8,119.4,281,Cloudy,6,8,Low,9615,2350,Continue Route
2025-03-26 07:00:00,C231,Mango,Delhi,Hyderabad,31,78,1004,16.1,113.9,90,Clear,33,1,High,148263,38277,Redirect to Nearby Market
2025-03-26 08:00:00,C174,Mango,Bengaluru,Delhi,39,40,1004,13.9,20.2,209,Sunny,17,5,Medium,17929,6341,Monitor Shipment
2025-03-26 09:00:00,C240,Mango,Mumbai,Chennai,22,50,1006,20.0,4.3,167,Storm,22,3,High,145301,79295,Redirect to Nearby Market
2025-03-26 10:00:00,C077,Mango,Delhi,Hyderabad,23,42,1028,23.1,68.4,334,Storm,12,6,Medium,20715,16392,Monitor Shipment
2025-03-26 11:00:00,C109,Mango,Chennai,Delhi,35,31,1005,7.2,110.2,46,Fog,11,7,Low,11536,3894,Continue Route
2025-03-26 12:00:00,C151,Banana,Pune,Chennai,27,50,992,7.3,34.2,85,Cloudy,14,6,Medium,15817,14231,Monitor Shipment
2025-03-26 13:00:00,C176,Avocado,Mumbai,Mumbai,39,53,997,21.4,90.6,158,Rainy,6,8,Low,5261,4189,Continue Route
2025-03-26 14:00:00,C110,Avocado,Lucknow,Chennai,24,56,992,18.2,106.9,173,Fog,7,8,Low,13697,3149,Continue Route
2025-03-26 15:00:00,C155,Mango,Lucknow,Pune,40,66,1015,3.4,73.1,260,Rainy,12,6,Medium,15368,15556,Monitor Shipment
2025-03-26 16:00:00,C075,Banana,Pune,Hyderabad,42,86,996,18.3,8.9,174,Sunny,31,1,High,76273,52500,Redirect to Nearby Market
2025-03-26 17:00:00,C053,Avocado,Kolkata,Mumbai,21,41,993,19.2,102.8,85,Fog,15,5,Medium,46874,8120,Monitor Shipment
2025-03-26 18:00:00,C182,Apple,Hyderabad,Delhi,41,42,1012,20.5,29.8,128,Rainy,9,7,Low,7163,3178,Continue Route
2025-03-26 19:00:00,C128,Mango,Pune,Mumbai,35,35,998,19.3,12.7,332,Sunny,20,4,Medium,21292,18431,Monitor Shipment
2025-03-26 20:00:00,C156,Avocado,Chennai,Mumbai,37,36,1010,0.6,34.8,150,Cloudy,24,2,High,73647,60243,Redirect to Nearby Market
2025-03-26 21:00:00,C087,Mango,Mumbai,Chennai,35,76,1007,19.8,90.2,166,Storm,12,6,Medium,38419,13388,Monitor Shipment
2025-03-26 22:00:00,C263,Avocado,Bengaluru,Chennai,35,27,1003,1.9,73.4,89,Fog,15,5,Medium,26752,5585,Monitor Shipment
2025-03-26 23:00:00,C243,Banana,Ahmedabad,Bengaluru,22,37,997,17.9,54.3,210,Fog,9,7,Low,12449,1889,Continue Route
2025-03-27 00:00:00,C098,Apple,Mumbai,Mumbai,24,39,1002,9.4,97.9,135,Storm,12,6,Medium,29547,17515,Monitor Shipment
2025-03-27 01:00:00,C102,Banana,Bengaluru,Chennai,26,48,1010,21.4,43.7,303,Sunny,19,4,Medium,32036,5734,Monitor Shipment
2025-03-27 02:00:00,C293,Apple,Bengaluru,Bengaluru,26,32,984,5.1,116.9,99,Rainy,29,1,High,118240,20009,Redirect to Nearby Market
2025-03-27 03:00:00,C226,Mango,Hyderabad,Pune,33,71,1011,4.8,68.3,114,Rainy,14,6,Medium,34225,7406,Monitor Shipment
2025-03-27 04:00:00,C086,Orange,Hyderabad,Mumbai,21,63,1023,20.5,94.5,329,Fog,24,2,High,93984,29037,Redirect to Nearby Market
2025-03-27 05:00:00,C202,Banana,Jaipur,Hyderabad,25,69,1013,4.2,6.2,325,Clear,23,3,High,74430,47619,Redirect to Nearby Market
2025-03-27 06:00:00,C033,Apple,Chennai,Pune,37,49,990,8.8,98.3,129,Clear,32,1,High,72717,61693,Redirect to Nearby Market
2025-03-27 07:00:00,C021,Avocado,Chennai,Delhi,26,84,1008,11.9,2.8,136,Clear,27,1,High,136442,49600,Redirect to Nearby Market
2025-03-27 08:00:00,C059,Apple,Hyderabad,Delhi,30,79,1030,14.6,77.0,350,Fog,8,8,Low,8799,2469,Continue Route
2025-03-27 09:00:00,C106,Banana,Bengaluru,Chennai,19,43,1004,12.3,42.1,332,Clear,32,1,High,76854,55322,Redirect to Nearby Market
2025-03-27 10:00:00,C268,Banana,Ahmedabad,Bengaluru,42,69,1005,16.3,77.0,307,Fog,17,5,Medium,48638,15456,Monitor Shipment
2025-03-27 11:00:00,C088,Mango,Pune,Mumbai,37,37,1006,9.8,96.1,63,Rainy,19,4,Medium,32148,16527,Monitor Shipment
2025-03-27 12:00:00,C300,Banana,Mumbai,Chennai,34,81,1009,6.4,106.9,73,Sunny,35,1,High,67372,47161,Redirect to Nearby Market
2025-03-27 13:00:00,C261,Banana,Jaipur,Hyderabad,32,90,1025,20.9,106.7,219,Cloudy,5,9,Low,5438,3116,Continue Route
2025-03-27 14:00:00,C272,Banana,Chennai,Mumbai,26,45,984,15.5,22.6,136,Rainy,22,3,High,119338,60925,Redirect to Nearby Market
2025-03-27 15:00:00,C164,Avocado,Lucknow,Chennai,36,42,1012,1.5,115.2,218,Clear,35,1,High,90753,59566,Redirect to Nearby Market
2025-03-27 16:00:00,C292,Banana,Hyderabad,Mumbai,20,65,1004,19.7,20.2,111,Rainy,28,1,High,51276,28453,Redirect to Nearby Market
2025-03-27 17:00:00,C203,Banana,Mumbai,Chennai,20,71,1026,24.7,106.2,236,Sunny,32,1,High,128179,76758,Redirect to Nearby Market
2025-03-27 18:00:00,C108,Apple,Lucknow,Mumbai,21,64,1010,1.5,45.8,61,Sunny,6,8,Low,5092,2568,Continue Route
2025-03-27 19:00:00,C046,Mango,Delhi,Delhi,27,54,983,7.3,16.0,276,Rainy,12,6,Medium,38260,6566,Monitor Shipment
2025-03-27 20:00:00,C034,Banana,Ahmedabad,Pune,33,76,1007,10.7,85.3,244,Cloudy,15,5,Medium,22987,12880,Monitor Shipment
2025-03-27 21:00:00,C018,Avocado,Delhi,Delhi,24,88,1015,16.6,64.4,195,Cloudy,15,5,Medium,24084,5792,Monitor Shipment
2025-03-27 22:00:00,C223,Apple,Chennai,Pune,42,40,1014,21.3,42.6,72,Cloudy,15,5,Medium,48403,9323,Monitor Shipment
2025-03-27 23:00:00,C204,Mango,Mumbai,Pune,24,81,1008,21.2,94.6,190,Sunny,34,1,High,64819,66975,Redirect to Nearby Market
2025-03-28 00:00:00,C040,Apple,Ahmedabad,Hyderabad,33,82,997,21.7,35.5,315,Clear,22,3,High,125444,59152,Redirect to Nearby Market
2025-03-28 01:00:00,C246,Orange,Chennai,Delhi,41,33,1018,0.5,83.0,146,Sunny,14,6,Medium,28723,5905,Monitor Shipment
2025-03-28 02:00:00,C029,Avocado,Delhi,Mumbai,22,25,1003,5.1,54.1,82,Cloudy,10,7,Low,14288,3701,Continue Route
2025-03-28 03:00:00,C296,Apple,Mumbai,Chennai,42,58,1025,24.1,39.4,208,Fog,28,1,High,108168,25898,Redirect to Nearby Market
2025-03-28 04:00:00,C210,Mango,Pune,Mumbai,23,81,1029,14.9,54.2,277,Cloudy,15,5,Medium,16677,18685,Monitor Shipment
2025-03-28 05:00:00,C156,Avocado,Chennai,Mumbai,31,45,1011,24.4,8.2,136,Fog,10,7,Low,9961,1044,Continue Route
2025-03-28 06:00:00,C148,Mango,Lucknow,Delhi,19,28,1026,13.2,35.4,256,Storm,16,5,Medium,40414,6736,Monitor Shipment
2025-03-28 07:00:00,C048,Avocado,Lucknow,Chennai,39,69,1033,1.2,47.4,212,Cloudy,11,7,Low,10697,2817,Continue Route
2025-03-28 08:00:00,C092,Apple,Hyderabad,Chennai,32,73,989,13.8,33.4,171,Cloudy,25,2,High,135828,69928,Redirect to Nearby Market
2025-03-28 09:00:00,C119,Banana,Ahmedabad,Bengaluru,35,66,1025,15.4,65.1,321,Sunny,29,1,High,93235,26896,Redirect to Nearby Market
2025-03-28 10:00:00,C041,Orange,Delhi,Hyderabad,36,41,1005,17.5,16.7,253,Cloudy,25,2,High,96688,72876,Redirect to Nearby Market
2025-03-28 11:00:00,C111,Avocado,Kolkata,Mumbai,33,84,1022,4.4,112.0,180,Cloudy,13,6,Medium,46003,6590,Monitor Shipment
2025-03-28 12:00:00,C240,Apple,Hyderabad,Pune,40,84,996,1.7,108.4,166,Sunny,28,1,High,90711,38182,Redirect to Nearby Market
2025-03-28 13:00:00,C111,Mango,Lucknow,Pune,26,29,981,20.6,50.7,197,Clear,28,1,High,133113,71667,Redirect to Nearby Market
2025-03-28 14:00:00,C070,Mango,Delhi,Chennai,21,89,995,7.3,3.4,346,Sunny,16,5,Medium,49468,9515,Monitor Shipment
2025-03-28 15:00:00,C259,Avocado,Mumbai,Hyderabad,20,51,1006,20.1,74.6,320,Cloudy,20,4,Medium,24352,13809,Monitor Shipment
2025-03-28 16:00:00,C213,Apple,Ahmedabad,Chennai,37,71,1016,24.7,35.1,335,Storm,21,3,High,51793,55070,Redirect to Nearby Market
2025-03-28 17:00:00,C050,Avocado,Lucknow,Pune,19,56,982,22.2,26.2,101,Fog,10,7,Low,10689,4714,Continue Route
2025-03-28 18:00:00,C093,Mango,Lucknow,Chennai,28,81,996,12.7,38.3,255,Sunny,13,6,Medium,30384,14155,Monitor Shipment
2025-03-28 19:00:00,C029,Apple,Mumbai,Bengaluru,40,38,1021,15.3,49.0,304,Rainy,28,1,High,84865,55883,Redirect to Nearby Market
2025-03-28 20:00:00,C083,Apple,Chennai,Delhi,38,78,1029,19.1,31.0,254,Clear,17,5,Medium,27380,15043,Monitor Shipment
2025-03-28 21:00:00,C155,Avocado,Kolkata,Delhi,18,29,1000,7.3,31.1,205,Rainy,34,1,High,88800,51798,Redirect to Nearby Market
2025-03-28 22:00:00,C183,Mango,Delhi,Pune,42,73,1030,10.7,59.1,261,Storm,17,5,Medium,27668,5037,Monitor Shipment
2025-03-28 23:00:00,C162,Avocado,Bengaluru,Mumbai,33,49,1002,24.9,85.7,149,Fog,19,4,Medium,21395,15400,Monitor Shipment
2025-03-29 00:00:00,C297,Orange,Bengaluru,Delhi,38,71,999,15.7,77.9,52,Cloudy,35,1,High,118167,67049,Redirect to Nearby Market
2025-03-29 01:00:00,C282,Banana,Pune,Hyderabad,29,83,980,14.6,90.1,186,Sunny,20,4,Medium,17412,9287,Monitor Shipment
2025-03-29 02:00:00,C223,Banana,Kolkata,Pune,25,50,995,16.2,46.9,93,Clear,10,7,Low,14009,1596,Continue Route
2025-03-29 03:00:00,C219,Apple,Kolkata,Delhi,36,88,1019,13.8,1.8,293,Sunny,26,2,High,77036,32583,Redirect to Nearby Market
2025-03-29 04:00:00,C148,Avocado,Bengaluru,Chennai,39,84,1021,14.9,109.3,203,Rainy,34,1,High,91030,61022,Redirect to Nearby Market
2025-03-29 05:00:00,C044,Banana,Lucknow,Chennai,29,30,1023,3.5,15.3,199,Fog,32,1,High,72722,75125,Redirect to Nearby Market
2025-03-29 06:00:00,C265,Mango,Kolkata,Pune,21,40,1030,19.4,20.0,209,Clear,18,4,Medium,43037,8558,Monitor Shipment
2025-03-29 07:00:00,C111,Banana,Hyderabad,Hyderabad,26,86,995,5.6,90.9,162,Sunny,16,5,Medium,35654,13879,Monitor Shipment
2025-03-29 08:00:00,C140,Apple,Lucknow,Mumbai,36,30,1001,22.2,4.8,41,Storm,7,8,Low,6106,4441,Continue Route
2025-03-29 09:00:00,C004,Apple,Chennai,Delhi,38,77,1025,3.2,25.6,233,Storm,22,3,High,108766,44720,Redirect to Nearby Market
2025-03-29 10:00:00,C063,Mango,Pune,Chennai,27,66,1021,5.0,68.9,311,Clear,9,7,Low,7981,2181,Continue Route
2025-03-29 11:00:00,C201,Mango,Jaipur,Mumbai,26,37,993,8.0,68.3,245,Fog,25,2,High,77118,43266,Redirect to Nearby Market
2025-03-29 12:00:00,C163,Orange,Jaipur,Delhi,38,61,1025,1.2,117.6,269,Cloudy,13,6,Medium,15447,16889,Monitor Shipment
2025-03-29 13:00:00,C293,Mango,Jaipur,Mumbai,40,61,1026,17.3,57.0,112,Fog,10,7,Low,6548,3107,Continue Route
2025-03-29 14:00:00,C246,Mango,Mumbai,Chennai,26,32,988,1.0,26.0,78,Cloudy,34,1,High,120866,44347,Redirect to Nearby Market
2025-03-29 15:00:00,C168,Avocado,Jaipur,Pune,27,60,997,22.3,7.9,341,Clear,8,8,Low,12058,2396,Continue Route
2025-03-29 16:00:00,C076,Apple,Mumbai,Bengaluru,25,42,1005,14.8,79.1,164,Cloudy,13,6,Medium,17165,18366,Monitor Shipment
2025-03-29 17:00:00,C244,Avocado,Mumbai,Mumbai,20,44,986,21.8,97.6,194,Sunny,22,3,High,121750,20145,Redirect to Nearby Market
2025-03-29 18:00:00,C299,Mango,Mumbai,Hyderabad,33,95,993,12.5,73.6,186,Sunny,18,4,Medium,41780,6648,Monitor Shipment
2025-03-29 19:00:00,C054,Mango,Pune,Chennai,37,33,995,10.2,96.8,318,Storm,34,1,High,77245,76923,Redirect to Nearby Market
2025-03-29 20:00:00,C244,Apple,Lucknow,Mumbai,36,30,1025,11.0,15.7,68,Storm,24,2,High,128146,51029,Redirect to Nearby Market
2025-03-29 21:00:00,C048,Avocado,Chennai,Pune,24,69,1015,3.5,90.1,272,Cloudy,29,1,High,53740,22731,Redirect to Nearby Market
2025-03-29 22:00:00,C259,Avocado,Ahmedabad,Pune,41,76,995,13.9,55.2,240,Storm,18,4,Medium,20790,10931,Monitor Shipment
2025-03-29 23:00:00,C226,Apple,Jaipur,Chennai,35,40,1021,3.4,87.9,129,Clear,28,1,High,134704,46267,Redirect to Nearby Market
2025-03-30 00:00:00,C239,Banana,Jaipur,Bengaluru,21,35,989,11.1,26.8,153,Clear,14,6,Medium,19971,7031,Monitor Shipment
2025-03-30 01:00:00,C247,Avocado,Hyderabad,Pune,32,62,1003,14.0,18.0,297,Rainy,18,4,Medium,48417,5198,Monitor Shipment
2025-03-30 02:00:00,C292,Orange,Ahmedabad,Mumbai,32,72,996,7.9,82.5,227,Sunny,11,7,Low,10405,3492,Continue Route
2025-03-30 03:00:00,C197,Mango,Jaipur,Chennai,42,48,1016,12.9,80.3,255,Rainy,14,6,Medium,34224,14248,Monitor Shipment
2025-03-30 04:00:00,C015,Mango,Ahmedabad,Delhi,27,72,1014,1.4,18.6,38,Storm,32,1,High,54967,53407,Redirect to Nearby Market
2025-03-30 05:00:00,C256,Orange,Lucknow,Bengaluru,38,86,980,6.5,98.0,64,Rainy,20,4,Medium,24067,11172,Monitor Shipment
2025-03-30 06:00:00,C112,Apple,Ahmedabad,Chennai,37,40,1020,0.8,62.0,227,Storm,12,6,Medium,39932,5888,Monitor Shipment
2025-03-30 07:00:00,C104,Apple,Lucknow,Hyderabad,19,50,1021,4.2,29.5,328,Fog,12,6,Medium,16052,14568,Monitor Shipment
2025-03-30 08:00:00,C142,Orange,Ahmedabad,Hyderabad,27,49,1022,13.8,88.0,342,Cloudy,25,2,High,75714,44740,Redirect to Nearby Market
2025-03-30 09:00:00,C069,Mango,Lucknow,Bengaluru,20,79,1006,5.6,34.9,86,Rainy,20,4,Medium,36376,15530,Monitor Shipment
2025-03-30 10:00:00,C203,Mango,Ahmedabad,Delhi,20,49,1034,24.7,16.9,256,Storm,27,1,High,117760,40014,Redirect to Nearby Market
2025-03-30 11:00:00,C089,Avocado,Hyderabad,Bengaluru,21,44,1006,7.9,61.0,283,Rainy,32,1,High,59210,49967,Redirect to Nearby Market
2025-03-30 12:00:00,C266,Apple,Jaipur,Pune,40,74,1008,4.1,5.2,202,Clear,30,1,High,119939,33444,Redirect to Nearby Market
2025-03-30 13:00:00,C026,Apple,Delhi,Chennai,31,33,983,19.4,59.4,76,Fog,10,7,Low,14384,2036,Continue Route
2025-03-30 14:00:00,C129,Orange,Lucknow,Mumbai,34,87,1008,8.9,104.1,98,Storm,31,1,High,146832,39956,Redirect to Nearby Market
2025-03-30 15:00:00,C141,Apple,Jaipur,Pune,18,48,993,10.7,109.2,219,Rainy,34,1,High,109119,25671,Redirect to Nearby Market
2025-03-30 16:00:00,C006,Banana,Mumbai,Bengaluru,21,43,999,9.4,27.4,111,Rainy,29,1,High,88223,58523,Redirect to Nearby Market
2025-03-30 17:00:00,C089,Banana,Jaipur,Delhi,20,31,1032,21.5,74.4,47,Clear,34,1,High,68218,77759,Redirect to Nearby Market
2025-03-30 18:00:00,C099,Orange,Pune,Hyderabad,36,67,1032,4.3,68.7,168,Fog,27,1,High,107804,74024,Redirect to Nearby Market
2025-03-30 19:00:00,C188,Mango,Pune,Pune,19,50,986,19.8,39.5,342,Clear,7,8,Low,7243,1985,Continue Route
2025-03-30 20:00:00,C242,Banana,Delhi,Bengaluru,35,50,1024,10.8,5.2,223,Cloudy,21,3,High,104016,59141,Redirect to Nearby Market
2025-03-30 21:00:00,C250,Banana,Kolkata,Mumbai,37,59,986,22.6,60.7,243,Rainy,33,1,High,127629,23672,Redirect to Nearby Market
2025-03-30 22:00:00,C007,Orange,Jaipur,Delhi,34,33,1029,24.4,13.6,229,Sunny,22,3,High,91981,60591,Redirect to Nearby Market
2025-03-30 23:00:00,C007,Mango,Delhi,Mumbai,27,66,1006,10.8,11.9,180,Cloudy,34,1,High,105938,49955,Redirect to Nearby Market
2025-03-31 00:00:00,C245,Apple,Pune,Hyderabad,23,72,1000,22.6,6.2,98,Clear,25,2,High,115958,52801,Redirect to Nearby Market
2025-03-31 01:00:00,C005,Banana,Jaipur,Pune,29,68,998,0.9,58.6,163,Cloudy,24,2,High,125666,22250,Redirect to Nearby Market
2025-03-31 02:00:00,C074,Banana,Lucknow,Pune,40,46,1009,4.8,65.3,194,Sunny,12,6,Medium,15747,17961,Monitor Shipment
2025-03-31 03:00:00,C249,Apple,Ahmedabad,Chennai,27,85,1025,14.9,24.4,224,Rainy,17,5,Medium,37485,8603,Monitor Shipment
2025-03-31 04:00:00,C190,Avocado,Chennai,Hyderabad,31,67,999,14.8,45.8,152,Clear,28,1,High,85020,69754,Redirect to Nearby Market
2025-03-31 05:00:00,C050,Orange,Chennai,Bengaluru,30,70,1007,14.2,44.0,332,Cloudy,11,7,Low,10986,3971,Continue Route
2025-03-31 06:00:00,C159,Banana,Bengaluru,Chennai,20,39,985,15.7,63.8,332,Storm,25,2,High,74970,47727,Redirect to Nearby Market
2025-03-31 07:00:00,C137,Apple,Hyderabad,Delhi,36,49,1018,7.1,7.5,332,Storm,25,2,High,66982,48949,Redirect to Nearby Market
2025-03-31 08:00:00,C129,Avocado,Delhi,Mumbai,24,58,1011,16.9,10.3,182,Clear,13,6,Medium,48215,14432,Monitor Shipment
2025-03-31 09:00:00,C141,Banana,Delhi,Hyderabad,23,90,985,6.2,71.2,79,Cloudy,6,8,Low,13883,1775,Continue Route
2025-03-31 10:00:00,C034,Banana,Chennai,Mumbai,25,81,1027,0.8,6.8,211,Fog,7,8,Low,5840,4776,Continue Route
2025-03-31 11:00:00,C016,Orange,Chennai,Pune,24,39,1016,0.9,17.2,42,Cloudy,24,2,High,134393,72305,Redirect to Nearby Market
2025-03-31 12:00:00,C160,Avocado,Pune,Hyderabad,19,85,993,21.0,13.1,63,Storm,30,1,High,95042,27325,Redirect to Nearby Market
2025-03-31 13:00:00,C090,Orange,Chennai,Mumbai,41,50,1003,8.5,77.4,350,Fog,30,1,High,86517,37176,Redirect to Nearby Market
2025-03-31 14:00:00,C291,Avocado,Pune,Pune,34,30,1007,8.9,20.5,66,Fog,7,8,Low,7499,1389,Continue Route
2025-03-31 15:00:00,C054,Avocado,Kolkata,Mumbai,40,78,981,11.5,70.7,95,Storm,10,7,Low,14384,4431,Continue Route
2025-03-31 16:00:00,C200,Mango,Jaipur,Delhi,39,55,1012,21.1,64.5,78,Clear,26,2,High,148350,62748,Redirect to Nearby Market
2025-03-31 17:00:00,C289,Orange,Mumbai,Chennai,32,80,1017,23.1,70.9,203,Rainy,21,3,High,130296,31645,Redirect to Nearby Market
2025-03-31 18:00:00,C197,Apple,Hyderabad,Hyderabad,23,35,992,22.0,1.7,243,Sunny,34,1,High,130971,33572,Redirect to Nearby Market
2025-03-31 19:00:00,C004,Avocado,Pune,Chennai,34,44,1001,22.7,71.6,118,Clear,31,1,High,77140,51579,Redirect to Nearby Market
2025-03-31 20:00:00,C108,Apple,Pune,Bengaluru,23,55,1010,17.1,108.1,266,Clear,24,2,High,105221,42367,Redirect to Nearby Market
2025-03-31 21:00:00,C208,Mango,Hyderabad,Pune,23,93,1033,19.4,112.4,142,Cloudy,21,3,High,66545,49559,Redirect to Nearby Market
2025-03-31 22:00:00,C090,Banana,Delhi,Mumbai,33,39,1012,4.3,59.4,233,Storm,30,1,High,106824,27551,Redirect to Nearby Market
2025-03-31 23:00:00,C027,Banana,Kolkata,Mumbai,28,84,988,17.6,88.2,101,Cloudy,20,4,Medium,25758,17628,Monitor Shipment
2025-04-01 00:00:00,C018,Avocado,Pune,Pune,20,34,1005,5.9,5.7,273,Rainy,24,2,High,115418,73907,Redirect to Nearby Market
2025-04-01 01:00:00,C003,Avocado,Delhi,Bengaluru,27,55,1023,13.1,62.9,63,Storm,7,8,Low,12583,1722,Continue Route
2025-04-01 02:00:00,C049,Orange,Bengaluru,Delhi,37,27,1026,18.7,94.8,292,Cloudy,5,9,Low,14536,2425,Continue Route
2025-04-01 03:00:00,C044,Mango,Lucknow,Mumbai,22,54,982,14.9,118.1,213,Clear,16,5,Medium,21469,14956,Monitor Shipment
2025-04-01 04:00:00,C140,Mango,Lucknow,Mumbai,21,48,998,24.6,35.3,50,Storm,10,7,Low,13084,2367,Continue Route
2025-04-01 05:00:00,C154,Mango,Delhi,Hyderabad,37,27,1004,6.1,99.0,215,Rainy,34,1,High,118187,70819,Redirect to Nearby Market
2025-04-01 06:00:00,C241,Orange,Delhi,Pune,23,70,1033,5.5,2.6,207,Storm,24,2,High,133298,21579,Redirect to Nearby Market
2025-04-01 07:00:00,C019,Avocado,Jaipur,Pune,18,72,1014,2.4,71.2,138,Rainy,26,2,High,53970,53673,Redirect to Nearby Market
2025-04-01 08:00:00,C237,Orange,Pune,Chennai,31,36,986,9.8,97.6,125,Cloudy,5,9,Low,14844,4844,Continue Route
2025-04-01 09:00:00,C091,Banana,Bengaluru,Hyderabad,29,69,982,14.8,24.9,105,Rainy,21,3,High,51113,48950,Redirect to Nearby Market
2025-04-01 10:00:00,C230,Orange,Bengaluru,Chennai,29,46,1018,20.4,108.6,44,Cloudy,22,3,High,93480,73942,Redirect to Nearby Market
2025-04-01 11:00:00,C139,Banana,Mumbai,Chennai,29,37,1011,7.0,78.0,58,Cloudy,19,4,Medium,36397,7793,Monitor Shipment
2025-04-01 12:00:00,C095,Mango,Delhi,Delhi,18,36,988,9.7,13.2,295,Clear,24,2,High,130872,32501,Redirect to Nearby Market
2025-04-01 13:00:00,C062,Banana,Hyderabad,Pune,28,42,985,22.2,78.8,343,Rainy,9,7,Low,10464,3086,Continue Route
2025-04-01 14:00:00,C039,Banana,Hyderabad,Pune,29,60,1005,2.7,108.8,123,Storm,5,9,Low,6967,1869,Continue Route
2025-04-01 15:00:00,C045,Avocado,Chennai,Hyderabad,19,90,1007,19.3,49.4,337,Rainy,26,2,High,115266,42431,Redirect to Nearby Market
2025-04-01 16:00:00,C290,Avocado,Lucknow,Hyderabad,26,90,1015,4.0,41.2,275,Rainy,29,1,High,94693,58750,Redirect to Nearby Market
2025-04-01 17:00:00,C097,Banana,Pune,Chennai,18,85,997,15.2,91.8,201,Cloudy,14,6,Medium,30078,16307,Monitor Shipment
2025-04-01 18:00:00,C050,Orange,Delhi,Chennai,41,88,993,13.0,22.9,225,Sunny,16,5,Medium,17464,15616,Monitor Shipment
2025-04-01 19:00:00,C265,Avocado,Bengaluru,Mumbai,40,59,987,12.8,101.4,248,Storm,31,1,High,119603,61631,Redirect to Nearby Market
2025-04-01 20:00:00,C011,Avocado,Mumbai,Delhi,25,89,1016,11.2,61.7,110,Clear,34,1,High,118837,44901,Redirect to Nearby Market
2025-04-01 21:00:00,C223,Apple,Hyderabad,Delhi,18,94,989,7.0,24.9,297,Sunny,35,1,High,135895,60680,Redirect to Nearby Market
2025-04-01 22:00:00,C278,Orange,Delhi,Hyderabad,37,68,1034,14.1,16.4,244,Fog,30,1,High,53063,32793,Redirect to Nearby Market
2025-04-01 23:00:00,C104,Mango,Ahmedabad,Mumbai,26,67,1035,5.5,116.5,299,Rainy,10,7,Low,9938,1354,Continue Route
2025-04-02 00:00:00,C153,Avocado,Delhi,Pune,25,74,998,3.3,117.8,218,Storm,26,2,High,149608,28111,Redirect to Nearby Market
2025-04-02 01:00:00,C068,Apple,Hyderabad,Hyderabad,42,75,990,14.6,53.9,252,Cloudy,14,6,Medium,33122,18229,Monitor Shipment
2025-04-02 02:00:00,C228,Mango,Kolkata,Hyderabad,40,29,1029,17.0,30.6,324,Storm,6,8,Low,11738,4879,Continue Route
2025-04-02 03:00:00,C073,Banana,Ahmedabad,Hyderabad,29,60,1009,6.6,60.7,96,Sunny,14,6,Medium,28334,6925,Monitor Shipment
2025-04-02 04:00:00,C071,Orange,Hyderabad,Bengaluru,31,38,1004,18.8,106.6,201,Sunny,5,9,Low,5610,3079,Continue Route
2025-04-02 05:00:00,C128,Banana,Lucknow,Hyderabad,29,74,1034,12.6,33.6,39,Sunny,21,3,High,60175,67106,Redirect to Nearby Market
2025-04-02 06:00:00,C047,Banana,Ahmedabad,Hyderabad,20,54,981,19.3,60.6,31,Fog,28,1,High,103734,68982,Redirect to Nearby Market
2025-04-02 07:00:00,C228,Mango,Ahmedabad,Pune,36,78,1002,9.5,85.9,76,Cloudy,31,1,High,64645,52372,Redirect to Nearby Market
2025-04-02 08:00:00,C044,Banana,Bengaluru,Chennai,30,56,1003,21.9,68.8,263,Rainy,8,8,Low,14830,2485,Continue Route
2025-04-02 09:00:00,C131,Mango,Hyderabad,Delhi,39,92,1028,20.1,59.6,44,Cloudy,35,1,High,63360,59958,Redirect to Nearby Market
2025-04-02 10:00:00,C072,Mango,Hyderabad,Mumbai,20,74,1017,19.6,23.9,46,Fog,7,8,Low,9950,1684,Continue Route
2025-04-02 11:00:00,C154,Orange,Kolkata,Chennai,31,48,1000,2.2,5.1,293,Rainy,15,5,Medium,42235,7925,Monitor Shipment
2025-04-02 12:00:00,C200,Mango,Lucknow,Mumbai,29,38,993,15.7,105.7,196,Sunny,21,3,High,90934,36810,Redirect to Nearby Market
2025-04-02 13:00:00,C186,Orange,Mumbai,Chennai,26,34,1034,23.1,83.0,68,Storm,12,6,Medium,18130,19717,Monitor Shipment
2025-04-02 14:00:00,C048,Avocado,Bengaluru,Chennai,36,41,1010,20.9,42.9,230,Rainy,18,4,Medium,44785,6586,Monitor Shipment
2025-04-02 15:00:00,C079,Apple,Pune,Chennai,26,39,1010,13.8,25.2,192,Storm,15,5,Medium,23748,18268,Monitor Shipment
2025-04-02 16:00:00,C087,Avocado,Bengaluru,Pune,18,95,989,7.8,15.8,189,Fog,11,7,Low,5392,2691,Continue Route
2025-04-02 17:00:00,C300,Banana,Ahmedabad,Delhi,38,43,1016,1.0,28.6,112,Rainy,20,4,Medium,49569,10190,Monitor Shipment
2025-04-02 18:00:00,C241,Mango,Pune,Bengaluru,22,45,1005,1.0,27.5,140,Rainy,28,1,High,58286,58421,Redirect to Nearby Market
2025-04-02 19:00:00,C075,Banana,Pune,Hyderabad,42,33,1019,13.9,10.8,167,Clear,19,4,Medium,36987,7932,Monitor Shipment
2025-04-02 20:00:00,C291,Orange,Mumbai,Hyderabad,32,51,993,22.0,41.2,33,Sunny,21,3,High,57190,76691,Redirect to Nearby Market
2025-04-02 21:00:00,C163,Apple,Hyderabad,Chennai,31,85,1009,4.3,79.1,113,Rainy,30,1,High,119892,66088,Redirect to Nearby Market
2025-04-02 22:00:00,C184,Avocado,Lucknow,Chennai,26,32,1026,23.4,83.9,260,Rainy,11,7,Low,14819,1817,Continue Route
2025-04-02 23:00:00,C098,Apple,Bengaluru,Chennai,31,89,993,10.0,67.1,113,Fog,33,1,High,95095,52721,Redirect to Nearby Market
2025-04-03 00:00:00,C104,Orange,Pune,Bengaluru,22,72,1028,11.8,75.2,112,Cloudy,5,9,Low,10709,1468,Continue Route
2025-04-03 01:00:00,C033,Mango,Kolkata,Mumbai,30,54,981,17.6,97.6,77,Storm,11,7,Low,7820,1703,Continue Route
2025-04-03 02:00:00,C249,Banana,Pune,Mumbai,18,94,1012,22.2,10.8,73,Clear,15,5,Medium,41838,19316,Monitor Shipment
2025-04-03 03:00:00,C231,Mango,Mumbai,Hyderabad,27,62,1035,11.7,50.5,283,Storm,15,5,Medium,23799,6878,Monitor Shipment
2025-04-03 04:00:00,C097,Mango,Delhi,Delhi,23,69,1027,12.0,35.3,269,Fog,33,1,High,54845,72775,Redirect to Nearby Market
2025-04-03 05:00:00,C248,Avocado,Pune,Mumbai,20,67,1025,22.5,46.1,81,Storm,32,1,High,51532,70233,Redirect to Nearby Market
2025-04-03 06:00:00,C211,Avocado,Lucknow,Bengaluru,21,49,1002,16.1,83.1,196,Cloudy,12,6,Medium,35017,19905,Monitor Shipment
2025-04-03 07:00:00,C033,Mango,Kolkata,Chennai,38,63,991,4.8,74.3,335,Storm,24,2,High,77039,73335,Redirect to Nearby Market
2025-04-03 08:00:00,C176,Banana,Mumbai,Chennai,27,40,1001,23.9,106.5,160,Storm,18,4,Medium,31904,18206,Monitor Shipment
2025-04-03 09:00:00,C077,Apple,Kolkata,Hyderabad,35,42,996,17.9,95.8,100,Clear,25,2,High,148435,72698,Redirect to Nearby Market
2025-04-03 10:00:00,C069,Banana,Lucknow,Pune,42,61,1021,23.8,80.3,64,Cloudy,11,7,Low,14539,4088,Continue Route
2025-04-03 11:00:00,C094,Avocado,Lucknow,Hyderabad,29,93,984,9.0,60.9,117,Cloudy,16,5,Medium,48407,9509,Monitor Shipment
2025-04-03 12:00:00,C189,Orange,Hyderabad,Chennai,28,52,1035,18.6,99.8,306,Clear,18,4,Medium,38570,19077,Monitor Shipment
2025-04-03 13:00:00,C054,Avocado,Bengaluru,Pune,26,64,1019,16.4,74.5,68,Fog,7,8,Low,5287,3932,Continue Route
2025-04-03 14:00:00,C011,Avocado,Ahmedabad,Hyderabad,18,87,1024,6.8,38.6,68,Rainy,32,1,High,100775,31751,Redirect to Nearby Market
2025-04-03 15:00:00,C041,Orange,Kolkata,Mumbai,33,51,1016,9.8,48.4,308,Rainy,5,9,Low,5254,2504,Continue Route
2025-04-03 16:00:00,C213,Banana,Bengaluru,Mumbai,25,32,1010,21.8,38.2,47,Rainy,19,4,Medium,39378,15039,Monitor Shipment
2025-04-03 17:00:00,C168,Banana,Bengaluru,Hyderabad,19,60,988,3.0,106.8,298,Sunny,18,4,Medium,36098,6475,Monitor Shipment
2025-04-03 18:00:00,C038,Avocado,Lucknow,Delhi,28,31,982,9.5,17.5,294,Clear,13,6,Medium,39525,18773,Monitor Shipment
2025-04-03 19:00:00,C011,Apple,Ahmedabad,Hyderabad,30,50,999,7.7,28.5,218,Clear,26,2,High,76714,47210,Redirect to Nearby Market
2025-04-03 20:00:00,C193,Avocado,Chennai,Delhi,18,89,1007,12.7,76.1,126,Rainy,31,1,High,143017,64798,Redirect to Nearby Market
2025-04-03 21:00:00,C230,Mango,Hyderabad,Mumbai,33,71,1003,3.5,117.5,49,Storm,19,4,Medium,24920,7842,Monitor Shipment
2025-04-03 22:00:00,C130,Banana,Mumbai,Bengaluru,22,26,1034,21.6,65.1,291,Sunny,22,3,High,114687,52608,Redirect to Nearby Market
2025-04-03 23:00:00,C053,Orange,Hyderabad,Chennai,31,54,1024,2.4,114.0,168,Rainy,27,1,High,113900,77886,Redirect to Nearby Market
2025-04-04 00:00:00,C155,Apple,Lucknow,Bengaluru,31,90,1035,16.9,77.1,107,Fog,31,1,High,104135,66353,Redirect to Nearby Market
2025-04-04 01:00:00,C288,Avocado,Lucknow,Pune,28,65,1018,12.3,47.6,155,Sunny,9,7,Low,9136,1929,Continue Route
2025-04-04 02:00:00,C144,Avocado,Lucknow,Delhi,36,92,990,14.2,102.6,304,Rainy,21,3,High,145762,50311,Redirect to Nearby Market
2025-04-04 03:00:00,C084,Avocado,Lucknow,Bengaluru,31,73,986,14.7,73.7,101,Sunny,26,2,High,95982,24676,Redirect to Nearby Market
2025-04-04 04:00:00,C142,Mango,Lucknow,Pune,41,42,1011,0.8,34.6,76,Rainy,27,1,High,109262,49910,Redirect to Nearby Market
2025-04-04 05:00:00,C014,Banana,Mumbai,Chennai,35,71,1002,20.2,65.9,327,Cloudy,18,4,Medium,20258,8317,Monitor Shipment
2025-04-04 06:00:00,C095,Apple,Mumbai,Mumbai,35,68,999,15.4,13.0,263,Fog,32,1,High,131237,66164,Redirect to Nearby Market
2025-04-04 07:00:00,C247,Banana,Bengaluru,Bengaluru,39,71,1022,16.3,51.3,309,Fog,18,4,Medium,15972,7656,Monitor Shipment
2025-04-04 08:00:00,C136,Avocado,Kolkata,Mumbai,32,86,990,21.5,82.0,332,Storm,13,6,Medium,20085,15687,Monitor Shipment
2025-04-04 09:00:00,C047,Avocado,Kolkata,Delhi,36,44,1034,13.9,20.0,314,Clear,20,4,Medium,43728,8796,Monitor Shipment
2025-04-04 10:00:00,C216,Avocado,Chennai,Mumbai,24,51,1033,14.9,82.7,182,Fog,23,3,High,78068,48134,Redirect to Nearby Market
2025-04-04 11:00:00,C068,Banana,Delhi,Pune,36,92,1011,22.6,22.6,117,Rainy,30,1,High,107138,63673,Redirect to Nearby Market
2025-04-04 12:00:00,C069,Apple,Bengaluru,Hyderabad,30,47,997,7.3,10.4,196,Fog,19,4,Medium,26004,10932,Monitor Shipment
2025-04-04 13:00:00,C293,Banana,Lucknow,Delhi,18,62,1001,10.0,83.2,67,Rainy,11,7,Low,5757,4719,Continue Route
2025-04-04 14:00:00,C020,Avocado,Kolkata,Bengaluru,22,71,1000,15.2,4.3,46,Cloudy,35,1,High,112087,33994,Redirect to Nearby Market
2025-04-04 15:00:00,C152,Apple,Hyderabad,Delhi,25,38,1006,19.4,80.4,159,Storm,19,4,Medium,20159,5405,Monitor Shipment
2025-04-04 16:00:00,C250,Mango,Bengaluru,Mumbai,21,68,989,12.7,44.3,63,Sunny,27,1,High,92471,65479,Redirect to Nearby Market
2025-04-04 17:00:00,C051,Apple,Kolkata,Delhi,29,29,993,14.8,92.3,312,Rainy,26,2,High,96155,63795,Redirect to Nearby Market
2025-04-04 18:00:00,C237,Banana,Pune,Mumbai,35,56,1001,3.8,72.6,311,Sunny,7,8,Low,14938,2073,Continue Route
2025-04-04 19:00:00,C207,Mango,Hyderabad,Pune,39,89,1021,13.5,19.5,103,Rainy,14,6,Medium,35151,18395,Monitor Shipment
2025-04-04 20:00:00,C021,Banana,Mumbai,Hyderabad,39,86,1033,3.2,85.3,95,Fog,10,7,Low,9320,3055,Continue Route
2025-04-04 21:00:00,C153,Mango,Kolkata,Chennai,26,69,1008,2.1,101.7,269,Storm,28,1,High,91707,23816,Redirect to Nearby Market
2025-04-04 22:00:00,C058,Mango,Hyderabad,Hyderabad,23,61,1006,6.8,16.4,163,Fog,27,1,High,50393,45447,Redirect to Nearby Market
2025-04-04 23:00:00,C038,Avocado,Pune,Mumbai,36,72,992,2.5,55.5,119,Rainy,17,5,Medium,22419,14450,Monitor Shipment
2025-04-05 00:00:00,C230,Orange,Ahmedabad,Chennai,25,31,1021,9.1,80.7,225,Clear,32,1,High,105546,38752,Redirect to Nearby Market
2025-04-05 01:00:00,C085,Avocado,Delhi,Mumbai,19,93,993,14.9,36.8,93,Storm,5,9,Low,6435,3459,Continue Route
2025-04-05 02:00:00,C158,Mango,Ahmedabad,Delhi,29,26,1025,23.3,55.3,245,Clear,10,7,Low,10727,4727,Continue Route
2025-04-05 03:00:00,C224,Apple,Lucknow,Mumbai,23,71,997,2.9,69.4,314,Sunny,14,6,Medium,39166,14428,Monitor Shipment
2025-04-05 04:00:00,C294,Banana,Kolkata,Hyderabad,24,57,987,22.8,107.9,220,Storm,5,9,Low,12762,1178,Continue Route
2025-04-05 05:00:00,C091,Banana,Kolkata,Delhi,19,62,1012,16.7,91.6,159,Sunny,5,9,Low,14728,3331,Continue Route
2025-04-05 06:00:00,C222,Banana,Lucknow,Bengaluru,32,25,1021,21.3,19.4,150,Cloudy,31,1,High,103877,33255,Redirect to Nearby Market
2025-04-05 07:00:00,C086,Orange,Mumbai,Mumbai,32,44,1033,1.3,51.1,198,Fog,34,1,High,83495,60841,Redirect to Nearby Market
2025-04-05 08:00:00,C196,Banana,Jaipur,Pune,27,39,1018,10.8,1.7,257,Cloudy,6,8,Low,5395,2755,Continue Route
2025-04-05 09:00:00,C153,Orange,Ahmedabad,Chennai,29,36,998,18.4,2.6,290,Sunny,18,4,Medium,21388,16872,Monitor Shipment
2025-04-05 10:00:00,C056,Apple,Hyderabad,Chennai,22,85,1010,11.4,117.5,32,Sunny,31,1,High,145205,65548,Redirect to Nearby Market
2025-04-05 11:00:00,C128,Orange,Pune,Chennai,36,95,1016,9.2,107.7,207,Clear,22,3,High,50233,33821,Redirect to Nearby Market
2025-04-05 12:00:00,C058,Banana,Lucknow,Pune,27,45,1013,13.0,38.8,209,Cloudy,8,8,Low,7713,4031,Continue Route
2025-04-05 13:00:00,C065,Orange,Bengaluru,Pune,23,79,1005,8.0,112.5,178,Rainy,17,5,Medium,24181,9728,Monitor Shipment
2025-04-05 14:00:00,C055,Banana,Mumbai,Chennai,27,43,1035,10.0,98.6,193,Sunny,13,6,Medium,22804,9767,Monitor Shipment
2025-04-05 15:00:00,C058,Mango,Jaipur,Chennai,34,88,1005,4.3,8.6,108,Sunny,9,7,Low,5263,3706,Continue Route
2025-04-05 16:00:00,C165,Orange,Lucknow,Delhi,22,34,1030,11.1,35.1,44,Rainy,15,5,Medium,43019,18820,Monitor Shipment
2025-04-05 17:00:00,C177,Mango,Mumbai,Mumbai,29,89,1033,17.7,8.6,317,Clear,28,1,High,65256,63528,Redirect to Nearby Market
2025-04-05 18:00:00,C103,Mango,Lucknow,Bengaluru,42,29,1002,17.9,59.4,296,Clear,14,6,Medium,19662,5067,Monitor Shipment
2025-04-05 19:00:00,C177,Mango,Delhi,Hyderabad,42,86,1007,21.5,47.5,144,Cloudy,9,7,Low,14151,3986,Continue Route
2025-04-05 20:00:00,C095,Mango,Bengaluru,Mumbai,37,34,985,12.5,95.2,150,Cloudy,18,4,Medium,36564,13406,Monitor Shipment
2025-04-05 21:00:00,C198,Avocado,Pune,Pune,38,74,1006,15.7,28.1,131,Clear,10,7,Low,5962,1567,Continue Route
2025-04-05 22:00:00,C002,Mango,Jaipur,Pune,32,73,1002,9.3,111.7,64,Fog,16,5,Medium,36731,12785,Monitor Shipment
2025-04-05 23:00:00,C224,Banana,Mumbai,Pune,33,43,1028,19.8,54.8,277,Rainy,19,4,Medium,15787,6135,Monitor Shipment
2025-04-06 00:00:00,C101,Banana,Pune,Chennai,26,89,1013,21.6,5.8,310,Clear,31,1,High,118239,26844,Redirect to Nearby Market
2025-04-06 01:00:00,C042,Orange,Mumbai,Pune,35,34,998,19.6,101.1,213,Fog,24,2,High,60990,45306,Redirect to Nearby Market
2025-04-06 02:00:00,C240,Avocado,Bengaluru,Delhi,19,28,994,19.7,118.5,288,Storm,23,3,High,118698,41654,Redirect to Nearby Market
2025-04-06 03:00:00,C157,Apple,Chennai,Delhi,27,55,1035,12.1,105.2,349,Rainy,27,1,High,121585,54972,Redirect to Nearby Market
2025-04-06 04:00:00,C030,Avocado,Hyderabad,Mumbai,22,34,1020,24.1,22.7,67,Fog,18,4,Medium,31198,18763,Monitor Shipment
2025-04-06 05:00:00,C022,Mango,Ahmedabad,Mumbai,21,75,1031,12.2,18.2,311,Clear,25,2,High,132867,66289,Redirect to Nearby Market
2025-04-06 06:00:00,C191,Orange,Pune,Delhi,18,55,1015,16.8,81.6,195,Storm,16,5,Medium,15970,13845,Monitor Shipment
2025-04-06 07:00:00,C047,Apple,Bengaluru,Hyderabad,19,56,1031,7.2,67.7,158,Storm,26,2,High,92573,48367,Redirect to Nearby Market
2025-04-06 08:00:00,C016,Mango,Mumbai,Pune,22,66,1010,2.3,33.3,138,Storm,9,7,Low,9628,3468,Continue Route
2025-04-06 09:00:00,C202,Banana,Chennai,Hyderabad,31,43,991,11.6,86.9,327,Storm,9,7,Low,9119,3459,Continue Route
2025-04-06 10:00:00,C016,Apple,Kolkata,Mumbai,26,66,1035,1.2,57.6,132,Sunny,20,4,Medium,47221,18355,Monitor Shipment
2025-04-06 11:00:00,C079,Orange,Pune,Bengaluru,39,34,991,5.8,4.1,81,Cloudy,9,7,Low,6160,3076,Continue Route
2025-04-06 12:00:00,C179,Apple,Jaipur,Hyderabad,39,85,1024,12.9,114.2,95,Fog,7,8,Low,7580,3368,Continue Route
2025-04-06 13:00:00,C011,Orange,Jaipur,Hyderabad,32,39,980,24.1,85.6,300,Storm,21,3,High,134296,37961,Redirect to Nearby Market
2025-04-06 14:00:00,C097,Orange,Chennai,Bengaluru,33,71,994,11.4,9.2,220,Clear,26,2,High,102863,55988,Redirect to Nearby Market
2025-04-06 15:00:00,C278,Orange,Bengaluru,Delhi,36,52,999,11.4,115.4,126,Clear,28,1,High,149994,58475,Redirect to Nearby Market
2025-04-06 16:00:00,C294,Avocado,Chennai,Hyderabad,33,86,1002,4.7,78.6,127,Fog,31,1,High,69777,59684,Redirect to Nearby Market
2025-04-06 17:00:00,C192,Apple,Ahmedabad,Pune,35,32,1002,2.9,116.5,350,Storm,32,1,High,145448,38056,Redirect to Nearby Market
2025-04-06 18:00:00,C168,Banana,Jaipur,Delhi,22,64,995,19.2,8.6,134,Storm,18,4,Medium,49561,9154,Monitor Shipment
2025-04-06 19:00:00,C020,Orange,Delhi,Pune,41,34,984,5.3,71.5,47,Cloudy,7,8,Low,5889,1117,Continue Route
2025-04-06 20:00:00,C221,Apple,Ahmedabad,Chennai,26,57,1021,24.0,108.1,90,Rainy,21,3,High,139868,61880,Redirect to Nearby Market
2025-04-06 21:00:00,C239,Mango,Chennai,Bengaluru,32,39,1021,9.8,71.9,135,Storm,13,6,Medium,47191,18236,Monitor Shipment
2025-04-06 22:00:00,C138,Apple,Pune,Chennai,19,75,991,5.7,66.7,295,Sunny,27,1,High,51594,56726,Redirect to Nearby Market
2025-04-06 23:00:00,C005,Mango,Jaipur,Pune,33,73,1014,19.3,0.5,117,Fog,22,3,High,104508,69146,Redirect to Nearby Market
2025-04-07 00:00:00,C173,Banana,Mumbai,Mumbai,39,79,982,2.6,79.5,243,Rainy,15,5,Medium,19271,12447,Monitor Shipment
2025-04-07 01:00:00,C211,Orange,Lucknow,Delhi,29,82,1014,13.6,50.5,349,Cloudy,16,5,Medium,15059,18633,Monitor Shipment
2025-04-07 02:00:00,C158,Apple,Hyderabad,Chennai,29,34,990,5.2,2.6,175,Cloudy,34,1,High,148463,33546,Redirect to Nearby Market
2025-04-07 03:00:00,C243,Banana,Kolkata,Bengaluru,19,78,1007,12.3,74.5,38,Cloudy,15,5,Medium,32311,15038,Monitor Shipment
2025-04-07 04:00:00,C061,Orange,Bengaluru,Hyderabad,33,75,1017,23.8,42.8,170,Cloudy,29,1,High,138590,54571,Redirect to Nearby Market
2025-04-07 05:00:00,C094,Mango,Hyderabad,Hyderabad,38,92,1019,22.5,102.6,275,Fog,11,7,Low,5854,1535,Continue Route
2025-04-07 06:00:00,C130,Orange,Kolkata,Chennai,22,91,996,6.8,115.0,251,Sunny,13,6,Medium,47572,14405,Monitor Shipment
2025-04-07 07:00:00,C066,Avocado,Hyderabad,Bengaluru,39,49,1002,2.6,52.3,152,Sunny,14,6,Medium,41576,18612,Monitor Shipment
2025-04-07 08:00:00,C193,Mango,Jaipur,Chennai,42,59,1001,24.1,27.5,110,Rainy,27,1,High,78038,66696,Redirect to Nearby Market
2025-04-07 09:00:00,C069,Orange,Kolkata,Chennai,23,40,1004,13.0,60.8,156,Rainy,20,4,Medium,40879,17834,Monitor Shipment
2025-04-07 10:00:00,C145,Mango,Delhi,Hyderabad,34,90,995,14.9,0.6,274,Fog,31,1,High,69571,76588,Redirect to Nearby Market
2025-04-07 11:00:00,C022,Mango,Pune,Chennai,31,52,1028,5.6,104.5,110,Storm,34,1,High,64370,62882,Redirect to Nearby Market
2025-04-07 12:00:00,C252,Apple,Lucknow,Hyderabad,36,52,1019,14.3,74.8,78,Fog,12,6,Medium,25381,14053,Monitor Shipment
2025-04-07 13:00:00,C134,Orange,Kolkata,Bengaluru,23,30,1035,20.3,78.7,119,Sunny,27,1,High,103751,36049,Redirect to Nearby Market
2025-04-07 14:00:00,C028,Banana,Ahmedabad,Bengaluru,31,74,1032,24.6,85.1,314,Storm,22,3,High,105339,73303,Redirect to Nearby Market
2025-04-07 15:00:00,C134,Mango,Kolkata,Mumbai,40,74,1019,15.5,90.9,90,Clear,20,4,Medium,42466,12507,Monitor Shipment
2025-04-07 16:00:00,C290,Avocado,Mumbai,Hyderabad,23,51,1016,11.5,5.3,307,Storm,26,2,High,54444,66331,Redirect to Nearby Market
2025-04-07 17:00:00,C053,Mango,Hyderabad,Pune,36,33,1023,14.4,59.7,119,Sunny,27,1,High,77525,70154,Redirect to Nearby Market
2025-04-07 18:00:00,C200,Mango,Jaipur,Hyderabad,38,63,1010,23.3,81.7,149,Rainy,34,1,High,123246,75584,Redirect to Nearby Market
2025-04-07 19:00:00,C021,Avocado,Pune,Hyderabad,23,69,990,12.3,51.3,277,Cloudy,34,1,High,132600,75496,Redirect to Nearby Market
2025-04-07 20:00:00,C086,Mango,Jaipur,Delhi,37,74,1016,10.3,2.8,125,Clear,26,2,High,123542,65830,Redirect to Nearby Market
2025-04-07 21:00:00,C226,Orange,Jaipur,Pune,35,73,983,0.8,13.4,266,Cloudy,30,1,High,87203,21217,Redirect to Nearby Market
2025-04-07 22:00:00,C162,Mango,Lucknow,Bengaluru,42,35,1025,14.0,107.2,214,Sunny,33,1,High,76474,52109,Redirect to Nearby Market
2025-04-07 23:00:00,C126,Mango,Jaipur,Pune,42,25,1004,7.9,101.4,227,Cloudy,27,1,High,50407,27523,Redirect to Nearby Market
2025-04-08 00:00:00,C019,Apple,Ahmedabad,Chennai,39,65,1026,10.5,67.7,219,Storm,6,8,Low,5967,2313,Continue Route
2025-04-08 01:00:00,C039,Apple,Bengaluru,Pune,41,94,1004,11.4,32.7,83,Fog,30,1,High,75529,34585,Redirect to Nearby Market
2025-04-08 02:00:00,C245,Apple,Delhi,Chennai,28,95,981,8.7,23.7,74,Storm,33,1,High,70863,26339,Redirect to Nearby Market
2025-04-08 03:00:00,C032,Avocado,Mumbai,Hyderabad,40,87,999,24.1,5.8,313,Storm,27,1,High,92015,72240,Redirect to Nearby Market
2025-04-08 04:00:00,C057,Orange,Pune,Hyderabad,26,83,992,2.3,91.8,137,Cloudy,8,8,Low,14769,2780,Continue Route
2025-04-08 05:00:00,C138,Orange,Chennai,Pune,34,26,986,20.5,52.9,249,Cloudy,16,5,Medium,22030,17030,Monitor Shipment
2025-04-08 06:00:00,C291,Orange,Lucknow,Delhi,24,53,983,6.1,87.5,32,Cloudy,17,5,Medium,17121,18737,Monitor Shipment
2025-04-08 07:00:00,C028,Banana,Bengaluru,Mumbai,22,42,1025,11.0,67.0,268,Sunny,26,2,High,147227,56342,Redirect to Nearby Market
2025-04-08 08:00:00,C020,Avocado,Lucknow,Hyderabad,21,76,995,2.7,98.7,146,Fog,14,6,Medium,39376,17372,Monitor Shipment
2025-04-08 09:00:00,C292,Orange,Bengaluru,Mumbai,32,57,991,1.1,15.8,278,Storm,5,9,Low,13306,1029,Continue Route
2025-04-08 10:00:00,C217,Orange,Ahmedabad,Bengaluru,21,26,988,19.8,39.5,325,Rainy,32,1,High,84725,39839,Redirect to Nearby Market
2025-04-08 11:00:00,C175,Orange,Bengaluru,Pune,24,67,1015,6.8,96.5,39,Sunny,32,1,High,134507,71346,Redirect to Nearby Market
2025-04-08 12:00:00,C290,Orange,Mumbai,Hyderabad,27,75,1014,14.0,100.6,145,Storm,27,1,High,101292,34118,Redirect to Nearby Market
2025-04-08 13:00:00,C111,Orange,Hyderabad,Bengaluru,28,74,1003,3.1,115.8,248,Cloudy,28,1,High,111132,27157,Redirect to Nearby Market
2025-04-08 14:00:00,C258,Apple,Chennai,Chennai,37,37,1001,10.2,42.4,88,Sunny,24,2,High,97839,47319,Redirect to Nearby Market
2025-04-08 15:00:00,C212,Mango,Jaipur,Mumbai,22,76,1001,8.0,5.6,152,Clear,7,8,Low,8241,1546,Continue Route
2025-04-08 16:00:00,C119,Avocado,Ahmedabad,Mumbai,28,65,1013,24.6,85.4,148,Fog,11,7,Low,8829,1627,Continue Route
2025-04-08 17:00:00,C180,Banana,Hyderabad,Hyderabad,24,94,1024,17.9,39.4,295,Cloudy,9,7,Low,14332,3211,Continue Route
2025-04-08 18:00:00,C242,Banana,Bengaluru,Hyderabad,42,56,1034,22.5,119.1,152,Clear,21,3,High,107703,68206,Redirect to Nearby Market
2025-04-08 19:00:00,C143,Orange,Bengaluru,Mumbai,31,55,1025,9.1,65.4,319,Cloudy,17,5,Medium,25100,18402,Monitor Shipment
2025-04-08 20:00:00,C289,Orange,Lucknow,Bengaluru,28,56,999,15.8,85.1,291,Clear,30,1,High,89287,68897,Redirect to Nearby Market
2025-04-08 21:00:00,C028,Banana,Chennai,Hyderabad,35,46,1020,4.8,55.9,262,Rainy,6,8,Low,9357,4803,Continue Route
2025-04-08 22:00:00,C282,Avocado,Kolkata,Hyderabad,26,64,1028,8.5,36.4,350,Cloudy,34,1,High,146079,44817,Redirect to Nearby Market
2025-04-08 23:00:00,C158,Banana,Mumbai,Mumbai,28,75,994,18.8,64.0,140,Rainy,7,8,Low,6920,1621,Continue Route
2025-04-09 00:00:00,C199,Apple,Kolkata,Mumbai,40,91,1028,16.2,92.2,152,Rainy,13,6,Medium,40235,16271,Monitor Shipment
2025-04-09 01:00:00,C082,Avocado,Ahmedabad,Delhi,34,60,986,1.5,90.2,109,Clear,33,1,High,75839,50668,Redirect to Nearby Market
2025-04-09 02:00:00,C197,Banana,Mumbai,Mumbai,40,83,997,12.5,101.2,255,Rainy,11,7,Low,13466,3339,Continue Route
2025-04-09 03:00:00,C117,Orange,Bengaluru,Bengaluru,32,49,1016,2.3,49.7,225,Sunny,34,1,High,71030,37960,Redirect to Nearby Market
2025-04-09 04:00:00,C080,Mango,Pune,Mumbai,37,38,1026,2.0,17.5,333,Clear,26,2,High,147434,58122,Redirect to Nearby Market
2025-04-09 05:00:00,C090,Orange,Jaipur,Hyderabad,31,78,1027,7.4,5.0,66,Storm,10,7,Low,8424,2266,Continue Route
2025-04-09 06:00:00,C198,Orange,Ahmedabad,Bengaluru,38,50,1032,13.5,100.5,303,Clear,34,1,High,91383,20512,Redirect to Nearby Market
2025-04-09 07:00:00,C072,Mango,Chennai,Chennai,41,27,993,4.5,3.6,244,Sunny,7,8,Low,9589,2632,Continue Route
2025-04-09 08:00:00,C113,Avocado,Pune,Chennai,36,66,1030,18.1,60.1,208,Clear,32,1,High,139968,55805,Redirect to Nearby Market
2025-04-09 09:00:00,C234,Mango,Pune,Pune,41,32,1018,17.6,46.3,102,Sunny,22,3,High,136165,68300,Redirect to Nearby Market
2025-04-09 10:00:00,C033,Orange,Delhi,Delhi,19,81,1001,11.4,5.4,325,Storm,18,4,Medium,25461,10365,Monitor Shipment
2025-04-09 11:00:00,C101,Banana,Hyderabad,Delhi,32,54,996,7.5,53.1,123,Clear,33,1,High,137664,60812,Redirect to Nearby Market
2025-04-09 12:00:00,C103,Mango,Lucknow,Chennai,30,70,992,9.9,15.9,277,Rainy,34,1,High,89238,52364,Redirect to Nearby Market
2025-04-09 13:00:00,C239,Banana,Chennai,Chennai,37,78,1017,21.3,54.2,243,Sunny,35,1,High,123679,65904,Redirect to Nearby Market
2025-04-09 14:00:00,C190,Avocado,Delhi,Chennai,28,30,989,10.5,77.5,340,Fog,7,8,Low,7346,2300,Continue Route
2025-04-09 15:00:00,C070,Apple,Pune,Hyderabad,31,43,992,20.8,65.3,266,Sunny,28,1,High,92310,54687,Redirect to Nearby Market
2025-04-09 16:00:00,C269,Avocado,Hyderabad,Bengaluru,20,92,1018,7.7,117.7,32,Sunny,21,3,High,70841,79264,Redirect to Nearby Market
2025-04-09 17:00:00,C152,Apple,Hyderabad,Delhi,40,25,1011,8.8,55.8,276,Fog,32,1,High,70131,70724,Redirect to Nearby Market
2025-04-09 18:00:00,C225,Banana,Bengaluru,Chennai,36,88,998,11.4,105.7,171,Cloudy,25,2,High,91670,78792,Redirect to Nearby Market
2025-04-09 19:00:00,C243,Apple,Pune,Pune,25,80,989,13.1,42.1,112,Rainy,16,5,Medium,23463,12736,Monitor Shipment
2025-04-09 20:00:00,C179,Orange,Bengaluru,Mumbai,32,72,1035,7.5,22.1,300,Cloudy,28,1,High,96416,74586,Redirect to Nearby Market
2025-04-09 21:00:00,C104,Avocado,Hyderabad,Pune,30,73,1007,12.0,39.8,224,Fog,7,8,Low,9784,3637,Continue Route
2025-04-09 22:00:00,C211,Apple,Lucknow,Mumbai,28,81,1011,9.4,79.5,44,Clear,7,8,Low,12038,3629,Continue Route
2025-04-09 23:00:00,C288,Banana,Delhi,Pune,41,78,1022,3.3,71.9,288,Sunny,29,1,High,117382,26443,Redirect to Nearby Market
2025-04-10 00:00:00,C011,Orange,Bengaluru,Bengaluru,38,56,1035,17.4,61.2,147,Clear,31,1,High,93469,65866,Redirect to Nearby Market
2025-04-10 01:00:00,C282,Banana,Bengaluru,Hyderabad,39,39,995,9.1,12.9,141,Storm,29,1,High,138316,44183,Redirect to Nearby Market
2025-04-10 02:00:00,C103,Mango,Lucknow,Mumbai,29,67,1030,1.8,72.6,266,Storm,15,5,Medium,28085,8452,Monitor Shipment
2025-04-10 03:00:00,C103,Orange,Ahmedabad,Delhi,18,74,1032,17.5,32.0,212,Fog,14,6,Medium,43498,5095,Monitor Shipment
2025-04-10 04:00:00,C240,Apple,Pune,Chennai,27,70,1008,20.7,30.3,185,Fog,16,5,Medium,30675,6848,Monitor Shipment
2025-04-10 05:00:00,C267,Apple,Chennai,Delhi,31,41,1032,24.4,22.6,165,Clear,18,4,Medium,49926,18996,Monitor Shipment
2025-04-10 06:00:00,C127,Orange,Ahmedabad,Bengaluru,42,40,1027,23.9,76.1,41,Fog,23,3,High,129578,22445,Redirect to Nearby Market
2025-04-10 07:00:00,C260,Avocado,Mumbai,Chennai,20,68,998,6.7,52.7,37,Rainy,29,1,High,136432,21644,Redirect to Nearby Market
2025-04-10 08:00:00,C208,Avocado,Mumbai,Mumbai,40,61,1002,1.5,99.9,88,Cloudy,11,7,Low,9102,1646,Continue Route
2025-04-10 09:00:00,C125,Apple,Pune,Bengaluru,30,43,1024,4.1,95.9,48,Fog,8,8,Low,11018,1916,Continue Route
2025-04-10 10:00:00,C065,Avocado,Chennai,Bengaluru,21,84,1025,2.3,73.1,178,Fog,7,8,Low,9357,3702,Continue Route
2025-04-10 11:00:00,C044,Apple,Mumbai,Pune,35,66,985,1.2,49.0,133,Storm,6,8,Low,11389,1112,Continue Route
2025-04-10 12:00:00,C132,Avocado,Ahmedabad,Hyderabad,36,25,1031,5.5,45.1,321,Sunny,17,5,Medium,17025,7544,Monitor Shipment
2025-04-10 13:00:00,C084,Avocado,Mumbai,Bengaluru,24,77,1029,10.9,21.6,42,Cloudy,24,2,High,87854,40265,Redirect to Nearby Market
2025-04-10 14:00:00,C022,Orange,Jaipur,Delhi,42,42,1011,5.6,50.4,336,Fog,5,9,Low,6648,1860,Continue Route
2025-04-10 15:00:00,C193,Avocado,Jaipur,Bengaluru,32,29,1002,4.5,24.1,150,Rainy,11,7,Low,13531,4229,Continue Route
2025-04-10 16:00:00,C252,Banana,Bengaluru,Delhi,25,46,1030,8.2,89.2,123,Clear,35,1,High,92611,77769,Redirect to Nearby Market
2025-04-10 17:00:00,C059,Banana,Bengaluru,Bengaluru,38,91,1029,21.2,62.0,205,Rainy,5,9,Low,12369,3308,Continue Route
2025-04-10 18:00:00,C106,Orange,Bengaluru,Chennai,24,65,990,14.5,41.8,84,Fog,31,1,High,101895,57521,Redirect to Nearby Market
2025-04-10 19:00:00,C148,Orange,Kolkata,Bengaluru,41,42,982,22.5,20.3,96,Fog,12,6,Medium,42647,11825,Monitor Shipment
2025-04-10 20:00:00,C045,Avocado,Jaipur,Pune,29,44,990,5.2,20.4,99,Storm,21,3,High,73552,34110,Redirect to Nearby Market
2025-04-10 21:00:00,C121,Mango,Mumbai,Chennai,40,92,1019,21.3,86.2,102,Sunny,18,4,Medium,18585,19735,Monitor Shipment
2025-04-10 22:00:00,C049,Apple,Kolkata,Hyderabad,31,41,980,16.7,56.3,160,Sunny,30,1,High,69982,24070,Redirect to Nearby Market
2025-04-10 23:00:00,C013,Avocado,Ahmedabad,Bengaluru,42,77,1018,10.8,3.0,220,Sunny,25,2,High,95010,49176,Redirect to Nearby Market
2025-04-11 00:00:00,C034,Orange,Lucknow,Delhi,42,55,1020,2.7,60.1,130,Rainy,18,4,Medium,15362,5206,Monitor Shipment
2025-04-11 01:00:00,C094,Banana,Hyderabad,Hyderabad,27,68,1032,5.4,26.1,196,Sunny,35,1,High,66994,77811,Redirect to Nearby Market
2025-04-11 02:00:00,C253,Mango,Mumbai,Bengaluru,32,36,1007,5.1,59.3,148,Sunny,35,1,High,54337,32308,Redirect to Nearby Market
2025-04-11 03:00:00,C281,Orange,Jaipur,Hyderabad,21,42,984,20.6,46.5,153,Storm,5,9,Low,12375,3861,Continue Route
2025-04-11 04:00:00,C017,Orange,Chennai,Pune,19,50,999,4.1,19.5,129,Rainy,7,8,Low,7740,4530,Continue Route
2025-04-11 05:00:00,C159,Orange,Chennai,Delhi,41,72,997,4.5,8.5,317,Sunny,18,4,Medium,22200,9704,Monitor Shipment
2025-04-11 06:00:00,C052,Orange,Bengaluru,Delhi,31,29,1027,16.5,35.6,134,Rainy,31,1,High,129075,42340,Redirect to Nearby Market
2025-04-11 07:00:00,C018,Avocado,Pune,Bengaluru,28,48,1023,10.1,58.6,223,Fog,5,9,Low,8278,2986,Continue Route
2025-04-11 08:00:00,C015,Apple,Jaipur,Bengaluru,31,68,999,21.8,43.1,45,Rainy,15,5,Medium,42702,5445,Monitor Shipment
2025-04-11 09:00:00,C162,Mango,Lucknow,Hyderabad,23,83,1005,16.6,110.0,257,Rainy,25,2,High,148677,46547,Redirect to Nearby Market
2025-04-11 10:00:00,C180,Mango,Jaipur,Bengaluru,39,31,1027,17.8,62.6,337,Clear,22,3,High,69810,41880,Redirect to Nearby Market
2025-04-11 11:00:00,C085,Orange,Kolkata,Hyderabad,28,51,993,22.1,67.1,45,Clear,21,3,High,83593,32958,Redirect to Nearby Market
2025-04-11 12:00:00,C265,Banana,Hyderabad,Delhi,28,40,1029,2.7,100.0,102,Rainy,23,3,High,125535,44881,Redirect to Nearby Market
2025-04-11 13:00:00,C216,Banana,Chennai,Pune,21,87,1029,7.0,22.2,44,Clear,6,8,Low,6671,4679,Continue Route
2025-04-11 14:00:00,C267,Banana,Jaipur,Hyderabad,19,58,986,5.1,44.0,275,Sunny,18,4,Medium,37100,15579,Monitor Shipment
2025-04-11 15:00:00,C024,Orange,Delhi,Chennai,41,30,988,20.7,66.2,342,Storm,25,2,High,53728,61259,Redirect to Nearby Market
2025-04-11 16:00:00,C152,Avocado,Hyderabad,Mumbai,23,71,1032,21.7,103.9,267,Clear,21,3,High,95892,46214,Redirect to Nearby Market
2025-04-11 17:00:00,C214,Apple,Kolkata,Mumbai,19,37,1031,7.8,66.6,306,Sunny,25,2,High,91417,36543,Redirect to Nearby Market
2025-04-11 18:00:00,C110,Avocado,Chennai,Bengaluru,19,94,1029,9.6,37.3,67,Rainy,19,4,Medium,44745,10806,Monitor Shipment
2025-04-11 19:00:00,C137,Apple,Kolkata,Chennai,29,84,1012,18.1,5.4,175,Fog,15,5,Medium,37778,8987,Monitor Shipment
2025-04-11 20:00:00,C136,Banana,Kolkata,Bengaluru,33,45,993,4.4,80.4,65,Sunny,33,1,High,62230,65324,Redirect to Nearby Market
2025-04-11 21:00:00,C188,Avocado,Ahmedabad,Delhi,25,63,1022,1.3,18.4,307,Storm,27,1,High,129710,75071,Redirect to Nearby Market
2025-04-11 22:00:00,C296,Apple,Delhi,Bengaluru,23,73,991,21.7,76.1,217,Sunny,30,1,High,94984,34674,Redirect to Nearby Market
2025-04-11 23:00:00,C250,Banana,Bengaluru,Chennai,38,62,1033,18.2,43.9,200,Clear,32,1,High,119705,42139,Redirect to Nearby Market
2025-04-12 00:00:00,C083,Orange,Lucknow,Delhi,28,43,989,9.6,51.9,172,Cloudy,32,1,High,89251,79000,Redirect to Nearby Market
2025-04-12 01:00:00,C282,Apple,Jaipur,Chennai,27,36,1026,16.0,50.1,115,Rainy,23,3,High,79042,40522,Redirect to Nearby Market
2025-04-12 02:00:00,C239,Apple,Kolkata,Chennai,25,42,999,24.4,3.2,39,Rainy,15,5,Medium,17734,11627,Monitor Shipment
2025-04-12 03:00:00,C219,Mango,Lucknow,Chennai,28,72,991,7.3,9.1,135,Cloudy,22,3,High,132690,56512,Redirect to Nearby Market
2025-04-12 04:00:00,C286,Avocado,Jaipur,Chennai,37,74,1000,6.1,23.0,294,Sunny,10,7,Low,10467,3860,Continue Route
2025-04-12 05:00:00,C027,Avocado,Chennai,Pune,34,86,1015,19.7,109.3,130,Fog,6,8,Low,7356,2720,Continue Route
2025-04-12 06:00:00,C052,Avocado,Kolkata,Bengaluru,40,87,996,7.4,39.2,242,Cloudy,23,3,High,76351,22782,Redirect to Nearby Market
2025-04-12 07:00:00,C009,Orange,Kolkata,Hyderabad,24,28,1013,6.7,76.9,244,Rainy,9,7,Low,11089,3789,Continue Route
2025-04-12 08:00:00,C156,Banana,Kolkata,Bengaluru,41,93,1015,7.4,65.0,223,Storm,12,6,Medium,25190,11389,Monitor Shipment
2025-04-12 09:00:00,C222,Banana,Jaipur,Delhi,22,40,1008,4.2,89.3,265,Cloudy,6,8,Low,8501,4349,Continue Route
2025-04-12 10:00:00,C231,Apple,Jaipur,Pune,36,28,994,11.7,9.6,90,Storm,25,2,High,55977,75650,Redirect to Nearby Market
2025-04-12 11:00:00,C162,Apple,Hyderabad,Chennai,38,58,1019,3.2,111.6,299,Storm,18,4,Medium,17625,17664,Monitor Shipment
2025-04-12 12:00:00,C283,Mango,Hyderabad,Bengaluru,18,29,1029,2.9,45.5,157,Sunny,8,8,Low,9596,2907,Continue Route
2025-04-12 13:00:00,C195,Orange,Ahmedabad,Delhi,19,39,981,3.9,8.3,30,Cloudy,28,1,High,94997,54222,Redirect to Nearby Market
2025-04-12 14:00:00,C119,Avocado,Ahmedabad,Mumbai,36,79,1026,13.4,45.1,250,Storm,15,5,Medium,24381,19718,Monitor Shipment
2025-04-12 15:00:00,C137,Banana,Pune,Hyderabad,42,60,991,24.0,84.1,143,Storm,34,1,High,97091,76803,Redirect to Nearby Market
2025-04-12 16:00:00,C211,Mango,Lucknow,Pune,31,39,1018,2.8,62.0,272,Sunny,35,1,High,82601,77970,Redirect to Nearby Market
2025-04-12 17:00:00,C044,Apple,Kolkata,Mumbai,35,32,1013,13.3,52.3,82,Clear,17,5,Medium,30661,7915,Monitor Shipment
2025-04-12 18:00:00,C028,Apple,Hyderabad,Mumbai,18,28,1011,6.8,71.3,304,Clear,6,8,Low,13818,2358,Continue Route
2025-04-12 19:00:00,C243,Orange,Pune,Bengaluru,36,41,989,15.4,32.3,126,Fog,29,1,High,146829,48088,Redirect to Nearby Market
2025-04-12 20:00:00,C125,Orange,Hyderabad,Delhi,23,70,1031,17.4,7.4,30,Sunny,29,1,High,78421,75684,Redirect to Nearby Market
2025-04-12 21:00:00,C022,Apple,Delhi,Pune,25,87,1000,19.2,44.5,268,Fog,21,3,High,62535,64583,Redirect to Nearby Market
2025-04-12 22:00:00,C067,Mango,Mumbai,Delhi,27,40,1027,7.9,117.2,170,Cloudy,31,1,High,90337,60111,Redirect to Nearby Market
2025-04-12 23:00:00,C083,Mango,Bengaluru,Chennai,37,73,1029,22.0,110.6,301,Sunny,14,6,Medium,36758,14848,Monitor Shipment
2025-04-13 00:00:00,C224,Avocado,Chennai,Mumbai,23,32,1027,9.4,0.3,297,Cloudy,16,5,Medium,25515,13414,Monitor Shipment
2025-04-13 01:00:00,C005,Avocado,Hyderabad,Delhi,18,61,1035,3.7,57.2,275,Storm,30,1,High,83413,32708,Redirect to Nearby Market
2025-04-13 02:00:00,C081,Avocado,Kolkata,Mumbai,26,66,993,22.5,71.8,145,Sunny,29,1,High,145393,72524,Redirect to Nearby Market
2025-04-13 03:00:00,C005,Orange,Ahmedabad,Pune,33,53,986,12.5,26.5,328,Storm,9,7,Low,10156,1620,Continue Route
2025-04-13 04:00:00,C004,Avocado,Delhi,Chennai,41,82,1003,18.6,104.4,332,Fog,5,9,Low,11456,4586,Continue Route
2025-04-13 05:00:00,C092,Mango,Hyderabad,Bengaluru,33,41,1023,11.4,72.1,165,Rainy,10,7,Low,9806,3419,Continue Route
2025-04-13 06:00:00,C105,Avocado,Bengaluru,Delhi,26,33,1021,5.8,90.3,135,Fog,33,1,High,141303,55010,Redirect to Nearby Market
2025-04-13 07:00:00,C053,Banana,Jaipur,Delhi,30,36,1033,14.8,4.6,158,Clear,13,6,Medium,26556,8084,Monitor Shipment
2025-04-13 08:00:00,C096,Avocado,Hyderabad,Hyderabad,39,91,991,11.3,117.0,142,Fog,34,1,High,131652,50146,Redirect to Nearby Market
2025-04-13 09:00:00,C224,Apple,Ahmedabad,Bengaluru,31,46,988,14.6,64.1,140,Rainy,26,2,High,55450,70531,Redirect to Nearby Market
2025-04-13 10:00:00,C202,Banana,Bengaluru,Delhi,38,90,1017,16.8,73.1,247,Rainy,28,1,High,90183,48159,Redirect to Nearby Market
2025-04-13 11:00:00,C285,Apple,Pune,Mumbai,40,67,997,5.2,35.2,94,Cloudy,13,6,Medium,22553,13722,Monitor Shipment
2025-04-13 12:00:00,C203,Apple,Jaipur,Hyderabad,21,59,1005,21.8,109.4,223,Fog,27,1,High,72802,59041,Redirect to Nearby Market
2025-04-13 13:00:00,C110,Avocado,Delhi,Pune,19,74,1031,19.4,105.2,233,Fog,19,4,Medium,43268,13121,Monitor Shipment
2025-04-13 14:00:00,C276,Mango,Mumbai,Chennai,33,47,1016,6.5,55.0,334,Cloudy,25,2,High,138759,39482,Redirect to Nearby Market
2025-04-13 15:00:00,C223,Apple,Lucknow,Bengaluru,32,56,988,17.4,40.4,334,Clear,21,3,High,75510,60651,Redirect to Nearby Market
2025-04-13 16:00:00,C259,Banana,Ahmedabad,Pune,25,70,1018,19.0,102.0,276,Cloudy,14,6,Medium,45504,5498,Monitor Shipment
2025-04-13 17:00:00,C191,Mango,Chennai,Pune,36,76,995,14.4,51.0,328,Clear,28,1,High,84589,27314,Redirect to Nearby Market
2025-04-13 18:00:00,C197,Apple,Bengaluru,Bengaluru,31,53,1035,19.3,23.6,291,Rainy,24,2,High,121237,53371,Redirect to Nearby Market
2025-04-13 19:00:00,C282,Mango,Chennai,Pune,19,59,986,24.8,38.7,322,Clear,16,5,Medium,19059,10761,Monitor Shipment
2025-04-13 20:00:00,C058,Avocado,Kolkata,Bengaluru,24,77,988,1.6,66.3,334,Clear,10,7,Low,7184,3508,Continue Route
2025-04-13 21:00:00,C039,Apple,Kolkata,Bengaluru,22,65,1009,6.8,23.4,107,Rainy,32,1,High,102509,27656,Redirect to Nearby Market
2025-04-13 22:00:00,C016,Orange,Ahmedabad,Mumbai,19,85,995,14.4,92.6,308,Cloudy,35,1,High,61288,50319,Redirect to Nearby Market
2025-04-13 23:00:00,C005,Mango,Lucknow,Pune,40,52,989,5.8,100.2,137,Storm,10,7,Low,10906,3692,Continue Route
2025-04-14 00:00:00,C062,Mango,Bengaluru,Hyderabad,35,93,1026,7.4,72.4,150,Storm,13,6,Medium,28962,10687,Monitor Shipment
2025-04-14 01:00:00,C011,Orange,Pune,Hyderabad,32,70,996,3.1,105.3,156,Rainy,15,5,Medium,26373,14956,Monitor Shipment
2025-04-14 02:00:00,C298,Banana,Mumbai,Chennai,42,45,1009,15.1,88.2,196,Clear,20,4,Medium,32453,8299,Monitor Shipment
2025-04-14 03:00:00,C073,Apple,Mumbai,Chennai,29,84,995,8.2,108.2,304,Storm,7,8,Low,12388,4557,Continue Route
2025-04-14 04:00:00,C056,Apple,Bengaluru,Bengaluru,26,49,1023,6.1,103.4,218,Fog,12,6,Medium,38704,6557,Monitor Shipment
2025-04-14 05:00:00,C182,Mango,Pune,Hyderabad,42,69,1033,1.7,49.5,252,Cloudy,21,3,High,105626,56187,Redirect to Nearby Market
2025-04-14 06:00:00,C081,Apple,Kolkata,Hyderabad,30,30,1007,18.3,74.0,297,Storm,31,1,High,52975,62877,Redirect to Nearby Market
2025-04-14 07:00:00,C013,Avocado,Chennai,Hyderabad,20,28,980,22.8,89.6,105,Fog,5,9,Low,7315,4086,Continue Route
2025-04-14 08:00:00,C124,Orange,Kolkata,Mumbai,39,74,1015,0.6,99.7,280,Cloudy,24,2,High,68048,76890,Redirect to Nearby Market
2025-04-14 09:00:00,C074,Apple,Chennai,Delhi,23,32,1020,16.5,112.2,85,Clear,12,6,Medium,27518,9683,Monitor Shipment
2025-04-14 10:00:00,C152,Avocado,Pune,Mumbai,41,84,1028,15.7,29.5,272,Sunny,35,1,High,129458,79430,Redirect to Nearby Market
2025-04-14 11:00:00,C273,Apple,Pune,Pune,31,47,1019,19.4,10.7,172,Sunny,31,1,High,102136,79022,Redirect to Nearby Market
2025-04-14 12:00:00,C164,Mango,Ahmedabad,Chennai,18,42,1028,16.3,38.5,198,Rainy,23,3,High,146666,74293,Redirect to Nearby Market
2025-04-14 13:00:00,C113,Avocado,Lucknow,Pune,38,50,1003,23.9,19.2,53,Clear,15,5,Medium,40025,14955,Monitor Shipment
2025-04-14 14:00:00,C012,Banana,Bengaluru,Delhi,30,63,988,13.0,80.6,30,Rainy,15,5,Medium,39033,16414,Monitor Shipment
2025-04-14 15:00:00,C243,Avocado,Chennai,Pune,38,32,1020,22.8,58.3,263,Rainy,14,6,Medium,31419,5555,Monitor Shipment
2025-04-14 16:00:00,C085,Orange,Bengaluru,Mumbai,41,88,1001,17.1,87.9,170,Sunny,19,4,Medium,34893,17899,Monitor Shipment
2025-04-14 17:00:00,C184,Avocado,Chennai,Hyderabad,26,54,1006,3.8,21.7,252,Cloudy,18,4,Medium,31578,7280,Monitor Shipment
2025-04-14 18:00:00,C061,Banana,Hyderabad,Bengaluru,26,91,1002,2.6,94.7,226,Rainy,20,4,Medium,18206,8170,Monitor Shipment
2025-04-14 19:00:00,C271,Mango,Mumbai,Chennai,30,68,1022,8.8,89.9,298,Fog,34,1,High,67310,22502,Redirect to Nearby Market
2025-04-14 20:00:00,C255,Banana,Lucknow,Mumbai,20,57,1027,16.0,99.5,101,Storm,23,3,High,95358,68346,Redirect to Nearby Market
2025-04-14 21:00:00,C233,Banana,Jaipur,Hyderabad,21,34,1035,16.7,55.1,200,Clear,25,2,High,102293,40346,Redirect to Nearby Market
2025-04-14 22:00:00,C004,Orange,Hyderabad,Pune,21,61,1012,11.7,35.4,182,Rainy,19,4,Medium,36017,16907,Monitor Shipment
2025-04-14 23:00:00,C258,Avocado,Chennai,Bengaluru,38,71,984,4.3,75.5,333,Cloudy,23,3,High,117581,56780,Redirect to Nearby Market
2025-04-15 00:00:00,C190,Apple,Jaipur,Chennai,41,70,1026,1.4,95.5,185,Clear,32,1,High,111186,39651,Redirect to Nearby Market
2025-04-15 01:00:00,C041,Mango,Bengaluru,Pune,18,61,990,10.5,77.0,83,Cloudy,24,2,High,78682,40102,Redirect to Nearby Market
2025-04-15 02:00:00,C070,Apple,Hyderabad,Pune,42,62,1017,18.7,4.3,211,Rainy,8,8,Low,13489,4941,Continue Route
2025-04-15 03:00:00,C116,Apple,Delhi,Chennai,38,48,1018,13.3,57.5,151,Sunny,31,1,High,81129,50292,Redirect to Nearby Market
2025-04-15 04:00:00,C153,Banana,Kolkata,Bengaluru,18,63,980,21.9,17.6,277,Clear,13,6,Medium,19146,12098,Monitor Shipment
2025-04-15 05:00:00,C132,Mango,Lucknow,Hyderabad,40,88,983,5.4,109.1,291,Cloudy,6,8,Low,10364,2056,Continue Route
2025-04-15 06:00:00,C187,Mango,Delhi,Hyderabad,40,42,1023,5.4,74.0,250,Fog,26,2,High,86349,41879,Redirect to Nearby Market
2025-04-15 07:00:00,C192,Mango,Bengaluru,Delhi,31,94,999,9.2,64.9,315,Clear,19,4,Medium,16471,13805,Monitor Shipment
2025-04-15 08:00:00,C007,Orange,Mumbai,Hyderabad,18,74,985,24.9,3.3,92,Sunny,7,8,Low,11625,4550,Continue Route
2025-04-15 09:00:00,C027,Banana,Hyderabad,Mumbai,40,61,1000,19.2,6.0,92,Clear,14,6,Medium,18533,14959,Monitor Shipment
2025-04-15 10:00:00,C228,Apple,Jaipur,Bengaluru,23,73,985,17.8,27.3,252,Storm,14,6,Medium,35560,6738,Monitor Shipment
2025-04-15 11:00:00,C002,Avocado,Jaipur,Delhi,39,67,1013,2.0,98.8,203,Fog,21,3,High,61048,51950,Redirect to Nearby Market
2025-04-15 12:00:00,C282,Mango,Lucknow,Mumbai,19,76,1025,22.3,91.3,88,Fog,30,1,High,146705,79735,Redirect to Nearby Market
2025-04-15 13:00:00,C106,Mango,Lucknow,Mumbai,28,41,1030,2.3,37.1,99,Clear,5,9,Low,13662,3286,Continue Route
2025-04-15 14:00:00,C243,Banana,Ahmedabad,Pune,29,27,1026,4.7,95.2,111,Rainy,11,7,Low,8736,3467,Continue Route
2025-04-15 15:00:00,C275,Apple,Jaipur,Chennai,31,76,1028,4.8,38.1,173,Storm,16,5,Medium,18194,6951,Monitor Shipment
2025-04-15 16:00:00,C233,Apple,Mumbai,Hyderabad,24,93,1028,19.5,108.5,218,Storm,28,1,High,143968,69036,Redirect to Nearby Market
2025-04-15 17:00:00,C077,Avocado,Chennai,Chennai,41,44,1009,8.2,79.3,64,Cloudy,10,7,Low,6215,2746,Continue Route
2025-04-15 18:00:00,C298,Banana,Mumbai,Chennai,20,47,1017,1.5,101.1,110,Sunny,20,4,Medium,46556,13993,Monitor Shipment
2025-04-15 19:00:00,C073,Avocado,Hyderabad,Delhi,29,25,1005,16.7,51.5,265,Fog,12,6,Medium,22147,17303,Monitor Shipment
2025-04-15 20:00:00,C128,Banana,Mumbai,Mumbai,31,30,987,1.9,77.8,166,Sunny,12,6,Medium,48889,19210,Monitor Shipment
2025-04-15 21:00:00,C266,Apple,Delhi,Pune,31,26,1035,24.2,23.2,247,Rainy,25,2,High,77813,67197,Redirect to Nearby Market
2025-04-15 22:00:00,C162,Banana,Hyderabad,Chennai,40,68,1020,24.5,83.9,314,Cloudy,30,1,High,106936,39717,Redirect to Nearby Market
2025-04-15 23:00:00,C135,Avocado,Hyderabad,Delhi,32,29,1019,5.6,15.3,271,Fog,21,3,High,87726,34120,Redirect to Nearby Market
2025-04-16 00:00:00,C158,Banana,Delhi,Mumbai,40,69,1007,10.6,119.5,238,Storm,26,2,High,122689,41008,Redirect to Nearby Market
2025-04-16 01:00:00,C286,Banana,Ahmedabad,Chennai,39,70,1016,20.4,83.7,177,Cloudy,15,5,Medium,22380,18725,Monitor Shipment
2025-04-16 02:00:00,C094,Banana,Delhi,Mumbai,20,36,1028,15.1,8.8,63,Clear,13,6,Medium,16898,5136,Monitor Shipment
2025-04-16 03:00:00,C132,Banana,Delhi,Hyderabad,33,66,984,6.6,30.5,109,Sunny,24,2,High,106198,36013,Redirect to Nearby Market
2025-04-16 04:00:00,C270,Avocado,Bengaluru,Mumbai,32,30,1024,0.5,40.7,225,Storm,35,1,High,91915,29010,Redirect to Nearby Market
2025-04-16 05:00:00,C171,Apple,Chennai,Pune,30,38,985,5.2,118.9,338,Rainy,15,5,Medium,38385,15139,Monitor Shipment
2025-04-16 06:00:00,C144,Orange,Bengaluru,Chennai,29,34,1026,16.1,50.4,34,Storm,10,7,Low,6371,2647,Continue Route
2025-04-16 07:00:00,C035,Avocado,Chennai,Pune,37,50,1013,4.8,45.1,96,Rainy,26,2,High,50962,69775,Redirect to Nearby Market
2025-04-16 08:00:00,C119,Banana,Delhi,Mumbai,29,39,1015,21.3,49.1,187,Fog,25,2,High,137060,64608,Redirect to Nearby Market
2025-04-16 09:00:00,C197,Mango,Lucknow,Chennai,28,87,992,18.8,118.7,237,Rainy,15,5,Medium,17616,11402,Monitor Shipment
2025-04-16 10:00:00,C165,Orange,Delhi,Chennai,32,60,1035,22.4,108.4,146,Cloudy,31,1,High,122976,69172,Redirect to Nearby Market
2025-04-16 11:00:00,C242,Apple,Ahmedabad,Mumbai,26,44,990,14.2,86.3,135,Clear,20,4,Medium,17064,9207,Monitor Shipment
2025-04-16 12:00:00,C017,Apple,Jaipur,Delhi,27,31,983,8.5,23.7,156,Clear,5,9,Low,14346,4414,Continue Route
2025-04-16 13:00:00,C168,Mango,Hyderabad,Pune,27,80,1025,0.6,21.3,149,Sunny,32,1,High,143474,67083,Redirect to Nearby Market
2025-04-16 14:00:00,C164,Banana,Delhi,Mumbai,31,43,1033,10.8,76.5,189,Storm,18,4,Medium,33535,16367,Monitor Shipment
2025-04-16 15:00:00,C287,Apple,Lucknow,Mumbai,36,62,1021,8.6,27.1,294,Clear,8,8,Low,8032,2667,Continue Route
2025-04-16 16:00:00,C035,Mango,Chennai,Pune,35,65,990,18.1,9.9,130,Storm,34,1,High,72832,34320,Redirect to Nearby Market
2025-04-16 17:00:00,C116,Avocado,Jaipur,Pune,30,81,981,13.1,112.7,206,Sunny,28,1,High,51864,51639,Redirect to Nearby Market
2025-04-16 18:00:00,C020,Mango,Chennai,Bengaluru,28,71,1032,9.4,82.1,350,Cloudy,25,2,High,93335,47598,Redirect to Nearby Market
2025-04-16 19:00:00,C146,Orange,Pune,Delhi,42,79,1003,14.5,63.0,50,Fog,14,6,Medium,41826,8822,Monitor Shipment
2025-04-16 20:00:00,C140,Avocado,Ahmedabad,Mumbai,29,90,1026,24.2,109.5,85,Storm,15,5,Medium,31999,8857,Monitor Shipment
2025-04-16 21:00:00,C060,Mango,Lucknow,Chennai,19,71,1002,11.4,13.4,198,Rainy,35,1,High,127564,71365,Redirect to Nearby Market
2025-04-16 22:00:00,C181,Orange,Mumbai,Delhi,38,63,1034,17.5,99.8,65,Storm,33,1,High,75999,41187,Redirect to Nearby Market
2025-04-16 23:00:00,C275,Mango,Chennai,Hyderabad,27,71,983,8.8,22.6,264,Rainy,30,1,High,126957,34269,Redirect to Nearby Market
2025-04-17 00:00:00,C049,Mango,Delhi,Mumbai,36,49,1032,3.4,19.9,335,Sunny,33,1,High,117549,32702,Redirect to Nearby Market
2025-04-17 01:00:00,C260,Mango,Mumbai,Delhi,26,41,1001,1.3,119.0,159,Storm,26,2,High,114104,37253,Redirect to Nearby Market
2025-04-17 02:00:00,C253,Orange,Bengaluru,Delhi,27,42,1015,6.5,34.2,251,Clear,8,8,Low,14272,3168,Continue Route
2025-04-17 03:00:00,C163,Banana,Jaipur,Mumbai,22,67,1019,13.7,5.4,82,Clear,31,1,High,91923,67245,Redirect to Nearby Market
2025-04-17 04:00:00,C184,Avocado,Ahmedabad,Delhi,36,29,1004,0.5,99.2,308,Sunny,22,3,High,65565,62097,Redirect to Nearby Market
2025-04-17 05:00:00,C001,Orange,Jaipur,Delhi,28,50,1010,5.1,107.6,317,Cloudy,24,2,High,114685,78797,Redirect to Nearby Market
2025-04-17 06:00:00,C091,Avocado,Delhi,Pune,31,89,1017,23.8,109.7,69,Storm,27,1,High,68215,42482,Redirect to Nearby Market
2025-04-17 07:00:00,C207,Apple,Lucknow,Mumbai,41,79,998,13.0,50.0,293,Sunny,32,1,High,112538,77632,Redirect to Nearby Market
2025-04-17 08:00:00,C057,Mango,Pune,Delhi,30,81,1029,3.3,80.5,233,Fog,12,6,Medium,41214,15473,Monitor Shipment
2025-04-17 09:00:00,C265,Orange,Mumbai,Bengaluru,32,35,1008,12.8,45.8,79,Fog,12,6,Medium,20666,17168,Monitor Shipment
2025-04-17 10:00:00,C187,Orange,Ahmedabad,Chennai,28,68,1017,19.0,71.1,111,Clear,24,2,High,144417,55935,Redirect to Nearby Market
2025-04-17 11:00:00,C082,Apple,Delhi,Delhi,31,51,990,7.5,1.8,200,Rainy,28,1,High,123285,43266,Redirect to Nearby Market
2025-04-17 12:00:00,C283,Mango,Mumbai,Mumbai,30,31,1025,2.8,22.0,222,Cloudy,21,3,High,125534,50970,Redirect to Nearby Market
2025-04-17 13:00:00,C047,Mango,Jaipur,Hyderabad,37,60,996,18.1,95.2,264,Clear,29,1,High,138815,53297,Redirect to Nearby Market
2025-04-17 14:00:00,C088,Mango,Mumbai,Hyderabad,42,44,1029,13.2,70.2,346,Fog,26,2,High,63451,62376,Redirect to Nearby Market
2025-04-17 15:00:00,C213,Mango,Delhi,Hyderabad,40,38,1015,21.8,24.6,95,Sunny,12,6,Medium,17071,11058,Monitor Shipment
2025-04-17 16:00:00,C201,Apple,Pune,Mumbai,39,26,1016,19.1,20.1,257,Rainy,9,7,Low,5427,4175,Continue Route
2025-04-17 17:00:00,C287,Banana,Kolkata,Pune,30,91,996,17.0,32.8,183,Sunny,22,3,High,86348,36352,Redirect to Nearby Market
2025-04-17 18:00:00,C064,Orange,Hyderabad,Hyderabad,25,50,1035,4.5,63.2,120,Storm,13,6,Medium,38924,14901,Monitor Shipment
2025-04-17 19:00:00,C192,Apple,Lucknow,Mumbai,31,33,1013,7.2,118.7,271,Clear,16,5,Medium,36424,7231,Monitor Shipment
2025-04-17 20:00:00,C094,Banana,Jaipur,Mumbai,29,57,1034,15.6,27.1,175,Sunny,19,4,Medium,41411,15697,Monitor Shipment
2025-04-17 21:00:00,C234,Orange,Lucknow,Pune,40,75,1026,21.7,83.1,184,Cloudy,9,7,Low,7362,1712,Continue Route
2025-04-17 22:00:00,C291,Mango,Chennai,Delhi,35,37,1006,7.9,112.3,340,Cloudy,20,4,Medium,45316,10234,Monitor Shipment
2025-04-17 23:00:00,C199,Banana,Jaipur,Chennai,24,40,983,9.9,48.3,149,Fog,20,4,Medium,28650,18693,Monitor Shipment
2025-04-18 00:00:00,C070,Apple,Delhi,Delhi,26,76,1020,9.2,97.3,204,Sunny,35,1,High,139041,74872,Redirect to Nearby Market
2025-04-18 01:00:00,C119,Avocado,Chennai,Mumbai,19,57,993,18.6,3.8,282,Storm,33,1,High,66497,56452,Redirect to Nearby Market
2025-04-18 02:00:00,C199,Avocado,Lucknow,Delhi,24,74,984,0.9,106.9,311,Rainy,7,8,Low,5955,4354,Continue Route
2025-04-18 03:00:00,C210,Apple,Mumbai,Mumbai,40,41,1002,12.2,98.2,266,Sunny,27,1,High,79506,32570,Redirect to Nearby Market
2025-04-18 04:00:00,C189,Banana,Ahmedabad,Mumbai,27,40,992,10.4,55.1,272,Rainy,23,3,High,61921,68178,Redirect to Nearby Market
2025-04-18 05:00:00,C243,Apple,Hyderabad,Bengaluru,27,57,1006,13.5,82.7,235,Storm,8,8,Low,8416,3376,Continue Route
2025-04-18 06:00:00,C140,Mango,Lucknow,Delhi,37,90,986,4.0,31.2,105,Fog,19,4,Medium,15131,13255,Monitor Shipment
2025-04-18 07:00:00,C167,Mango,Ahmedabad,Chennai,18,32,1009,11.2,111.4,58,Cloudy,26,2,High,61025,74237,Redirect to Nearby Market
2025-04-18 08:00:00,C245,Apple,Lucknow,Bengaluru,28,41,1019,11.5,32.9,268,Clear,6,8,Low,10387,2585,Continue Route
2025-04-18 09:00:00,C174,Apple,Chennai,Bengaluru,22,75,1025,12.5,23.6,299,Clear,27,1,High,60478,73776,Redirect to Nearby Market
2025-04-18 10:00:00,C034,Apple,Pune,Mumbai,29,35,1011,19.3,11.4,314,Sunny,8,8,Low,5553,1722,Continue Route
2025-04-18 11:00:00,C229,Apple,Pune,Delhi,19,44,1018,13.6,57.4,225,Storm,6,8,Low,11787,2349,Continue Route
2025-04-18 12:00:00,C007,Banana,Lucknow,Hyderabad,31,81,1031,0.9,96.1,144,Storm,28,1,High,97468,22185,Redirect to Nearby Market
2025-04-18 13:00:00,C071,Banana,Ahmedabad,Bengaluru,18,66,1015,0.5,99.5,297,Clear,19,4,Medium,21444,15783,Monitor Shipment
2025-04-18 14:00:00,C095,Orange,Jaipur,Mumbai,26,82,1035,15.6,8.3,88,Clear,18,4,Medium,15526,15872,Monitor Shipment
2025-04-18 15:00:00,C184,Apple,Delhi,Delhi,20,90,1012,0.5,76.3,69,Clear,6,8,Low,6156,1205,Continue Route
2025-04-18 16:00:00,C190,Orange,Mumbai,Delhi,39,51,1034,21.7,60.9,138,Sunny,25,2,High,99170,44418,Redirect to Nearby Market
2025-04-18 17:00:00,C073,Apple,Bengaluru,Pune,31,86,1022,6.1,109.1,43,Storm,22,3,High,71189,70148,Redirect to Nearby Market
2025-04-18 18:00:00,C107,Mango,Jaipur,Bengaluru,42,93,987,14.0,2.1,183,Cloudy,26,2,High,83865,36478,Redirect to Nearby Market
2025-04-18 19:00:00,C079,Mango,Jaipur,Delhi,21,71,990,13.4,119.8,147,Clear,14,6,Medium,20601,12565,Monitor Shipment
2025-04-18 20:00:00,C135,Apple,Jaipur,Hyderabad,33,94,1018,10.6,75.6,330,Clear,5,9,Low,11428,1493,Continue Route
2025-04-18 21:00:00,C195,Avocado,Bengaluru,Delhi,35,30,980,0.9,37.6,303,Cloudy,24,2,High,65763,42237,Redirect to Nearby Market
2025-04-18 22:00:00,C031,Mango,Ahmedabad,Delhi,30,76,1030,17.4,25.8,213,Clear,33,1,High,126216,42417,Redirect to Nearby Market
2025-04-18 23:00:00,C175,Avocado,Delhi,Delhi,40,45,982,6.8,54.5,127,Rainy,14,6,Medium,40455,9836,Monitor Shipment
2025-04-19 00:00:00,C083,Orange,Pune,Delhi,18,25,1007,20.7,75.0,198,Cloudy,8,8,Low,10675,4265,Continue Route
2025-04-19 01:00:00,C058,Orange,Pune,Delhi,31,47,1030,9.0,52.8,164,Fog,14,6,Medium,37480,9076,Monitor Shipment
2025-04-19 02:00:00,C134,Orange,Mumbai,Delhi,25,36,1026,24.7,5.5,257,Storm,20,4,Medium,19289,12886,Monitor Shipment
2025-04-19 03:00:00,C084,Banana,Hyderabad,Pune,20,66,1008,11.2,63.6,287,Rainy,9,7,Low,12834,3154,Continue Route
2025-04-19 04:00:00,C108,Apple,Hyderabad,Delhi,19,34,1012,24.7,101.3,53,Clear,22,3,High,117332,64029,Redirect to Nearby Market
2025-04-19 05:00:00,C207,Orange,Jaipur,Mumbai,36,47,1028,8.8,9.0,56,Storm,28,1,High,131476,59401,Redirect to Nearby Market
2025-04-19 06:00:00,C190,Mango,Lucknow,Pune,31,60,1006,19.2,45.1,68,Storm,17,5,Medium,42261,17717,Monitor Shipment
2025-04-19 07:00:00,C073,Orange,Kolkata,Bengaluru,42,83,1001,7.3,20.4,74,Rainy,21,3,High,127279,64283,Redirect to Nearby Market
2025-04-19 08:00:00,C094,Orange,Ahmedabad,Hyderabad,40,67,1014,9.6,75.8,59,Sunny,33,1,High,139473,69475,Redirect to Nearby Market
2025-04-19 09:00:00,C197,Orange,Delhi,Delhi,32,82,1035,17.2,82.8,216,Sunny,23,3,High,118334,71301,Redirect to Nearby Market
2025-04-19 10:00:00,C253,Orange,Pune,Chennai,26,75,983,0.9,57.8,135,Storm,14,6,Medium,28375,12601,Monitor Shipment
2025-04-19 11:00:00,C059,Avocado,Hyderabad,Hyderabad,29,42,1020,14.5,7.9,315,Sunny,11,7,Low,5061,3138,Continue Route
2025-04-19 12:00:00,C219,Mango,Lucknow,Hyderabad,32,73,993,19.9,79.7,251,Storm,15,5,Medium,23148,12575,Monitor Shipment
2025-04-19 13:00:00,C239,Avocado,Jaipur,Mumbai,25,85,1017,5.7,67.6,123,Clear,29,1,High,136103,31102,Redirect to Nearby Market
2025-04-19 14:00:00,C104,Mango,Bengaluru,Hyderabad,35,77,1001,22.8,77.3,36,Storm,7,8,Low,10959,4179,Continue Route
2025-04-19 15:00:00,C207,Banana,Jaipur,Pune,18,80,1033,19.3,87.2,62,Cloudy,34,1,High,141710,20851,Redirect to Nearby Market
2025-04-19 16:00:00,C203,Apple,Pune,Delhi,31,55,1035,24.3,61.5,290,Fog,32,1,High,51075,62054,Redirect to Nearby Market
2025-04-19 17:00:00,C197,Mango,Mumbai,Hyderabad,32,29,988,15.5,29.4,324,Storm,35,1,High,57931,63889,Redirect to Nearby Market
2025-04-19 18:00:00,C285,Apple,Jaipur,Delhi,23,45,993,13.3,82.5,320,Cloudy,27,1,High,144792,77588,Redirect to Nearby Market
2025-04-19 19:00:00,C147,Banana,Chennai,Chennai,23,81,1003,22.2,48.9,159,Rainy,6,8,Low,11650,4702,Continue Route
2025-04-19 20:00:00,C174,Banana,Pune,Hyderabad,23,42,1012,22.7,44.8,118,Cloudy,16,5,Medium,27480,14752,Monitor Shipment
2025-04-19 21:00:00,C281,Banana,Ahmedabad,Bengaluru,37,74,1030,8.3,49.2,343,Fog,19,4,Medium,20978,13479,Monitor Shipment
2025-04-19 22:00:00,C183,Orange,Chennai,Delhi,26,91,1019,21.6,60.3,290,Storm,19,4,Medium,41823,10597,Monitor Shipment
2025-04-19 23:00:00,C212,Avocado,Delhi,Mumbai,25,60,994,0.7,74.2,196,Fog,22,3,High,120072,23294,Redirect to Nearby Market
2025-04-20 00:00:00,C140,Orange,Mumbai,Chennai,38,29,988,23.5,90.2,273,Rainy,32,1,High,109155,76221,Redirect to Nearby Market
2025-04-20 01:00:00,C276,Mango,Delhi,Hyderabad,20,88,1018,18.2,95.5,53,Cloudy,7,8,Low,13903,2891,Continue Route
2025-04-20 02:00:00,C143,Mango,Hyderabad,Chennai,19,71,999,7.5,78.6,139,Rainy,13,6,Medium,17563,7974,Monitor Shipment
2025-04-20 03:00:00,C056,Orange,Mumbai,Pune,40,61,1024,2.2,99.2,189,Cloudy,21,3,High,129235,74509,Redirect to Nearby Market
2025-04-20 04:00:00,C122,Mango,Mumbai,Chennai,29,39,993,14.2,90.8,101,Rainy,30,1,High,139960,78098,Redirect to Nearby Market
2025-04-20 05:00:00,C100,Orange,Kolkata,Hyderabad,32,30,1028,18.4,26.8,199,Cloudy,5,9,Low,11367,2707,Continue Route
2025-04-20 06:00:00,C060,Avocado,Mumbai,Bengaluru,32,66,1003,10.1,61.4,74,Storm,34,1,High,68231,27000,Redirect to Nearby Market
2025-04-20 07:00:00,C251,Mango,Jaipur,Delhi,25,38,990,7.0,35.0,118,Clear,31,1,High,68397,79883,Redirect to Nearby Market
2025-04-20 08:00:00,C142,Mango,Jaipur,Hyderabad,25,51,1002,14.4,52.4,313,Fog,31,1,High,81101,52214,Redirect to Nearby Market
2025-04-20 09:00:00,C233,Banana,Kolkata,Pune,30,74,990,15.5,48.8,134,Fog,29,1,High,63283,65286,Redirect to Nearby Market
2025-04-20 10:00:00,C270,Mango,Mumbai,Bengaluru,41,53,1009,9.1,10.9,78,Rainy,30,1,High,92604,58225,Redirect to Nearby Market
2025-04-20 11:00:00,C273,Avocado,Bengaluru,Mumbai,35,60,1013,14.2,75.9,163,Cloudy,18,4,Medium,30236,8719,Monitor Shipment
2025-04-20 12:00:00,C123,Mango,Ahmedabad,Delhi,34,42,988,9.2,71.8,131,Sunny,11,7,Low,11786,1736,Continue Route
2025-04-20 13:00:00,C233,Orange,Hyderabad,Mumbai,24,58,994,9.5,28.6,312,Clear,6,8,Low,5329,2841,Continue Route
2025-04-20 14:00:00,C179,Mango,Hyderabad,Pune,34,86,984,16.8,59.7,203,Fog,6,8,Low,12865,4421,Continue Route
2025-04-20 15:00:00,C080,Mango,Kolkata,Chennai,40,87,994,4.3,34.2,179,Rainy,19,4,Medium,25743,17722,Monitor Shipment
2025-04-20 16:00:00,C233,Orange,Bengaluru,Mumbai,23,28,1011,17.2,67.9,318,Sunny,15,5,Medium,45470,10185,Monitor Shipment
2025-04-20 17:00:00,C159,Avocado,Jaipur,Mumbai,24,86,994,0.6,119.0,201,Rainy,19,4,Medium,45491,17205,Monitor Shipment
2025-04-20 18:00:00,C161,Apple,Kolkata,Bengaluru,36,32,1027,1.9,82.0,261,Fog,17,5,Medium,28476,7306,Monitor Shipment
2025-04-20 19:00:00,C101,Apple,Delhi,Chennai,26,91,986,11.7,109.6,290,Sunny,10,7,Low,7082,2199,Continue Route
2025-04-20 20:00:00,C277,Orange,Chennai,Pune,28,86,1021,5.5,24.0,258,Storm,19,4,Medium,36141,12138,Monitor Shipment
2025-04-20 21:00:00,C192,Banana,Delhi,Bengaluru,20,25,985,2.9,100.6,327,Fog,19,4,Medium,44263,7656,Monitor Shipment
2025-04-20 22:00:00,C042,Orange,Bengaluru,Bengaluru,26,58,1023,22.6,75.0,73,Sunny,16,5,Medium,20482,8650,Monitor Shipment
2025-04-20 23:00:00,C107,Orange,Pune,Chennai,26,77,999,6.3,47.5,268,Sunny,13,6,Medium,44190,12149,Monitor Shipment
2025-04-21 00:00:00,C295,Orange,Ahmedabad,Bengaluru,31,36,1005,20.6,102.2,320,Cloudy,10,7,Low,13636,2272,Continue Route
2025-04-21 01:00:00,C289,Mango,Lucknow,Delhi,42,94,1009,10.3,57.3,181,Clear,14,6,Medium,28375,14413,Monitor Shipment
2025-04-21 02:00:00,C133,Apple,Chennai,Bengaluru,41,28,1025,14.2,68.4,336,Rainy,21,3,High,106535,37261,Redirect to Nearby Market
2025-04-21 03:00:00,C144,Mango,Jaipur,Mumbai,30,50,1016,12.4,80.7,264,Cloudy,24,2,High,136987,48098,Redirect to Nearby Market
2025-04-21 04:00:00,C300,Orange,Delhi,Delhi,35,47,992,20.4,29.4,183,Fog,19,4,Medium,43569,7252,Monitor Shipment
2025-04-21 05:00:00,C216,Mango,Delhi,Delhi,36,25,999,23.8,120.0,42,Rainy,22,3,High,53804,30758,Redirect to Nearby Market
2025-04-21 06:00:00,C189,Mango,Chennai,Pune,27,73,1011,5.5,39.0,173,Rainy,26,2,High,77856,53156,Redirect to Nearby Market
2025-04-21 07:00:00,C003,Banana,Kolkata,Mumbai,19,55,997,16.7,69.0,225,Sunny,27,1,High,96592,46530,Redirect to Nearby Market
2025-04-21 08:00:00,C081,Avocado,Mumbai,Chennai,22,94,1015,8.2,83.6,91,Fog,15,5,Medium,39696,8716,Monitor Shipment
2025-04-21 09:00:00,C204,Avocado,Lucknow,Hyderabad,22,65,1028,0.9,25.8,131,Clear,32,1,High,119476,51175,Redirect to Nearby Market
2025-04-21 10:00:00,C135,Apple,Lucknow,Hyderabad,30,54,1005,16.4,84.8,229,Sunny,24,2,High,50307,21606,Redirect to Nearby Market
2025-04-21 11:00:00,C261,Apple,Kolkata,Bengaluru,40,92,1016,23.2,10.2,30,Sunny,6,8,Low,13583,3272,Continue Route
2025-04-21 12:00:00,C182,Banana,Chennai,Hyderabad,28,38,991,9.1,69.7,168,Fog,32,1,High,143341,58108,Redirect to Nearby Market
2025-04-21 13:00:00,C036,Mango,Lucknow,Delhi,33,61,1024,17.7,119.4,339,Fog,24,2,High,105141,72188,Redirect to Nearby Market
2025-04-21 14:00:00,C170,Banana,Ahmedabad,Mumbai,40,54,1029,2.7,95.3,75,Sunny,18,4,Medium,22042,15748,Monitor Shipment
2025-04-21 15:00:00,C229,Apple,Bengaluru,Chennai,36,81,1011,1.9,53.4,63,Storm,26,2,High,119821,43703,Redirect to Nearby Market
2025-04-21 16:00:00,C232,Apple,Pune,Hyderabad,32,28,1024,11.9,71.8,41,Fog,21,3,High,139567,25760,Redirect to Nearby Market
2025-04-21 17:00:00,C115,Banana,Pune,Mumbai,34,66,1032,22.0,112.2,317,Cloudy,7,8,Low,10248,3204,Continue Route
2025-04-21 18:00:00,C205,Mango,Mumbai,Mumbai,22,92,1017,22.1,71.7,271,Fog,28,1,High,131853,22150,Redirect to Nearby Market
2025-04-21 19:00:00,C086,Mango,Lucknow,Hyderabad,40,33,1000,13.8,11.5,283,Sunny,34,1,High,103028,47642,Redirect to Nearby Market
2025-04-21 20:00:00,C135,Apple,Hyderabad,Bengaluru,27,32,997,15.2,85.3,231,Cloudy,13,6,Medium,45587,7572,Monitor Shipment
2025-04-21 21:00:00,C016,Orange,Hyderabad,Mumbai,36,53,1025,21.8,111.5,252,Sunny,13,6,Medium,42199,13299,Monitor Shipment
2025-04-21 22:00:00,C069,Banana,Lucknow,Mumbai,37,85,988,10.9,17.4,257,Fog,29,1,High,62095,44264,Redirect to Nearby Market
2025-04-21 23:00:00,C027,Apple,Mumbai,Delhi,32,81,985,2.0,113.3,312,Clear,29,1,High,147049,21833,Redirect to Nearby Market
2025-04-22 00:00:00,C254,Mango,Pune,Bengaluru,23,73,1003,19.3,119.8,207,Clear,21,3,High,86273,49356,Redirect to Nearby Market
2025-04-22 01:00:00,C207,Mango,Ahmedabad,Bengaluru,34,86,991,10.2,80.6,78,Rainy,31,1,High,114965,41105,Redirect to Nearby Market
2025-04-22 02:00:00,C168,Avocado,Lucknow,Bengaluru,24,46,1010,9.4,108.2,253,Clear,33,1,High,145773,37316,Redirect to Nearby Market
2025-04-22 03:00:00,C012,Apple,Mumbai,Chennai,23,64,1016,13.6,74.1,170,Storm,18,4,Medium,21596,13101,Monitor Shipment
2025-04-22 04:00:00,C220,Mango,Pune,Pune,20,37,1002,3.4,19.1,122,Storm,11,7,Low,14977,1709,Continue Route
2025-04-22 05:00:00,C237,Orange,Pune,Delhi,26,47,1010,1.8,81.4,332,Cloudy,16,5,Medium,45261,12926,Monitor Shipment
2025-04-22 06:00:00,C125,Mango,Kolkata,Bengaluru,19,53,1018,11.9,116.7,302,Cloudy,16,5,Medium,39023,5261,Monitor Shipment
2025-04-22 07:00:00,C291,Mango,Ahmedabad,Delhi,33,40,1035,10.6,98.1,266,Rainy,18,4,Medium,24411,12144,Monitor Shipment
2025-04-22 08:00:00,C271,Banana,Pune,Hyderabad,37,54,1014,0.8,88.0,75,Storm,35,1,High,117783,60436,Redirect to Nearby Market
2025-04-22 09:00:00,C300,Mango,Jaipur,Bengaluru,24,89,1021,3.8,0.9,119,Sunny,14,6,Medium,27336,18682,Monitor Shipment
2025-04-22 10:00:00,C274,Orange,Lucknow,Hyderabad,30,35,992,15.6,87.6,167,Rainy,27,1,High,105482,72933,Redirect to Nearby Market
2025-04-22 11:00:00,C165,Orange,Bengaluru,Mumbai,37,66,987,11.8,84.0,193,Storm,29,1,High,124228,30722,Redirect to Nearby Market
2025-04-22 12:00:00,C102,Banana,Lucknow,Pune,25,95,1034,16.2,24.2,74,Rainy,12,6,Medium,43012,17259,Monitor Shipment
2025-04-22 13:00:00,C023,Orange,Kolkata,Mumbai,25,71,991,15.6,78.6,59,Rainy,25,2,High,64216,31315,Redirect to Nearby Market
2025-04-22 14:00:00,C060,Apple,Hyderabad,Pune,37,42,1032,17.1,109.4,234,Fog,22,3,High,75208,20300,Redirect to Nearby Market
2025-04-22 15:00:00,C013,Mango,Hyderabad,Hyderabad,35,44,999,6.8,101.8,136,Rainy,28,1,High,60252,50338,Redirect to Nearby Market
2025-04-22 16:00:00,C137,Orange,Kolkata,Chennai,20,86,1000,6.6,86.0,249,Cloudy,34,1,High,139136,31393,Redirect to Nearby Market
2025-04-22 17:00:00,C238,Avocado,Ahmedabad,Hyderabad,24,62,1001,22.4,47.1,215,Sunny,30,1,High,77553,32923,Redirect to Nearby Market
2025-04-22 18:00:00,C003,Mango,Jaipur,Hyderabad,31,87,982,17.8,13.8,287,Clear,32,1,High,108744,55087,Redirect to Nearby Market
2025-04-22 19:00:00,C169,Banana,Lucknow,Chennai,22,63,1020,16.2,84.7,88,Storm,8,8,Low,10749,3654,Continue Route
2025-04-22 20:00:00,C185,Orange,Pune,Bengaluru,27,26,1027,21.8,33.4,198,Rainy,7,8,Low,7059,4486,Continue Route
2025-04-22 21:00:00,C134,Orange,Lucknow,Delhi,33,61,1006,12.7,96.9,146,Clear,31,1,High,134429,24705,Redirect to Nearby Market
2025-04-22 22:00:00,C248,Mango,Lucknow,Mumbai,24,47,989,16.5,48.4,318,Cloudy,21,3,High,105026,56916,Redirect to Nearby Market
2025-04-22 23:00:00,C038,Orange,Mumbai,Pune,35,52,995,16.8,103.5,80,Clear,13,6,Medium,48994,13208,Monitor Shipment
2025-04-23 00:00:00,C245,Mango,Kolkata,Pune,37,36,1029,17.2,63.6,194,Storm,12,6,Medium,27822,18115,Monitor Shipment
2025-04-23 01:00:00,C076,Orange,Jaipur,Delhi,18,48,1027,5.8,22.5,186,Fog,26,2,High,78288,30716,Redirect to Nearby Market
2025-04-23 02:00:00,C118,Mango,Bengaluru,Hyderabad,27,31,992,3.7,61.7,305,Clear,19,4,Medium,29161,8818,Monitor Shipment
2025-04-23 03:00:00,C039,Orange,Lucknow,Bengaluru,24,93,985,19.4,84.9,110,Clear,24,2,High,112019,57107,Redirect to Nearby Market
2025-04-23 04:00:00,C298,Avocado,Pune,Mumbai,35,39,1033,8.6,63.5,127,Sunny,21,3,High,137606,21130,Redirect to Nearby Market
2025-04-23 05:00:00,C018,Banana,Mumbai,Chennai,33,87,1035,21.1,41.1,190,Clear,27,1,High,119997,76792,Redirect to Nearby Market
2025-04-23 06:00:00,C131,Orange,Hyderabad,Pune,23,95,995,23.8,117.8,154,Fog,5,9,Low,10044,4300,Continue Route
2025-04-23 07:00:00,C115,Orange,Lucknow,Mumbai,21,29,1034,11.8,37.4,292,Cloudy,16,5,Medium,30164,14050,Monitor Shipment
2025-04-23 08:00:00,C226,Mango,Jaipur,Delhi,27,25,1002,1.1,68.8,142,Sunny,25,2,High,62916,41758,Redirect to Nearby Market
2025-04-23 09:00:00,C050,Orange,Kolkata,Pune,23,62,980,2.8,26.7,313,Rainy,10,7,Low,9766,3461,Continue Route
2025-04-23 10:00:00,C052,Avocado,Lucknow,Mumbai,37,52,1026,8.0,55.0,105,Fog,7,8,Low,12587,2187,Continue Route
2025-04-23 11:00:00,C125,Apple,Bengaluru,Mumbai,26,75,1020,7.2,47.1,235,Rainy,23,3,High,90234,45531,Redirect to Nearby Market
2025-04-23 12:00:00,C157,Apple,Mumbai,Bengaluru,39,52,1032,4.0,49.9,185,Storm,22,3,High,97664,58828,Redirect to Nearby Market
2025-04-23 13:00:00,C091,Avocado,Jaipur,Chennai,40,34,1029,10.5,8.1,348,Sunny,19,4,Medium,39028,9035,Monitor Shipment
2025-04-23 14:00:00,C122,Banana,Chennai,Delhi,34,79,1029,23.2,44.9,276,Fog,13,6,Medium,20544,9961,Monitor Shipment
2025-04-23 15:00:00,C190,Apple,Mumbai,Pune,18,41,1030,21.4,81.4,56,Cloudy,27,1,High,94521,66519,Redirect to Nearby Market
2025-04-23 16:00:00,C088,Orange,Mumbai,Delhi,18,30,1010,13.7,2.4,197,Storm,16,5,Medium,44837,17059,Monitor Shipment
2025-04-23 17:00:00,C073,Apple,Pune,Chennai,23,49,1003,4.8,80.7,73,Storm,35,1,High,55386,46691,Redirect to Nearby Market
2025-04-23 18:00:00,C088,Orange,Hyderabad,Hyderabad,27,94,997,21.5,49.6,92,Cloudy,7,8,Low,8222,4569,Continue Route
2025-04-23 19:00:00,C205,Banana,Chennai,Bengaluru,36,36,1015,5.2,86.9,262,Sunny,12,6,Medium,21576,13672,Monitor Shipment
2025-04-23 20:00:00,C005,Orange,Mumbai,Hyderabad,30,64,1002,14.8,25.4,253,Clear,31,1,High,124031,66423,Redirect to Nearby Market
2025-04-23 21:00:00,C196,Apple,Ahmedabad,Chennai,27,74,1010,15.7,64.0,341,Rainy,35,1,High,79115,64747,Redirect to Nearby Market
2025-04-23 22:00:00,C011,Mango,Mumbai,Bengaluru,38,64,989,23.1,50.9,345,Fog,12,6,Medium,22182,18600,Monitor Shipment
2025-04-23 23:00:00,C209,Mango,Chennai,Delhi,32,31,1021,16.6,23.9,167,Sunny,23,3,High,64168,79960,Redirect to Nearby Market
2025-04-24 00:00:00,C164,Avocado,Ahmedabad,Hyderabad,30,94,992,19.7,72.8,176,Clear,17,5,Medium,28072,10363,Monitor Shipment
2025-04-24 01:00:00,C245,Banana,Mumbai,Bengaluru,34,67,1018,3.9,59.1,311,Clear,31,1,High,105735,75343,Redirect to Nearby Market
2025-04-24 02:00:00,C172,Orange,Delhi,Pune,24,68,1014,15.8,88.0,71,Sunny,22,3,High,85092,33309,Redirect to Nearby Market
2025-04-24 03:00:00,C218,Apple,Chennai,Chennai,33,35,1023,7.6,118.7,341,Clear,24,2,High,113257,71905,Redirect to Nearby Market
2025-04-24 04:00:00,C150,Mango,Mumbai,Delhi,31,41,995,9.3,61.9,319,Storm,14,6,Medium,25522,6062,Monitor Shipment
2025-04-24 05:00:00,C060,Apple,Lucknow,Bengaluru,41,90,1026,6.4,24.9,131,Clear,6,8,Low,9457,1154,Continue Route
2025-04-24 06:00:00,C136,Mango,Kolkata,Chennai,22,27,1017,15.0,95.0,227,Clear,33,1,High,80273,62577,Redirect to Nearby Market
2025-04-24 07:00:00,C199,Avocado,Mumbai,Bengaluru,36,46,1023,12.4,88.5,221,Storm,27,1,High,119503,56841,Redirect to Nearby Market
2025-04-24 08:00:00,C268,Avocado,Pune,Mumbai,29,54,1020,19.5,87.2,152,Sunny,16,5,Medium,20774,6007,Monitor Shipment
2025-04-24 09:00:00,C066,Banana,Bengaluru,Pune,29,77,1002,22.1,25.0,337,Clear,17,5,Medium,28799,12848,Monitor Shipment
2025-04-24 10:00:00,C114,Banana,Lucknow,Chennai,38,89,1000,19.2,13.9,231,Fog,21,3,High,109935,24964,Redirect to Nearby Market
2025-04-24 11:00:00,C142,Avocado,Chennai,Mumbai,36,67,1025,15.8,102.8,167,Rainy,11,7,Low,10007,3658,Continue Route
2025-04-24 12:00:00,C019,Orange,Lucknow,Pune,28,84,1017,23.3,8.9,175,Sunny,25,2,High,113580,49554,Redirect to Nearby Market
2025-04-24 13:00:00,C160,Mango,Jaipur,Bengaluru,37,69,991,7.7,35.7,309,Clear,12,6,Medium,19296,9281,Monitor Shipment
2025-04-24 14:00:00,C109,Banana,Kolkata,Pune,31,54,1006,15.6,64.5,258,Cloudy,28,1,High,116716,47930,Redirect to Nearby Market
2025-04-24 15:00:00,C109,Mango,Kolkata,Hyderabad,31,41,1019,7.9,15.1,75,Rainy,5,9,Low,14473,4028,Continue Route
2025-04-24 16:00:00,C203,Apple,Delhi,Hyderabad,35,92,1028,24.1,117.3,318,Clear,18,4,Medium,32038,11272,Monitor Shipment
2025-04-24 17:00:00,C072,Avocado,Delhi,Pune,28,83,997,7.0,94.6,187,Fog,19,4,Medium,45493,14613,Monitor Shipment
2025-04-24 18:00:00,C041,Mango,Jaipur,Pune,42,52,986,10.0,47.4,263,Sunny,13,6,Medium,31255,9185,Monitor Shipment
2025-04-24 19:00:00,C068,Apple,Delhi,Hyderabad,32,93,1016,1.9,7.7,137,Sunny,18,4,Medium,33496,18764,Monitor Shipment
2025-04-24 20:00:00,C225,Mango,Pune,Delhi,28,33,1007,4.8,64.1,329,Sunny,22,3,High,149738,79610,Redirect to Nearby Market
2025-04-24 21:00:00,C092,Apple,Hyderabad,Hyderabad,42,40,1028,1.0,31.8,91,Fog,9,7,Low,6575,2120,Continue Route
2025-04-24 22:00:00,C274,Mango,Mumbai,Bengaluru,28,28,1005,15.5,94.1,119,Cloudy,21,3,High,50258,74527,Redirect to Nearby Market
2025-04-24 23:00:00,C085,Mango,Chennai,Delhi,29,73,1030,3.4,59.9,223,Cloudy,24,2,High,119702,36832,Redirect to Nearby Market
2025-04-25 00:00:00,C137,Orange,Jaipur,Chennai,29,27,987,4.8,32.6,89,Sunny,9,7,Low,8551,4241,Continue Route
2025-04-25 01:00:00,C221,Orange,Jaipur,Chennai,28,69,1028,1.8,13.1,253,Sunny,20,4,Medium,27898,14752,Monitor Shipment
2025-04-25 02:00:00,C021,Banana,Hyderabad,Hyderabad,38,46,1005,6.5,3.5,151,Sunny,25,2,High,145948,72221,Redirect to Nearby Market
2025-04-25 03:00:00,C015,Mango,Hyderabad,Mumbai,24,59,1031,9.6,28.4,323,Fog,17,5,Medium,35925,16776,Monitor Shipment
2025-04-25 04:00:00,C117,Avocado,Lucknow,Bengaluru,32,32,1017,24.7,53.7,65,Sunny,7,8,Low,10717,2878,Continue Route
2025-04-25 05:00:00,C041,Banana,Mumbai,Bengaluru,23,25,989,15.0,25.2,35,Sunny,22,3,High,55585,33521,Redirect to Nearby Market
2025-04-25 06:00:00,C178,Banana,Pune,Pune,32,54,1031,16.3,86.9,139,Fog,33,1,High,114461,60364,Redirect to Nearby Market
2025-04-25 07:00:00,C035,Orange,Hyderabad,Mumbai,21,90,1021,24.9,99.1,316,Rainy,31,1,High,131074,68806,Redirect to Nearby Market
2025-04-25 08:00:00,C006,Mango,Chennai,Mumbai,24,80,998,19.1,96.0,81,Storm,33,1,High,127772,62169,Redirect to Nearby Market
2025-04-25 09:00:00,C141,Mango,Chennai,Mumbai,20,58,1011,14.0,119.7,35,Clear,19,4,Medium,49875,14227,Monitor Shipment
2025-04-25 10:00:00,C117,Banana,Chennai,Hyderabad,39,78,1033,20.4,100.2,121,Cloudy,12,6,Medium,22857,14312,Monitor Shipment
2025-04-25 11:00:00,C065,Orange,Pune,Hyderabad,34,90,996,6.0,116.1,39,Clear,17,5,Medium,23429,16681,Monitor Shipment
2025-04-25 12:00:00,C080,Orange,Jaipur,Hyderabad,28,53,1014,20.1,94.1,103,Sunny,26,2,High,125092,40638,Redirect to Nearby Market
2025-04-25 13:00:00,C181,Orange,Bengaluru,Delhi,38,42,1001,0.9,81.9,230,Clear,24,2,High,99458,33534,Redirect to Nearby Market
2025-04-25 14:00:00,C177,Banana,Hyderabad,Hyderabad,36,47,994,2.0,56.3,101,Rainy,33,1,High,141543,29764,Redirect to Nearby Market
2025-04-25 15:00:00,C058,Orange,Pune,Pune,23,40,988,10.9,82.7,259,Cloudy,35,1,High,140495,21927,Redirect to Nearby Market
2025-04-25 16:00:00,C094,Orange,Delhi,Bengaluru,25,33,980,5.8,119.4,147,Fog,26,2,High,62029,55598,Redirect to Nearby Market
2025-04-25 17:00:00,C184,Avocado,Mumbai,Pune,23,52,980,4.4,86.0,331,Clear,30,1,High,126738,44789,Redirect to Nearby Market
2025-04-25 18:00:00,C145,Orange,Mumbai,Mumbai,24,52,1019,1.0,88.4,197,Clear,14,6,Medium,16573,11612,Monitor Shipment
2025-04-25 19:00:00,C219,Avocado,Pune,Chennai,28,36,1013,20.6,106.7,50,Rainy,6,8,Low,8406,3725,Continue Route
2025-04-25 20:00:00,C115,Mango,Jaipur,Bengaluru,41,78,991,3.6,30.7,224,Clear,31,1,High,109194,78568,Redirect to Nearby Market
2025-04-25 21:00:00,C017,Banana,Delhi,Bengaluru,25,95,1035,9.4,30.8,116,Cloudy,13,6,Medium,16375,10790,Monitor Shipment
2025-04-25 22:00:00,C170,Apple,Pune,Bengaluru,35,30,1033,18.3,47.9,339,Clear,10,7,Low,6897,4838,Continue Route
2025-04-25 23:00:00,C092,Banana,Mumbai,Mumbai,35,68,985,17.4,36.2,118,Fog,6,8,Low,13279,2885,Continue Route
2025-04-26 00:00:00,C077,Mango,Jaipur,Mumbai,37,46,1012,0.8,3.3,221,Cloudy,30,1,High,95399,61142,Redirect to Nearby Market
2025-04-26 01:00:00,C187,Orange,Bengaluru,Hyderabad,25,31,1006,22.8,116.4,202,Rainy,30,1,High,71085,55551,Redirect to Nearby Market
2025-04-26 02:00:00,C075,Avocado,Pune,Delhi,22,44,1004,8.3,62.7,37,Clear,6,8,Low,5626,1832,Continue Route
2025-04-26 03:00:00,C256,Banana,Pune,Mumbai,31,68,990,11.8,42.7,274,Cloudy,24,2,High,141544,22224,Redirect to Nearby Market
2025-04-26 04:00:00,C224,Apple,Bengaluru,Hyderabad,40,77,1032,24.3,118.7,54,Fog,15,5,Medium,29733,8626,Monitor Shipment
2025-04-26 05:00:00,C025,Banana,Hyderabad,Chennai,23,72,981,15.2,21.4,304,Rainy,17,5,Medium,32377,7337,Monitor Shipment
2025-04-26 06:00:00,C264,Orange,Ahmedabad,Pune,21,47,982,4.3,63.4,325,Clear,10,7,Low,9823,1523,Continue Route
2025-04-26 07:00:00,C279,Mango,Bengaluru,Pune,23,50,1028,18.5,12.4,168,Rainy,33,1,High,57874,66747,Redirect to Nearby Market
2025-04-26 08:00:00,C247,Orange,Mumbai,Pune,29,53,1017,11.7,16.9,111,Cloudy,24,2,High,130735,42448,Redirect to Nearby Market
2025-04-26 09:00:00,C240,Orange,Jaipur,Chennai,40,62,1008,13.8,18.9,105,Fog,27,1,High,91227,34215,Redirect to Nearby Market
2025-04-26 10:00:00,C200,Apple,Kolkata,Chennai,29,52,1026,10.9,99.4,116,Fog,35,1,High,107073,29493,Redirect to Nearby Market
2025-04-26 11:00:00,C167,Banana,Chennai,Mumbai,35,63,990,4.6,40.9,281,Sunny,7,8,Low,5974,4217,Continue Route
2025-04-26 12:00:00,C089,Banana,Delhi,Bengaluru,30,60,1010,17.9,110.0,67,Clear,20,4,Medium,28651,16751,Monitor Shipment
2025-04-26 13:00:00,C277,Mango,Kolkata,Chennai,22,61,1031,3.7,74.7,124,Clear,31,1,High,98174,68175,Redirect to Nearby Market
2025-04-26 14:00:00,C111,Mango,Delhi,Bengaluru,21,67,992,10.7,95.4,43,Fog,17,5,Medium,24796,19945,Monitor Shipment
2025-04-26 15:00:00,C269,Avocado,Lucknow,Delhi,26,41,995,9.5,61.4,75,Clear,14,6,Medium,44230,12054,Monitor Shipment
2025-04-26 16:00:00,C091,Apple,Mumbai,Delhi,37,34,1013,6.1,9.4,270,Fog,15,5,Medium,19266,17992,Monitor Shipment
2025-04-26 17:00:00,C129,Avocado,Kolkata,Hyderabad,23,74,1024,8.7,12.8,160,Rainy,19,4,Medium,35976,8313,Monitor Shipment
2025-04-26 18:00:00,C094,Mango,Lucknow,Pune,25,81,985,8.6,35.3,336,Fog,12,6,Medium,40908,7356,Monitor Shipment
2025-04-26 19:00:00,C272,Orange,Hyderabad,Chennai,24,88,1035,15.3,75.2,54,Cloudy,35,1,High,127628,75287,Redirect to Nearby Market
2025-04-26 20:00:00,C293,Apple,Kolkata,Delhi,19,72,1019,24.6,72.2,117,Storm,12,6,Medium,19679,12702,Monitor Shipment
2025-04-26 21:00:00,C264,Banana,Mumbai,Delhi,30,85,990,23.5,63.5,37,Sunny,34,1,High,97247,44992,Redirect to Nearby Market
2025-04-26 22:00:00,C048,Banana,Bengaluru,Pune,34,46,1017,19.0,119.8,184,Cloudy,5,9,Low,8943,1531,Continue Route
2025-04-26 23:00:00,C010,Banana,Kolkata,Bengaluru,41,86,999,14.2,30.6,348,Fog,27,1,High,133719,64383,Redirect to Nearby Market
2025-04-27 00:00:00,C205,Banana,Lucknow,Chennai,37,73,983,17.4,53.3,168,Rainy,28,1,High,137910,63169,Redirect to Nearby Market
2025-04-27 01:00:00,C057,Mango,Lucknow,Mumbai,24,49,1035,6.6,116.4,53,Fog,5,9,Low,10880,2945,Continue Route
2025-04-27 02:00:00,C156,Apple,Hyderabad,Mumbai,35,25,1033,21.3,48.9,221,Rainy,29,1,High,77651,68308,Redirect to Nearby Market
2025-04-27 03:00:00,C132,Avocado,Delhi,Bengaluru,42,59,980,5.7,13.4,259,Cloudy,6,8,Low,5063,2191,Continue Route
2025-04-27 04:00:00,C238,Orange,Delhi,Hyderabad,40,35,1024,23.4,88.2,52,Clear,5,9,Low,8059,1372,Continue Route
2025-04-27 05:00:00,C011,Avocado,Ahmedabad,Chennai,33,83,1024,18.6,69.9,192,Fog,30,1,High,79330,22799,Redirect to Nearby Market
2025-04-27 06:00:00,C223,Mango,Lucknow,Delhi,22,86,1002,20.4,94.1,93,Cloudy,32,1,High,105567,53804,Redirect to Nearby Market
2025-04-27 07:00:00,C185,Avocado,Mumbai,Pune,21,30,1029,11.8,83.3,185,Clear,8,8,Low,5850,4558,Continue Route
2025-04-27 08:00:00,C128,Orange,Lucknow,Delhi,38,87,1010,8.8,29.9,157,Storm,25,2,High,93185,28282,Redirect to Nearby Market
2025-04-27 09:00:00,C193,Mango,Jaipur,Hyderabad,21,73,987,10.7,34.0,348,Sunny,16,5,Medium,46415,7172,Monitor Shipment
2025-04-27 10:00:00,C189,Apple,Bengaluru,Pune,39,56,993,5.1,1.0,196,Cloudy,30,1,High,123617,73052,Redirect to Nearby Market
2025-04-27 11:00:00,C079,Banana,Mumbai,Pune,32,34,1028,21.7,20.3,99,Storm,6,8,Low,7445,2215,Continue Route
2025-04-27 12:00:00,C063,Orange,Lucknow,Chennai,28,94,1015,16.0,22.2,70,Cloudy,10,7,Low,14753,3947,Continue Route
2025-04-27 13:00:00,C201,Orange,Bengaluru,Mumbai,24,75,1016,12.2,17.4,32,Rainy,13,6,Medium,42068,18632,Monitor Shipment
2025-04-27 14:00:00,C193,Banana,Mumbai,Bengaluru,20,89,981,20.1,9.4,65,Clear,22,3,High,118530,22770,Redirect to Nearby Market
2025-04-27 15:00:00,C002,Apple,Jaipur,Pune,35,33,1026,21.8,6.4,101,Cloudy,8,8,Low,6386,4038,Continue Route
2025-04-27 16:00:00,C121,Avocado,Hyderabad,Chennai,24,26,1034,24.2,69.8,275,Rainy,18,4,Medium,19018,15394,Monitor Shipment
2025-04-27 17:00:00,C183,Banana,Pune,Chennai,39,74,1015,11.2,81.2,55,Sunny,27,1,High,102184,71181,Redirect to Nearby Market
2025-04-27 18:00:00,C016,Apple,Delhi,Chennai,18,93,1014,10.2,94.3,109,Rainy,31,1,High,51776,50956,Redirect to Nearby Market
2025-04-27 19:00:00,C116,Avocado,Mumbai,Hyderabad,19,68,1033,23.7,54.2,264,Cloudy,24,2,High,142311,78077,Redirect to Nearby Market
2025-04-27 20:00:00,C027,Banana,Pune,Hyderabad,24,31,1026,12.0,108.6,127,Sunny,23,3,High,78409,58961,Redirect to Nearby Market
2025-04-27 21:00:00,C084,Mango,Ahmedabad,Bengaluru,24,92,1021,20.4,48.3,58,Sunny,22,3,High,126699,79288,Redirect to Nearby Market
2025-04-27 22:00:00,C100,Orange,Ahmedabad,Hyderabad,18,80,1000,9.1,53.5,180,Storm,28,1,High,90175,24615,Redirect to Nearby Market
2025-04-27 23:00:00,C150,Banana,Kolkata,Chennai,20,32,1003,6.8,101.2,340,Sunny,15,5,Medium,30720,14303,Monitor Shipment
2025-04-28 00:00:00,C219,Avocado,Lucknow,Delhi,41,95,985,23.2,61.7,310,Cloudy,35,1,High,125547,35847,Redirect to Nearby Market
2025-04-28 01:00:00,C101,Avocado,Pune,Hyderabad,23,85,1014,22.5,31.6,302,Fog,24,2,High,125538,44572,Redirect to Nearby Market
2025-04-28 02:00:00,C248,Banana,Ahmedabad,Hyderabad,24,46,983,23.6,104.5,83,Sunny,12,6,Medium,24763,19360,Monitor Shipment
2025-04-28 03:00:00,C045,Mango,Jaipur,Mumbai,22,60,1029,3.2,23.3,188,Cloudy,12,6,Medium,39231,15188,Monitor Shipment
2025-04-28 04:00:00,C289,Apple,Delhi,Delhi,38,40,988,7.9,82.7,162,Cloudy,15,5,Medium,45613,9438,Monitor Shipment
2025-04-28 05:00:00,C210,Banana,Ahmedabad,Hyderabad,34,74,1019,12.0,55.2,192,Sunny,25,2,High,55463,54105,Redirect to Nearby Market
2025-04-28 06:00:00,C111,Apple,Chennai,Bengaluru,21,28,1015,18.2,106.6,123,Fog,8,8,Low,7662,1790,Continue Route
2025-04-28 07:00:00,C106,Banana,Mumbai,Chennai,39,45,1009,22.4,34.8,328,Clear,28,1,High,60245,59729,Redirect to Nearby Market
2025-04-28 08:00:00,C233,Apple,Bengaluru,Mumbai,19,28,1002,7.2,15.0,223,Clear,18,4,Medium,34872,17476,Monitor Shipment
2025-04-28 09:00:00,C251,Orange,Mumbai,Pune,27,70,1029,20.4,111.0,219,Fog,30,1,High,79971,57240,Redirect to Nearby Market
2025-04-28 10:00:00,C280,Banana,Chennai,Mumbai,39,47,1016,20.8,91.6,129,Rainy,23,3,High,90096,24410,Redirect to Nearby Market
2025-04-28 11:00:00,C027,Apple,Hyderabad,Mumbai,33,80,1013,14.5,80.2,337,Clear,5,9,Low,11342,3108,Continue Route
2025-04-28 12:00:00,C157,Apple,Delhi,Bengaluru,27,62,1018,10.3,104.7,54,Sunny,13,6,Medium,33129,8403,Monitor Shipment
2025-04-28 13:00:00,C120,Banana,Lucknow,Pune,28,86,987,16.3,83.0,315,Storm,24,2,High,95110,51628,Redirect to Nearby Market
2025-04-28 14:00:00,C275,Banana,Mumbai,Pune,20,43,1005,9.0,13.5,208,Cloudy,32,1,High,105344,48696,Redirect to Nearby Market
2025-04-28 15:00:00,C005,Avocado,Hyderabad,Pune,41,52,989,1.9,107.7,84,Rainy,6,8,Low,12090,2973,Continue Route
2025-04-28 16:00:00,C016,Banana,Ahmedabad,Mumbai,31,88,992,7.1,77.5,193,Rainy,17,5,Medium,49768,11756,Monitor Shipment
2025-04-28 17:00:00,C269,Avocado,Ahmedabad,Delhi,37,56,1006,20.2,56.9,319,Sunny,11,7,Low,9518,3425,Continue Route
2025-04-28 18:00:00,C277,Apple,Pune,Pune,29,45,1002,10.4,22.5,149,Storm,20,4,Medium,30933,18827,Monitor Shipment
2025-04-28 19:00:00,C145,Orange,Mumbai,Chennai,36,67,1024,23.8,99.8,113,Cloudy,22,3,High,117101,33367,Redirect to Nearby Market
2025-04-28 20:00:00,C211,Apple,Jaipur,Hyderabad,34,45,998,1.9,65.5,166,Cloudy,8,8,Low,13895,2077,Continue Route
2025-04-28 21:00:00,C235,Mango,Kolkata,Mumbai,18,26,1021,8.0,13.7,238,Rainy,19,4,Medium,27405,16406,Monitor Shipment
2025-04-28 22:00:00,C202,Banana,Kolkata,Chennai,39,41,1014,17.3,98.6,126,Clear,27,1,High,107407,69830,Redirect to Nearby Market
2025-04-28 23:00:00,C245,Orange,Delhi,Mumbai,21,68,981,1.6,0.5,205,Fog,19,4,Medium,45438,6791,Monitor Shipment
2025-04-29 00:00:00,C098,Avocado,Bengaluru,Chennai,39,73,1004,14.4,37.3,342,Storm,35,1,High,146680,58714,Redirect to Nearby Market
2025-04-29 01:00:00,C099,Banana,Pune,Bengaluru,39,63,987,9.8,88.8,157,Storm,27,1,High,135223,63413,Redirect to Nearby Market
2025-04-29 02:00:00,C165,Orange,Lucknow,Delhi,34,43,1008,22.5,109.0,189,Rainy,29,1,High,77163,52235,Redirect to Nearby Market
2025-04-29 03:00:00,C139,Banana,Delhi,Chennai,26,63,1003,12.0,62.5,211,Rainy,29,1,High,137124,33671,Redirect to Nearby Market
2025-04-29 04:00:00,C233,Banana,Hyderabad,Hyderabad,37,87,980,23.6,43.7,323,Clear,26,2,High,116298,39367,Redirect to Nearby Market
2025-04-29 05:00:00,C076,Apple,Delhi,Pune,40,48,980,6.8,81.3,172,Rainy,32,1,High,131897,30404,Redirect to Nearby Market
2025-04-29 06:00:00,C021,Orange,Bengaluru,Hyderabad,33,71,1011,6.5,11.8,80,Rainy,34,1,High,98314,77880,Redirect to Nearby Market
2025-04-29 07:00:00,C183,Apple,Kolkata,Mumbai,28,62,1002,5.1,68.4,124,Storm,20,4,Medium,34322,5447,Monitor Shipment
2025-04-29 08:00:00,C191,Orange,Kolkata,Delhi,23,25,986,6.0,23.0,260,Fog,13,6,Medium,35702,8857,Monitor Shipment
2025-04-29 09:00:00,C122,Banana,Kolkata,Mumbai,41,74,990,12.7,42.9,49,Rainy,6,8,Low,12146,3054,Continue Route
2025-04-29 10:00:00,C070,Avocado,Lucknow,Delhi,21,79,988,12.7,13.7,62,Fog,18,4,Medium,16180,9731,Monitor Shipment
2025-04-29 11:00:00,C033,Apple,Pune,Delhi,19,51,1013,7.3,76.3,194,Rainy,5,9,Low,13782,4629,Continue Route
2025-04-29 12:00:00,C049,Apple,Mumbai,Delhi,41,54,994,6.9,48.0,258,Rainy,33,1,High,141337,56380,Redirect to Nearby Market
2025-04-29 13:00:00,C177,Avocado,Bengaluru,Bengaluru,34,29,1018,1.8,85.9,189,Clear,5,9,Low,7197,2954,Continue Route
2025-04-29 14:00:00,C064,Avocado,Ahmedabad,Mumbai,29,74,1009,24.7,92.6,292,Clear,16,5,Medium,47433,19952,Monitor Shipment
2025-04-29 15:00:00,C026,Avocado,Kolkata,Delhi,36,91,1016,11.7,116.8,194,Sunny,22,3,High,116176,56835,Redirect to Nearby Market
2025-04-29 16:00:00,C074,Banana,Chennai,Mumbai,19,41,996,22.1,29.2,60,Rainy,15,5,Medium,39640,16852,Monitor Shipment
2025-04-29 17:00:00,C057,Avocado,Kolkata,Pune,36,75,1006,14.9,88.9,196,Rainy,7,8,Low,5170,4271,Continue Route
2025-04-29 18:00:00,C109,Orange,Jaipur,Mumbai,32,76,1028,21.3,43.4,257,Clear,17,5,Medium,27894,9405,Monitor Shipment
2025-04-29 19:00:00,C122,Mango,Ahmedabad,Bengaluru,22,93,1014,12.3,103.7,163,Clear,9,7,Low,13884,2641,Continue Route
2025-04-29 20:00:00,C147,Orange,Hyderabad,Bengaluru,34,93,994,8.2,103.6,53,Sunny,29,1,High,80378,59368,Redirect to Nearby Market
2025-04-29 21:00:00,C003,Banana,Chennai,Delhi,30,33,1018,13.3,27.0,59,Fog,8,8,Low,10267,4424,Continue Route
2025-04-29 22:00:00,C052,Orange,Bengaluru,Chennai,35,30,1017,2.3,28.0,39,Cloudy,17,5,Medium,44304,17683,Monitor Shipment
2025-04-29 23:00:00,C048,Orange,Ahmedabad,Chennai,21,50,1021,8.6,81.8,124,Clear,26,2,High,130380,56858,Redirect to Nearby Market
2025-04-30 00:00:00,C250,Orange,Chennai,Mumbai,33,36,993,14.0,75.9,118,Fog,28,1,High,126592,57239,Redirect to Nearby Market
2025-04-30 01:00:00,C047,Mango,Delhi,Bengaluru,19,85,1003,7.0,53.3,316,Cloudy,26,2,High,82921,42062,Redirect to Nearby Market
2025-04-30 02:00:00,C205,Banana,Ahmedabad,Pune,42,36,986,13.2,92.1,194,Sunny,25,2,High,104117,49439,Redirect to Nearby Market
2025-04-30 03:00:00,C273,Banana,Kolkata,Mumbai,21,53,1001,7.5,43.4,88,Cloudy,28,1,High,115141,53819,Redirect to Nearby Market
2025-04-30 04:00:00,C201,Avocado,Mumbai,Pune,23,67,1002,19.6,13.0,47,Fog,22,3,High,87769,31384,Redirect to Nearby Market
2025-04-30 05:00:00,C260,Apple,Chennai,Chennai,41,71,988,12.6,49.3,341,Cloudy,24,2,High,129815,57640,Redirect to Nearby Market
2025-04-30 06:00:00,C003,Banana,Lucknow,Mumbai,34,79,1013,9.7,49.1,172,Clear,7,8,Low,7085,3381,Continue Route
2025-04-30 07:00:00,C002,Orange,Chennai,Pune,29,89,993,10.6,34.3,295,Fog,34,1,High,107857,25191,Redirect to Nearby Market
2025-04-30 08:00:00,C038,Orange,Ahmedabad,Mumbai,19,72,1014,6.9,81.7,268,Fog,15,5,Medium,49886,16588,Monitor Shipment
2025-04-30 09:00:00,C192,Orange,Ahmedabad,Hyderabad,22,67,1020,23.7,49.8,70,Rainy,30,1,High,139278,52427,Redirect to Nearby Market
2025-04-30 10:00:00,C288,Mango,Jaipur,Pune,18,94,983,2.9,90.7,103,Clear,31,1,High,134708,47089,Redirect to Nearby Market
2025-04-30 11:00:00,C086,Avocado,Pune,Chennai,23,71,982,13.7,38.5,39,Storm,5,9,Low,7186,4915,Continue Route
2025-04-30 12:00:00,C068,Mango,Hyderabad,Mumbai,23,94,1022,24.2,102.1,224,Rainy,16,5,Medium,24627,17474,Monitor Shipment
2025-04-30 13:00:00,C075,Avocado,Mumbai,Mumbai,31,79,1006,22.8,63.3,326,Cloudy,22,3,High,134218,48186,Redirect to Nearby Market
2025-04-30 14:00:00,C060,Orange,Mumbai,Mumbai,18,51,983,7.7,90.9,199,Clear,32,1,High,140721,73367,Redirect to Nearby Market
2025-04-30 15:00:00,C113,Apple,Bengaluru,Delhi,21,69,1024,9.4,13.8,131,Rainy,12,6,Medium,35282,9309,Monitor Shipment
2025-04-30 16:00:00,C261,Apple,Bengaluru,Hyderabad,23,40,1028,5.4,15.0,295,Cloudy,12,6,Medium,24997,7125,Monitor Shipment
2025-04-30 17:00:00,C178,Mango,Mumbai,Delhi,42,42,981,20.3,94.7,331,Sunny,35,1,High,128862,65809,Redirect to Nearby Market
2025-04-30 18:00:00,C128,Mango,Chennai,Chennai,21,52,1019,8.5,78.6,341,Sunny,7,8,Low,5206,3607,Continue Route
2025-04-30 19:00:00,C174,Apple,Chennai,Chennai,33,48,1003,12.9,119.2,223,Clear,13,6,Medium,26351,15401,Monitor Shipment
2025-04-30 20:00:00,C153,Apple,Lucknow,Bengaluru,19,70,1008,20.4,9.6,341,Storm,28,1,High,109891,35305,Redirect to Nearby Market
2025-04-30 21:00:00,C253,Banana,Pune,Delhi,24,58,1000,13.6,91.2,107,Storm,9,7,Low,12937,1145,Continue Route
2025-04-30 22:00:00,C252,Banana,Chennai,Mumbai,37,60,1011,12.8,63.1,46,Sunny,21,3,High,64233,37867,Redirect to Nearby Market
2025-04-30 23:00:00,C041,Mango,Kolkata,Hyderabad,30,58,1035,24.7,86.7,87,Rainy,21,3,High,111670,65594,Redirect to Nearby Market
2025-05-01 00:00:00,C240,Banana,Pune,Chennai,29,90,1004,22.5,117.1,88,Cloudy,6,8,Low,11907,4427,Continue Route
2025-05-01 01:00:00,C144,Apple,Chennai,Hyderabad,41,70,1021,9.3,110.5,273,Clear,31,1,High,70485,68371,Redirect to Nearby Market
2025-05-01 02:00:00,C131,Apple,Hyderabad,Mumbai,34,86,993,6.3,98.5,299,Clear,11,7,Low,5592,4127,Continue Route
2025-05-01 03:00:00,C035,Avocado,Jaipur,Chennai,21,78,980,2.1,68.0,130,Fog,33,1,High,146785,70398,Redirect to Nearby Market
2025-05-01 04:00:00,C272,Banana,Delhi,Bengaluru,41,60,1034,23.6,19.9,122,Fog,8,8,Low,14137,2354,Continue Route
2025-05-01 05:00:00,C046,Apple,Lucknow,Pune,20,62,986,21.4,65.8,175,Fog,19,4,Medium,32904,18351,Monitor Shipment
2025-05-01 06:00:00,C094,Orange,Hyderabad,Delhi,39,32,1028,15.0,20.2,50,Cloudy,21,3,High,134555,36199,Redirect to Nearby Market
2025-05-01 07:00:00,C169,Orange,Pune,Bengaluru,24,89,1034,20.3,112.4,198,Sunny,10,7,Low,11421,3961,Continue Route
2025-05-01 08:00:00,C002,Orange,Lucknow,Bengaluru,35,75,1015,3.3,103.3,211,Sunny,20,4,Medium,40049,13167,Monitor Shipment
2025-05-01 09:00:00,C099,Avocado,Jaipur,Pune,29,82,1016,18.7,114.8,37,Clear,10,7,Low,13608,3702,Continue Route
2025-05-01 10:00:00,C216,Avocado,Jaipur,Delhi,33,35,987,24.9,9.2,90,Rainy,33,1,High,79683,67150,Redirect to Nearby Market
2025-05-01 11:00:00,C030,Mango,Pune,Chennai,38,76,991,6.9,103.8,155,Cloudy,13,6,Medium,19313,17833,Monitor Shipment
2025-05-01 12:00:00,C131,Apple,Kolkata,Pune,32,66,994,3.7,118.8,30,Clear,30,1,High,120945,43626,Redirect to Nearby Market
2025-05-01 13:00:00,C158,Banana,Jaipur,Hyderabad,39,60,1010,16.1,69.4,254,Fog,15,5,Medium,15915,6835,Monitor Shipment
2025-05-01 14:00:00,C281,Avocado,Pune,Hyderabad,33,88,1015,4.7,71.7,268,Storm,21,3,High,135768,38209,Redirect to Nearby Market
2025-05-01 15:00:00,C152,Avocado,Jaipur,Hyderabad,37,71,1028,11.5,117.6,148,Storm,9,7,Low,14654,2107,Continue Route
2025-05-01 16:00:00,C061,Banana,Hyderabad,Chennai,42,43,991,23.1,56.8,130,Sunny,25,2,High,132722,58811,Redirect to Nearby Market
2025-05-01 17:00:00,C087,Banana,Hyderabad,Delhi,41,62,1034,17.6,68.0,242,Clear,21,3,High,141724,79985,Redirect to Nearby Market
2025-05-01 18:00:00,C178,Apple,Mumbai,Delhi,33,61,1022,20.5,80.9,261,Cloudy,28,1,High,105723,58912,Redirect to Nearby Market
2025-05-01 19:00:00,C029,Avocado,Bengaluru,Mumbai,19,30,1026,9.9,62.9,324,Cloudy,28,1,High,142902,24501,Redirect to Nearby Market
2025-05-01 20:00:00,C285,Orange,Lucknow,Mumbai,22,64,1002,10.7,3.6,299,Clear,15,5,Medium,33764,13708,Monitor Shipment
2025-05-01 21:00:00,C100,Mango,Chennai,Mumbai,22,51,993,16.3,51.0,182,Storm,16,5,Medium,24137,12094,Monitor Shipment
2025-05-01 22:00:00,C233,Apple,Mumbai,Hyderabad,27,83,1013,21.2,42.6,327,Storm,27,1,High,64138,69468,Redirect to Nearby Market
2025-05-01 23:00:00,C099,Orange,Hyderabad,Pune,40,61,1014,15.5,12.8,342,Clear,5,9,Low,11981,3351,Continue Route
2025-05-02 00:00:00,C190,Orange,Chennai,Chennai,25,61,1025,5.9,67.8,190,Storm,24,2,High,114277,53664,Redirect to Nearby Market
2025-05-02 01:00:00,C186,Banana,Ahmedabad,Mumbai,25,51,1004,2.0,18.9,294,Storm,24,2,High,106315,42650,Redirect to Nearby Market
2025-05-02 02:00:00,C276,Avocado,Ahmedabad,Pune,18,52,987,1.5,92.0,313,Rainy,23,3,High,88914,63789,Redirect to Nearby Market
2025-05-02 03:00:00,C154,Apple,Delhi,Pune,34,48,985,17.9,113.5,289,Cloudy,13,6,Medium,18869,9845,Monitor Shipment
2025-05-02 04:00:00,C162,Banana,Delhi,Mumbai,34,60,1026,11.5,61.6,253,Cloudy,20,4,Medium,41707,11977,Monitor Shipment
2025-05-02 05:00:00,C274,Apple,Kolkata,Mumbai,28,59,993,17.7,21.9,72,Sunny,34,1,High,126452,60289,Redirect to Nearby Market
2025-05-02 06:00:00,C260,Apple,Bengaluru,Bengaluru,20,47,1011,15.0,80.5,213,Storm,10,7,Low,7455,2032,Continue Route
2025-05-02 07:00:00,C145,Banana,Hyderabad,Pune,28,94,981,6.1,105.5,36,Sunny,34,1,High,143436,68846,Redirect to Nearby Market
2025-05-02 08:00:00,C177,Avocado,Lucknow,Mumbai,35,67,1014,12.2,55.1,104,Rainy,23,3,High,110120,74210,Redirect to Nearby Market
2025-05-02 09:00:00,C097,Mango,Hyderabad,Pune,20,50,1016,13.2,0.8,138,Sunny,13,6,Medium,26118,12004,Monitor Shipment
2025-05-02 10:00:00,C139,Apple,Kolkata,Chennai,23,92,1009,22.3,118.1,35,Fog,22,3,High,142705,25424,Redirect to Nearby Market
2025-05-02 11:00:00,C198,Avocado,Delhi,Mumbai,37,33,1028,6.2,98.7,252,Storm,29,1,High,103424,45021,Redirect to Nearby Market
2025-05-02 12:00:00,C114,Banana,Bengaluru,Bengaluru,19,82,1000,8.1,21.2,152,Storm,17,5,Medium,17332,11189,Monitor Shipment
2025-05-02 13:00:00,C158,Apple,Mumbai,Chennai,24,82,999,21.7,51.8,332,Sunny,21,3,High,99729,29352,Redirect to Nearby Market
2025-05-02 14:00:00,C258,Orange,Kolkata,Delhi,18,34,1035,13.9,98.0,130,Sunny,34,1,High,72789,53875,Redirect to Nearby Market
2025-05-02 15:00:00,C209,Orange,Jaipur,Pune,36,61,981,8.2,110.7,350,Cloudy,10,7,Low,8266,1189,Continue Route
2025-05-02 16:00:00,C273,Apple,Chennai,Delhi,32,25,1016,6.5,35.2,120,Rainy,25,2,High,136647,56090,Redirect to Nearby Market
2025-05-02 17:00:00,C037,Banana,Ahmedabad,Delhi,37,32,1029,18.9,48.3,317,Storm,15,5,Medium,47237,14659,Monitor Shipment
2025-05-02 18:00:00,C126,Avocado,Ahmedabad,Chennai,21,38,997,1.4,110.9,141,Fog,27,1,High,121073,50134,Redirect to Nearby Market
2025-05-02 19:00:00,C147,Banana,Lucknow,Pune,18,37,1035,3.3,0.7,257,Storm,24,2,High,138464,25438,Redirect to Nearby Market
2025-05-02 20:00:00,C098,Apple,Hyderabad,Delhi,37,32,1000,10.4,119.8,280,Sunny,33,1,High,88451,28954,Redirect to Nearby Market
2025-05-02 21:00:00,C278,Orange,Jaipur,Mumbai,24,71,980,13.0,104.5,147,Sunny,24,2,High,122768,60648,Redirect to Nearby Market
2025-05-02 22:00:00,C058,Apple,Lucknow,Chennai,32,94,1018,18.1,75.9,138,Clear,28,1,High,75850,40203,Redirect to Nearby Market
2025-05-02 23:00:00,C271,Banana,Kolkata,Mumbai,32,65,994,21.7,114.3,338,Rainy,29,1,High,147035,48700,Redirect to Nearby Market
2025-05-03 00:00:00,C158,Avocado,Hyderabad,Pune,25,33,1000,10.1,71.5,343,Rainy,28,1,High,137464,45279,Redirect to Nearby Market
2025-05-03 01:00:00,C016,Orange,Hyderabad,Bengaluru,22,86,995,20.4,66.9,177,Rainy,24,2,High,108019,25440,Redirect to Nearby Market
2025-05-03 02:00:00,C079,Mango,Jaipur,Chennai,24,80,1012,13.2,51.7,143,Storm,15,5,Medium,20537,12601,Monitor Shipment
2025-05-03 03:00:00,C284,Avocado,Hyderabad,Pune,20,82,1005,12.3,118.0,185,Cloudy,14,6,Medium,16269,5484,Monitor Shipment
2025-05-03 04:00:00,C043,Banana,Bengaluru,Mumbai,34,41,1016,19.1,44.8,164,Clear,13,6,Medium,49900,17644,Monitor Shipment
2025-05-03 05:00:00,C203,Banana,Jaipur,Delhi,28,76,1006,10.0,62.7,77,Sunny,21,3,High,107893,74260,Redirect to Nearby Market
2025-05-03 06:00:00,C219,Avocado,Hyderabad,Chennai,33,84,1022,15.1,28.8,259,Cloudy,15,5,Medium,15379,15041,Monitor Shipment
2025-05-03 07:00:00,C286,Banana,Jaipur,Mumbai,22,43,1011,2.3,115.0,156,Clear,20,4,Medium,34398,14863,Monitor Shipment
2025-05-03 08:00:00,C271,Orange,Delhi,Mumbai,31,36,1002,24.3,29.3,343,Cloudy,28,1,High,127036,62669,Redirect to Nearby Market
2025-05-03 09:00:00,C204,Avocado,Chennai,Bengaluru,42,86,1034,15.2,29.7,267,Rainy,24,2,High,115960,77603,Redirect to Nearby Market
2025-05-03 10:00:00,C136,Apple,Ahmedabad,Chennai,40,54,1008,3.8,113.1,44,Fog,30,1,High,145741,72850,Redirect to Nearby Market
2025-05-03 11:00:00,C050,Mango,Chennai,Delhi,35,43,1013,3.0,68.2,104,Cloudy,28,1,High,81916,39647,Redirect to Nearby Market
2025-05-03 12:00:00,C135,Apple,Mumbai,Delhi,23,38,997,13.5,25.5,248,Sunny,17,5,Medium,48618,18831,Monitor Shipment
2025-05-03 13:00:00,C073,Banana,Hyderabad,Pune,29,31,990,22.6,43.3,330,Fog,23,3,High,88522,61156,Redirect to Nearby Market
2025-05-03 14:00:00,C042,Banana,Lucknow,Pune,19,75,992,10.5,117.5,164,Rainy,5,9,Low,5779,3125,Continue Route
2025-05-03 15:00:00,C183,Banana,Hyderabad,Hyderabad,31,91,1015,17.3,42.2,255,Storm,26,2,High,116901,31374,Redirect to Nearby Market
2025-05-03 16:00:00,C113,Avocado,Mumbai,Chennai,25,56,980,5.3,62.9,38,Rainy,10,7,Low,8438,1664,Continue Route
2025-05-03 17:00:00,C281,Banana,Bengaluru,Delhi,35,85,1021,16.0,103.2,305,Fog,22,3,High,72423,31235,Redirect to Nearby Market
2025-05-03 18:00:00,C083,Apple,Pune,Mumbai,24,75,981,5.3,43.2,223,Storm,12,6,Medium,32192,5111,Monitor Shipment
2025-05-03 19:00:00,C186,Avocado,Jaipur,Pune,38,76,1026,8.3,50.8,189,Fog,18,4,Medium,29985,11128,Monitor Shipment
2025-05-03 20:00:00,C197,Apple,Chennai,Mumbai,36,44,1003,7.4,11.9,237,Clear,16,5,Medium,21330,18750,Monitor Shipment
2025-05-03 21:00:00,C095,Apple,Jaipur,Hyderabad,40,85,1025,22.8,97.6,126,Fog,6,8,Low,14890,3630,Continue Route
2025-05-03 22:00:00,C173,Orange,Ahmedabad,Bengaluru,37,63,1013,11.0,100.5,176,Clear,16,5,Medium,27911,13217,Monitor Shipment
2025-05-03 23:00:00,C164,Orange,Chennai,Pune,32,56,1009,6.0,78.7,310,Fog,35,1,High,123946,61564,Redirect to Nearby Market
2025-05-04 00:00:00,C284,Orange,Jaipur,Delhi,38,54,992,4.4,80.4,194,Storm,18,4,Medium,20760,6725,Monitor Shipment
2025-05-04 01:00:00,C103,Apple,Lucknow,Bengaluru,33,82,1008,21.6,16.4,230,Fog,18,4,Medium,46881,13727,Monitor Shipment
2025-05-04 02:00:00,C029,Avocado,Jaipur,Mumbai,25,45,1029,7.2,15.7,34,Sunny,8,8,Low,9430,3693,Continue Route
2025-05-04 03:00:00,C146,Mango,Mumbai,Bengaluru,25,78,1007,20.8,81.1,157,Clear,33,1,High,102689,25998,Redirect to Nearby Market
2025-05-04 04:00:00,C164,Apple,Delhi,Hyderabad,38,44,1025,6.9,77.0,156,Fog,31,1,High,118755,77406,Redirect to Nearby Market
2025-05-04 05:00:00,C260,Orange,Delhi,Pune,39,52,1011,17.1,58.6,321,Storm,17,5,Medium,49746,8416,Monitor Shipment
2025-05-04 06:00:00,C237,Avocado,Bengaluru,Mumbai,31,71,987,14.9,97.7,298,Storm,33,1,High,102325,43011,Redirect to Nearby Market
2025-05-04 07:00:00,C236,Mango,Jaipur,Chennai,37,77,981,0.9,12.0,101,Cloudy,28,1,High,111904,24199,Redirect to Nearby Market
2025-05-04 08:00:00,C141,Banana,Chennai,Delhi,18,69,997,12.7,70.6,54,Sunny,35,1,High,132696,46103,Redirect to Nearby Market
2025-05-04 09:00:00,C258,Mango,Kolkata,Delhi,32,67,1016,1.0,84.6,32,Sunny,29,1,High,88232,22870,Redirect to Nearby Market
2025-05-04 10:00:00,C145,Apple,Pune,Mumbai,28,83,1006,12.6,37.0,263,Storm,8,8,Low,10549,4693,Continue Route
2025-05-04 11:00:00,C223,Mango,Hyderabad,Mumbai,22,67,1033,22.4,88.8,167,Cloudy,21,3,High,141743,30062,Redirect to Nearby Market
2025-05-04 12:00:00,C171,Avocado,Chennai,Pune,24,42,1002,4.9,105.8,273,Cloudy,23,3,High,122734,53861,Redirect to Nearby Market
2025-05-04 13:00:00,C133,Orange,Mumbai,Bengaluru,23,77,1021,15.8,89.6,147,Cloudy,33,1,High,140020,31662,Redirect to Nearby Market
2025-05-04 14:00:00,C031,Avocado,Chennai,Bengaluru,37,46,1014,15.9,52.9,304,Rainy,11,7,Low,6868,4788,Continue Route
2025-05-04 15:00:00,C246,Banana,Chennai,Bengaluru,33,79,992,13.7,91.5,250,Fog,15,5,Medium,33612,11517,Monitor Shipment
2025-05-04 16:00:00,C105,Avocado,Ahmedabad,Hyderabad,41,54,988,7.8,30.1,38,Fog,27,1,High,83617,65606,Redirect to Nearby Market
2025-05-04 17:00:00,C003,Banana,Pune,Hyderabad,31,32,993,15.3,24.4,71,Clear,27,1,High,117623,61912,Redirect to Nearby Market
2025-05-04 18:00:00,C150,Avocado,Ahmedabad,Hyderabad,37,81,997,13.4,6.8,147,Clear,23,3,High,107948,33858,Redirect to Nearby Market
2025-05-04 19:00:00,C067,Apple,Chennai,Bengaluru,38,69,989,13.4,64.4,303,Fog,33,1,High,96488,49885,Redirect to Nearby Market
2025-05-04 20:00:00,C186,Apple,Bengaluru,Hyderabad,29,94,988,1.1,33.3,287,Rainy,9,7,Low,11783,3215,Continue Route
2025-05-04 21:00:00,C198,Orange,Chennai,Hyderabad,19,59,993,24.5,73.6,281,Sunny,7,8,Low,11532,4817,Continue Route
2025-05-04 22:00:00,C247,Mango,Jaipur,Pune,37,63,987,3.6,21.0,146,Storm,10,7,Low,10709,2953,Continue Route
2025-05-04 23:00:00,C073,Banana,Bengaluru,Pune,21,25,1034,9.8,72.4,312,Rainy,28,1,High,103510,71651,Redirect to Nearby Market
2025-05-05 00:00:00,C228,Orange,Lucknow,Bengaluru,37,35,1017,16.2,36.6,104,Clear,27,1,High,126242,57920,Redirect to Nearby Market
2025-05-05 01:00:00,C045,Apple,Ahmedabad,Chennai,29,74,981,8.5,77.4,344,Fog,32,1,High,96649,66158,Redirect to Nearby Market
2025-05-05 02:00:00,C253,Orange,Delhi,Hyderabad,20,60,989,17.0,58.1,94,Rainy,12,6,Medium,46713,6001,Monitor Shipment
2025-05-05 03:00:00,C032,Apple,Hyderabad,Chennai,21,28,1027,6.1,87.4,256,Rainy,19,4,Medium,48304,7179,Monitor Shipment
2025-05-05 04:00:00,C028,Apple,Chennai,Bengaluru,18,92,991,15.9,70.5,111,Clear,18,4,Medium,42769,12284,Monitor Shipment
2025-05-05 05:00:00,C140,Avocado,Delhi,Chennai,27,49,1000,14.0,51.6,221,Fog,7,8,Low,8479,4880,Continue Route
2025-05-05 06:00:00,C104,Avocado,Mumbai,Delhi,26,39,980,23.7,8.0,256,Cloudy,16,5,Medium,22427,7359,Monitor Shipment
2025-05-05 07:00:00,C090,Banana,Bengaluru,Pune,42,59,1016,19.6,82.0,119,Fog,19,4,Medium,22006,16853,Monitor Shipment
2025-05-05 08:00:00,C108,Apple,Bengaluru,Hyderabad,29,83,993,8.6,26.9,197,Clear,15,5,Medium,44597,18091,Monitor Shipment
2025-05-05 09:00:00,C181,Mango,Mumbai,Bengaluru,21,49,1002,12.1,31.0,310,Fog,15,5,Medium,15681,14259,Monitor Shipment
2025-05-05 10:00:00,C032,Avocado,Hyderabad,Chennai,38,92,1017,17.1,85.7,320,Rainy,24,2,High,102261,22996,Redirect to Nearby Market
2025-05-05 11:00:00,C141,Orange,Pune,Chennai,20,60,981,5.3,34.7,134,Fog,28,1,High,136261,37875,Redirect to Nearby Market
2025-05-05 12:00:00,C058,Apple,Pune,Pune,32,72,988,10.2,115.2,317,Storm,31,1,High,105458,79848,Redirect to Nearby Market
2025-05-05 13:00:00,C038,Banana,Pune,Bengaluru,33,28,1035,2.0,111.0,54,Cloudy,26,2,High,91001,62330,Redirect to Nearby Market
2025-05-05 14:00:00,C101,Orange,Kolkata,Mumbai,40,51,982,18.9,5.8,71,Cloudy,25,2,High,76422,56039,Redirect to Nearby Market
2025-05-05 15:00:00,C186,Mango,Jaipur,Delhi,32,64,996,13.2,53.1,313,Storm,23,3,High,58577,43059,Redirect to Nearby Market
2025-05-05 16:00:00,C067,Banana,Chennai,Hyderabad,30,33,1034,3.0,38.0,249,Cloudy,18,4,Medium,35543,8985,Monitor Shipment
2025-05-05 17:00:00,C061,Mango,Bengaluru,Chennai,24,88,1033,11.3,24.0,87,Cloudy,9,7,Low,13077,3638,Continue Route
2025-05-05 18:00:00,C028,Apple,Kolkata,Pune,41,40,1004,3.8,70.7,308,Fog,20,4,Medium,37755,19201,Monitor Shipment
2025-05-05 19:00:00,C237,Mango,Hyderabad,Bengaluru,30,91,993,9.6,51.7,163,Rainy,30,1,High,127002,78553,Redirect to Nearby Market
2025-05-05 20:00:00,C124,Avocado,Bengaluru,Delhi,37,50,986,7.5,41.7,319,Rainy,10,7,Low,7576,4722,Continue Route
2025-05-05 21:00:00,C020,Orange,Ahmedabad,Hyderabad,19,84,1031,6.5,48.4,87,Cloudy,18,4,Medium,47857,13294,Monitor Shipment
2025-05-05 22:00:00,C163,Avocado,Mumbai,Mumbai,20,44,1012,4.2,27.4,210,Clear,30,1,High,116222,59593,Redirect to Nearby Market
2025-05-05 23:00:00,C130,Banana,Lucknow,Hyderabad,31,45,1007,20.6,78.9,292,Sunny,26,2,High,130890,41115,Redirect to Nearby Market
