datetime,city,temperature,humidity,pressure,wind_speed,rainfall,aqi,status
2025-01-01 00:00:00,Jaipur,33,41,1014,15.5,47.4,50,Fog
2025-01-01 01:00:00,Jaipur,40,83,985,20.9,22.5,69,Rainy
2025-01-01 02:00:00,Pune,41,50,994,9.7,20.0,337,Sunny
2025-01-01 03:00:00,Mumbai,32,88,1011,19.3,115.2,36,Cloudy
2025-01-01 04:00:00,Mumbai,23,65,996,7.1,22.1,195,Rainy
2025-01-01 05:00:00,Kolkata,21,42,1001,4.2,116.0,318,Sunny
2025-01-01 06:00:00,Jaipur,19,66,1027,16.1,72.5,225,Cloudy
2025-01-01 07:00:00,Ahmedabad,24,83,1012,11.8,76.2,39,Rainy
2025-01-01 08:00:00,Bengaluru,30,50,1000,4.7,28.2,295,Rainy
2025-01-01 09:00:00,Delhi,20,72,995,5.6,13.0,334,Rainy
2025-01-01 10:00:00,Jaipur,26,83,983,7.1,47.7,277,Sunny
2025-01-01 11:00:00,Kolkata,38,53,1020,9.9,113.1,134,Sunny
2025-01-01 12:00:00,Ahmedabad,34,67,989,11.6,90.6,42,Rainy
2025-01-01 13:00:00,Jaipur,18,30,1019,23.4,66.5,266,Clear
2025-01-01 14:00:00,Kolkata,21,28,1026,13.3,84.7,144,Clear
2025-01-01 15:00:00,Kolkata,19,28,1014,10.9,48.8,206,Cloudy
2025-01-01 16:00:00,Jaipur,34,81,989,19.4,106.3,319,Cloudy
2025-01-01 17:00:00,Kolkata,40,81,1032,13.4,56.1,111,Clear
2025-01-01 18:00:00,Mumbai,24,89,999,3.1,104.2,294,Sunny
2025-01-01 19:00:00,Pune,37,79,1004,1.3,80.7,262,Rainy
2025-01-01 20:00:00,Hyderabad,18,47,1030,8.6,104.4,161,Sunny
2025-01-01 21:00:00,Chennai,30,43,988,21.1,69.9,128,Sunny
2025-01-01 22:00:00,Chennai,30,64,1010,11.9,34.4,170,Cloudy
2025-01-01 23:00:00,Kolkata,30,53,1027,6.8,36.2,341,Cloudy
2025-01-02 00:00:00,Lucknow,25,30,998,16.2,69.8,335,Clear
2025-01-02 01:00:00,Ahmedabad,27,61,1020,9.4,14.1,181,Cloudy
2025-01-02 02:00:00,Pune,40,86,987,23.1,17.6,158,Sunny
2025-01-02 03:00:00,Jaipur,30,87,997,10.3,21.8,214,Fog
2025-01-02 04:00:00,Jaipur,19,81,1029,1.2,105.4,229,Rainy
2025-01-02 05:00:00,Bengaluru,31,54,1031,16.4,67.0,141,Sunny
2025-01-02 06:00:00,Lucknow,41,25,999,12.0,71.6,63,Rainy
2025-01-02 07:00:00,Kolkata,25,25,1005,23.7,109.8,184,Clear
2025-01-02 08:00:00,Hyderabad,29,71,980,6.1,33.9,229,Fog
2025-01-02 09:00:00,Delhi,26,31,1017,11.6,116.1,174,Fog
2025-01-02 10:00:00,Lucknow,37,33,994,3.1,34.2,316,Fog
2025-01-02 11:00:00,Jaipur,35,39,1009,24.8,38.6,195,Sunny
2025-01-02 12:00:00,Delhi,32,43,1033,22.9,52.1,66,Clear
2025-01-02 13:00:00,Ahmedabad,36,47,1031,2.8,67.5,96,Fog
2025-01-02 14:00:00,Hyderabad,18,31,1006,18.0,63.4,263,Fog
2025-01-02 15:00:00,Jaipur,28,91,984,12.5,78.1,70,Storm
2025-01-02 16:00:00,Ahmedabad,35,48,1020,5.1,4.3,56,Rainy
2025-01-02 17:00:00,Delhi,18,34,987,15.9,19.6,316,Sunny
2025-01-02 18:00:00,Kolkata,39,87,1000,3.2,29.8,122,Rainy
2025-01-02 19:00:00,Lucknow,33,69,990,3.7,97.8,110,Sunny
2025-01-02 20:00:00,Mumbai,26,60,991,19.2,68.1,322,Fog
2025-01-02 21:00:00,Lucknow,41,83,996,10.9,44.2,255,Storm
2025-01-02 22:00:00,Jaipur,36,68,1021,13.4,14.5,347,Rainy
2025-01-02 23:00:00,Ahmedabad,27,47,992,3.2,7.3,73,Fog
2025-01-03 00:00:00,Pune,19,32,1004,8.1,73.6,97,Sunny
2025-01-03 01:00:00,Delhi,36,62,1022,5.9,113.2,177,Cloudy
2025-01-03 02:00:00,Pune,29,44,990,21.3,43.3,340,Cloudy
2025-01-03 03:00:00,Mumbai,23,30,997,11.7,108.0,132,Rainy
2025-01-03 04:00:00,Hyderabad,19,95,1034,14.0,108.8,137,Fog
2025-01-03 05:00:00,Pune,36,67,997,16.5,76.4,118,Clear
2025-01-03 06:00:00,Mumbai,18,71,1022,12.7,87.3,62,Clear
2025-01-03 07:00:00,Lucknow,23,38,1024,10.7,68.9,221,Cloudy
2025-01-03 08:00:00,Lucknow,36,82,1022,21.3,16.5,88,Storm
2025-01-03 09:00:00,Chennai,31,80,999,10.6,27.9,195,Cloudy
2025-01-03 10:00:00,Mumbai,22,88,1028,18.7,24.3,299,Fog
2025-01-03 11:00:00,Kolkata,29,92,1021,19.7,99.8,340,Storm
2025-01-03 12:00:00,Pune,34,57,980,3.2,56.4,107,Sunny
2025-01-03 13:00:00,Lucknow,28,39,1018,15.1,17.0,239,Sunny
2025-01-03 14:00:00,Lucknow,29,67,1035,4.1,66.0,176,Fog
2025-01-03 15:00:00,Hyderabad,37,70,1017,17.4,12.3,253,Storm
2025-01-03 16:00:00,Lucknow,26,54,1029,8.0,22.6,100,Cloudy
2025-01-03 17:00:00,Delhi,34,94,1002,1.9,21.8,181,Clear
2025-01-03 18:00:00,Hyderabad,36,71,1003,10.1,18.0,324,Sunny
2025-01-03 19:00:00,Chennai,39,30,1019,17.6,51.0,293,Cloudy
2025-01-03 20:00:00,Ahmedabad,37,42,990,9.5,106.0,145,Fog
2025-01-03 21:00:00,Bengaluru,18,48,987,13.6,39.3,211,Sunny
2025-01-03 22:00:00,Chennai,18,84,1031,24.9,10.7,221,Storm
2025-01-03 23:00:00,Pune,29,71,988,8.8,25.0,78,Rainy
2025-01-04 00:00:00,Ahmedabad,26,28,1015,12.1,49.1,103,Clear
2025-01-04 01:00:00,Mumbai,30,73,1028,0.8,106.5,248,Clear
2025-01-04 02:00:00,Lucknow,35,65,1016,21.6,24.0,167,Fog
2025-01-04 03:00:00,Mumbai,32,38,1033,19.0,35.7,320,Sunny
2025-01-04 04:00:00,Ahmedabad,36,45,994,11.2,55.9,330,Fog
2025-01-04 05:00:00,Mumbai,19,92,999,12.0,0.6,280,Cloudy
2025-01-04 06:00:00,Mumbai,32,62,1023,9.0,82.5,187,Sunny
2025-01-04 07:00:00,Lucknow,38,59,982,9.3,117.3,141,Fog
2025-01-04 08:00:00,Jaipur,23,87,1002,18.3,42.9,115,Clear
2025-01-04 09:00:00,Jaipur,41,58,1003,1.8,52.5,284,Rainy
2025-01-04 10:00:00,Lucknow,18,95,1025,2.7,99.5,338,Fog
2025-01-04 11:00:00,Bengaluru,31,59,1011,2.6,19.1,33,Storm
2025-01-04 12:00:00,Jaipur,32,41,983,2.4,3.5,95,Cloudy
2025-01-04 13:00:00,Chennai,38,32,1031,4.4,66.5,49,Cloudy
2025-01-04 14:00:00,Hyderabad,25,28,986,11.7,80.3,270,Clear
2025-01-04 15:00:00,Kolkata,33,87,1014,2.9,49.4,292,Fog
2025-01-04 16:00:00,Lucknow,35,73,1031,2.7,6.4,207,Cloudy
2025-01-04 17:00:00,Pune,23,48,1033,21.4,113.4,288,Storm
2025-01-04 18:00:00,Lucknow,33,45,1030,3.9,5.0,257,Cloudy
2025-01-04 19:00:00,Delhi,24,40,987,2.4,68.3,335,Storm
2025-01-04 20:00:00,Hyderabad,41,77,1025,1.5,118.7,166,Storm
2025-01-04 21:00:00,Chennai,22,38,992,19.4,90.2,140,Sunny
2025-01-04 22:00:00,Kolkata,27,48,1027,17.8,94.5,335,Storm
2025-01-04 23:00:00,Mumbai,35,60,1015,24.7,35.5,251,Sunny
2025-01-05 00:00:00,Jaipur,25,27,1024,13.4,94.1,110,Rainy
2025-01-05 01:00:00,Bengaluru,33,88,1032,4.7,62.3,133,Rainy
2025-01-05 02:00:00,Jaipur,20,70,999,20.5,30.9,348,Sunny
2025-01-05 03:00:00,Mumbai,40,58,1002,16.3,79.8,225,Sunny
2025-01-05 04:00:00,Mumbai,20,63,981,9.3,62.6,192,Sunny
2025-01-05 05:00:00,Bengaluru,37,29,1029,0.7,79.2,171,Sunny
2025-01-05 06:00:00,Jaipur,27,76,1035,17.1,35.7,269,Sunny
2025-01-05 07:00:00,Jaipur,22,46,991,6.2,94.6,279,Fog
2025-01-05 08:00:00,Lucknow,41,78,992,21.5,93.4,122,Cloudy
2025-01-05 09:00:00,Delhi,42,46,1028,13.8,29.0,236,Sunny
2025-01-05 10:00:00,Kolkata,18,95,1033,17.6,15.1,248,Cloudy
2025-01-05 11:00:00,Delhi,40,50,1035,2.2,117.2,96,Cloudy
2025-01-05 12:00:00,Hyderabad,20,55,1035,4.4,82.3,202,Storm
2025-01-05 13:00:00,Kolkata,29,31,1018,14.5,110.8,295,Clear
2025-01-05 14:00:00,Mumbai,22,79,1002,11.0,16.1,49,Sunny
2025-01-05 15:00:00,Kolkata,30,27,1007,1.1,13.3,349,Fog
2025-01-05 16:00:00,Jaipur,24,80,1008,20.7,14.8,115,Clear
2025-01-05 17:00:00,Pune,32,60,1028,20.2,55.3,300,Storm
2025-01-05 18:00:00,Ahmedabad,35,85,1032,9.4,80.1,234,Fog
2025-01-05 19:00:00,Chennai,21,70,1015,10.4,112.6,277,Storm
2025-01-05 20:00:00,Hyderabad,32,95,1026,18.3,96.9,32,Fog
2025-01-05 21:00:00,Mumbai,32,61,1027,6.8,54.5,32,Clear
2025-01-05 22:00:00,Delhi,19,68,1029,15.2,34.4,139,Fog
2025-01-05 23:00:00,Hyderabad,41,59,1023,10.4,105.4,268,Rainy
2025-01-06 00:00:00,Mumbai,28,94,1012,16.2,12.0,210,Storm
2025-01-06 01:00:00,Chennai,19,30,997,5.2,74.6,213,Rainy
2025-01-06 02:00:00,Pune,33,78,1029,11.4,73.2,85,Sunny
2025-01-06 03:00:00,Jaipur,31,67,1028,17.2,83.5,31,Storm
2025-01-06 04:00:00,Delhi,39,28,1017,10.8,60.9,198,Clear
2025-01-06 05:00:00,Bengaluru,26,26,986,1.6,5.9,178,Rainy
2025-01-06 06:00:00,Lucknow,21,67,1024,5.0,95.8,338,Cloudy
2025-01-06 07:00:00,Chennai,27,81,1006,16.2,9.6,97,Rainy
2025-01-06 08:00:00,Pune,24,86,1020,8.4,55.2,286,Fog
2025-01-06 09:00:00,Jaipur,39,57,988,11.1,28.6,342,Fog
2025-01-06 10:00:00,Chennai,31,31,1013,1.2,46.5,233,Fog
2025-01-06 11:00:00,Hyderabad,29,71,1005,10.8,47.0,47,Rainy
2025-01-06 12:00:00,Kolkata,27,83,1029,19.4,104.8,135,Sunny
2025-01-06 13:00:00,Bengaluru,36,94,1013,9.8,93.4,111,Cloudy
2025-01-06 14:00:00,Mumbai,40,27,989,14.4,22.3,50,Cloudy
2025-01-06 15:00:00,Jaipur,36,73,1009,23.9,33.9,323,Clear
2025-01-06 16:00:00,Lucknow,33,80,989,15.8,22.2,31,Rainy
2025-01-06 17:00:00,Chennai,31,79,1032,5.3,15.7,123,Fog
2025-01-06 18:00:00,Pune,19,78,1029,12.6,117.5,195,Rainy
2025-01-06 19:00:00,Bengaluru,34,79,990,14.3,119.0,148,Cloudy
2025-01-06 20:00:00,Chennai,18,61,993,10.1,5.6,187,Sunny
2025-01-06 21:00:00,Jaipur,41,50,1035,17.9,53.7,164,Storm
2025-01-06 22:00:00,Mumbai,23,30,990,17.6,28.8,85,Cloudy
2025-01-06 23:00:00,Chennai,41,45,1024,8.4,45.2,279,Fog
2025-01-07 00:00:00,Bengaluru,33,58,1005,0.9,90.7,42,Fog
2025-01-07 01:00:00,Mumbai,20,71,989,10.9,73.0,112,Storm
2025-01-07 02:00:00,Bengaluru,36,73,1019,23.7,24.1,256,Cloudy
2025-01-07 03:00:00,Hyderabad,18,94,1002,23.0,19.5,158,Rainy
2025-01-07 04:00:00,Bengaluru,21,45,1016,5.4,92.7,99,Fog
2025-01-07 05:00:00,Lucknow,41,39,1018,23.2,44.6,146,Sunny
2025-01-07 06:00:00,Jaipur,26,65,1026,8.0,6.4,295,Clear
2025-01-07 07:00:00,Delhi,25,59,1029,22.6,34.7,31,Rainy
2025-01-07 08:00:00,Delhi,26,33,995,5.8,42.6,150,Storm
2025-01-07 09:00:00,Hyderabad,38,44,1030,21.6,36.0,300,Fog
2025-01-07 10:00:00,Hyderabad,28,77,1032,13.1,11.1,210,Fog
2025-01-07 11:00:00,Lucknow,24,39,1004,0.7,107.8,304,Clear
2025-01-07 12:00:00,Chennai,26,82,1007,16.8,94.0,236,Cloudy
2025-01-07 13:00:00,Hyderabad,35,85,992,17.1,105.9,132,Storm
2025-01-07 14:00:00,Hyderabad,36,84,1017,3.7,80.4,40,Fog
2025-01-07 15:00:00,Bengaluru,20,33,1030,8.6,28.3,82,Storm
2025-01-07 16:00:00,Pune,37,60,1016,18.7,47.5,262,Cloudy
2025-01-07 17:00:00,Delhi,27,41,1009,4.3,27.8,79,Clear
2025-01-07 18:00:00,Ahmedabad,27,74,1014,12.0,100.1,151,Storm
2025-01-07 19:00:00,Hyderabad,31,63,1015,16.5,105.2,113,Rainy
2025-01-07 20:00:00,Pune,23,45,982,9.3,40.0,120,Rainy
2025-01-07 21:00:00,Bengaluru,34,83,1012,16.1,9.8,314,Rainy
2025-01-07 22:00:00,Kolkata,35,72,987,3.4,45.5,281,Cloudy
2025-01-07 23:00:00,Lucknow,35,27,984,21.6,65.0,210,Clear
2025-01-08 00:00:00,Kolkata,42,30,992,8.6,0.4,48,Clear
2025-01-08 01:00:00,Delhi,34,72,991,10.9,38.0,127,Clear
2025-01-08 02:00:00,Lucknow,18,92,996,19.8,110.8,182,Sunny
2025-01-08 03:00:00,Kolkata,28,58,1009,14.9,67.8,343,Clear
2025-01-08 04:00:00,Delhi,34,68,1035,9.7,93.2,274,Clear
2025-01-08 05:00:00,Pune,37,27,996,9.5,76.2,193,Rainy
2025-01-08 06:00:00,Ahmedabad,33,80,992,21.2,40.4,123,Fog
2025-01-08 07:00:00,Lucknow,31,43,988,16.4,20.5,345,Sunny
2025-01-08 08:00:00,Pune,18,38,1021,1.2,30.9,265,Clear
2025-01-08 09:00:00,Jaipur,38,31,1024,16.9,90.4,85,Cloudy
2025-01-08 10:00:00,Hyderabad,34,46,1004,6.4,61.1,286,Cloudy
2025-01-08 11:00:00,Ahmedabad,26,29,1033,1.0,78.2,79,Fog
2025-01-08 12:00:00,Hyderabad,38,68,1032,17.4,28.9,344,Storm
2025-01-08 13:00:00,Bengaluru,34,78,1018,25.0,5.2,76,Cloudy
2025-01-08 14:00:00,Mumbai,25,70,1013,18.7,10.4,31,Fog
2025-01-08 15:00:00,Chennai,37,25,1028,20.3,26.4,66,Rainy
2025-01-08 16:00:00,Delhi,24,66,987,21.9,56.6,215,Clear
2025-01-08 17:00:00,Chennai,41,66,1031,4.2,22.5,80,Storm
2025-01-08 18:00:00,Bengaluru,38,78,996,6.1,79.1,301,Storm
2025-01-08 19:00:00,Chennai,22,46,1031,19.3,32.2,211,Cloudy
2025-01-08 20:00:00,Lucknow,38,95,1000,5.8,6.2,311,Fog
2025-01-08 21:00:00,Delhi,41,30,1033,20.5,14.8,90,Fog
2025-01-08 22:00:00,Hyderabad,20,50,1011,19.4,60.2,31,Rainy
2025-01-08 23:00:00,Kolkata,29,35,1018,9.9,23.2,240,Sunny
2025-01-09 00:00:00,Jaipur,26,47,981,1.4,31.7,192,Rainy
2025-01-09 01:00:00,Kolkata,29,91,1013,20.7,58.3,299,Cloudy
2025-01-09 02:00:00,Chennai,38,94,1006,14.8,83.2,324,Rainy
2025-01-09 03:00:00,Ahmedabad,19,67,1025,12.3,7.0,162,Clear
2025-01-09 04:00:00,Jaipur,31,70,1032,3.7,80.8,117,Rainy
2025-01-09 05:00:00,Jaipur,31,77,1022,5.5,32.7,89,Clear
2025-01-09 06:00:00,Ahmedabad,30,88,998,20.9,3.1,132,Sunny
2025-01-09 07:00:00,Mumbai,41,41,1024,17.0,99.6,192,Cloudy
2025-01-09 08:00:00,Delhi,41,87,1005,21.8,100.5,201,Storm
2025-01-09 09:00:00,Jaipur,36,66,981,15.9,35.4,334,Sunny
2025-01-09 10:00:00,Ahmedabad,26,45,1023,23.6,1.3,118,Fog
2025-01-09 11:00:00,Chennai,34,36,980,13.4,99.4,125,Rainy
2025-01-09 12:00:00,Pune,42,69,1013,16.2,19.3,45,Fog
2025-01-09 13:00:00,Hyderabad,39,39,993,10.0,81.1,38,Sunny
2025-01-09 14:00:00,Hyderabad,42,53,1018,17.5,107.4,183,Rainy
2025-01-09 15:00:00,Chennai,21,39,1017,5.4,6.7,156,Clear
2025-01-09 16:00:00,Chennai,41,84,1026,23.3,100.3,243,Sunny
2025-01-09 17:00:00,Hyderabad,27,79,997,20.6,85.1,205,Storm
2025-01-09 18:00:00,Hyderabad,38,35,1026,18.1,0.3,290,Rainy
2025-01-09 19:00:00,Mumbai,24,84,1014,8.0,80.6,220,Sunny
2025-01-09 20:00:00,Bengaluru,24,93,1012,7.0,52.1,137,Cloudy
2025-01-09 21:00:00,Kolkata,24,59,1035,22.0,109.5,63,Fog
2025-01-09 22:00:00,Jaipur,34,25,1024,7.3,4.9,299,Cloudy
2025-01-09 23:00:00,Jaipur,42,63,999,6.3,86.2,179,Cloudy
2025-01-10 00:00:00,Kolkata,19,79,992,18.2,16.9,120,Sunny
2025-01-10 01:00:00,Chennai,42,89,1030,22.1,66.9,150,Fog
2025-01-10 02:00:00,Hyderabad,30,92,1014,18.4,95.2,107,Fog
2025-01-10 03:00:00,Chennai,30,51,1002,17.5,81.2,54,Sunny
2025-01-10 04:00:00,Pune,26,95,1001,20.1,118.0,270,Rainy
2025-01-10 05:00:00,Delhi,34,72,1022,11.1,12.6,311,Sunny
2025-01-10 06:00:00,Ahmedabad,28,89,986,17.5,101.7,316,Cloudy
2025-01-10 07:00:00,Pune,33,53,1004,0.7,108.5,40,Fog
2025-01-10 08:00:00,Pune,31,94,1026,14.0,25.1,154,Fog
2025-01-10 09:00:00,Kolkata,30,38,1023,16.9,20.3,161,Storm
2025-01-10 10:00:00,Bengaluru,40,49,1023,19.8,109.4,204,Storm
2025-01-10 11:00:00,Mumbai,19,73,1017,13.8,95.5,55,Fog
2025-01-10 12:00:00,Jaipur,23,28,1004,6.1,21.0,103,Storm
2025-01-10 13:00:00,Ahmedabad,35,59,1018,3.0,27.7,171,Cloudy
2025-01-10 14:00:00,Pune,34,63,1020,9.2,9.3,113,Fog
2025-01-10 15:00:00,Kolkata,35,27,1001,22.9,28.5,72,Clear
2025-01-10 16:00:00,Kolkata,35,91,1027,17.7,65.2,70,Cloudy
2025-01-10 17:00:00,Kolkata,20,26,1011,15.8,1.1,213,Fog
2025-01-10 18:00:00,Lucknow,29,80,989,16.0,22.8,125,Cloudy
2025-01-10 19:00:00,Chennai,24,48,991,6.9,41.9,255,Fog
2025-01-10 20:00:00,Jaipur,35,65,1021,8.6,69.4,119,Fog
2025-01-10 21:00:00,Bengaluru,32,92,1020,8.3,109.4,286,Fog
2025-01-10 22:00:00,Kolkata,22,64,1010,20.2,30.6,278,Clear
2025-01-10 23:00:00,Lucknow,38,25,1017,23.8,69.8,92,Sunny
2025-01-11 00:00:00,Kolkata,21,60,1015,24.6,70.1,40,Storm
2025-01-11 01:00:00,Lucknow,33,79,1035,22.1,119.3,230,Storm
2025-01-11 02:00:00,Mumbai,24,55,1015,22.9,68.4,333,Fog
2025-01-11 03:00:00,Jaipur,30,69,1003,1.9,33.2,284,Clear
2025-01-11 04:00:00,Mumbai,39,51,986,6.0,24.0,275,Storm
2025-01-11 05:00:00,Pune,36,43,1026,21.4,38.7,76,Storm
2025-01-11 06:00:00,Ahmedabad,41,65,1028,16.1,27.1,90,Rainy
2025-01-11 07:00:00,Mumbai,23,27,985,3.0,5.7,38,Clear
2025-01-11 08:00:00,Jaipur,39,33,1014,7.3,64.4,314,Rainy
2025-01-11 09:00:00,Delhi,22,47,1013,17.9,9.8,173,Clear
2025-01-11 10:00:00,Mumbai,31,56,1035,4.9,79.2,153,Fog
2025-01-11 11:00:00,Kolkata,36,86,1009,14.4,85.6,222,Clear
2025-01-11 12:00:00,Hyderabad,39,85,980,13.7,48.8,46,Sunny
2025-01-11 13:00:00,Ahmedabad,36,47,998,24.7,2.9,264,Clear
2025-01-11 14:00:00,Hyderabad,23,79,1032,17.7,33.7,310,Fog
2025-01-11 15:00:00,Lucknow,18,85,1025,12.1,53.0,343,Storm
2025-01-11 16:00:00,Jaipur,39,90,1035,8.7,88.7,113,Cloudy
2025-01-11 17:00:00,Jaipur,21,49,982,2.3,26.6,142,Rainy
2025-01-11 18:00:00,Ahmedabad,32,45,1015,8.5,15.1,81,Clear
2025-01-11 19:00:00,Pune,23,92,1010,9.4,61.7,87,Cloudy
2025-01-11 20:00:00,Bengaluru,38,89,1002,20.5,54.0,185,Cloudy
2025-01-11 21:00:00,Pune,39,75,1008,12.7,96.4,206,Sunny
2025-01-11 22:00:00,Jaipur,41,79,993,20.8,101.5,149,Storm
2025-01-11 23:00:00,Lucknow,42,60,1023,21.7,70.0,60,Storm
2025-01-12 00:00:00,Ahmedabad,19,56,982,11.7,101.7,80,Sunny
2025-01-12 01:00:00,Lucknow,32,94,997,16.7,28.1,337,Storm
2025-01-12 02:00:00,Kolkata,28,58,1022,12.2,46.1,86,Rainy
2025-01-12 03:00:00,Delhi,34,85,1009,6.5,12.7,270,Clear
2025-01-12 04:00:00,Delhi,34,94,1031,12.7,117.3,100,Fog
2025-01-12 05:00:00,Hyderabad,26,69,997,7.2,79.3,35,Storm
2025-01-12 06:00:00,Kolkata,31,27,992,17.7,56.0,144,Cloudy
2025-01-12 07:00:00,Delhi,26,41,1032,21.5,84.7,331,Cloudy
2025-01-12 08:00:00,Delhi,28,66,984,19.7,16.1,167,Clear
2025-01-12 09:00:00,Mumbai,35,71,1022,5.6,60.3,120,Storm
2025-01-12 10:00:00,Hyderabad,23,46,1034,6.5,39.3,303,Cloudy
2025-01-12 11:00:00,Ahmedabad,33,74,1012,20.2,39.7,51,Rainy
2025-01-12 12:00:00,Pune,31,35,1029,2.7,117.3,311,Cloudy
2025-01-12 13:00:00,Delhi,29,80,1001,1.4,79.8,148,Storm
2025-01-12 14:00:00,Chennai,41,55,1000,23.1,4.4,128,Sunny
2025-01-12 15:00:00,Jaipur,27,58,1022,5.9,99.7,227,Storm
2025-01-12 16:00:00,Mumbai,37,51,1003,10.2,80.3,61,Clear
2025-01-12 17:00:00,Delhi,36,59,997,16.8,16.4,236,Clear
2025-01-12 18:00:00,Lucknow,36,83,1015,9.2,17.9,254,Fog
2025-01-12 19:00:00,Kolkata,31,56,1020,13.6,33.9,222,Sunny
2025-01-12 20:00:00,Pune,30,29,983,17.2,5.4,114,Cloudy
2025-01-12 21:00:00,Mumbai,21,70,999,21.9,118.1,127,Storm
2025-01-12 22:00:00,Jaipur,30,69,1004,7.0,26.0,153,Clear
2025-01-12 23:00:00,Pune,38,70,1025,12.3,35.9,93,Sunny
2025-01-13 00:00:00,Hyderabad,42,33,1029,23.5,80.3,80,Rainy
2025-01-13 01:00:00,Chennai,37,50,994,11.3,109.0,157,Fog
2025-01-13 02:00:00,Ahmedabad,22,49,1034,10.8,62.8,300,Clear
2025-01-13 03:00:00,Chennai,42,45,1035,0.6,14.8,268,Rainy
2025-01-13 04:00:00,Mumbai,33,93,1017,21.2,0.7,94,Cloudy
2025-01-13 05:00:00,Hyderabad,26,41,1030,9.9,89.8,303,Rainy
2025-01-13 06:00:00,Hyderabad,25,43,1017,2.1,58.3,139,Sunny
2025-01-13 07:00:00,Jaipur,34,75,1025,6.0,75.8,207,Cloudy
2025-01-13 08:00:00,Chennai,38,62,994,7.9,20.4,206,Cloudy
2025-01-13 09:00:00,Pune,29,50,1008,7.2,95.3,175,Storm
2025-01-13 10:00:00,Bengaluru,19,90,984,22.3,94.3,329,Clear
2025-01-13 11:00:00,Lucknow,34,44,1021,23.6,62.3,73,Fog
2025-01-13 12:00:00,Ahmedabad,35,83,996,11.6,109.2,212,Cloudy
2025-01-13 13:00:00,Hyderabad,40,77,1013,19.4,74.8,35,Storm
2025-01-13 14:00:00,Bengaluru,40,77,993,17.0,50.8,174,Rainy
2025-01-13 15:00:00,Pune,29,36,1006,23.4,99.8,32,Clear
2025-01-13 16:00:00,Mumbai,39,58,1019,12.3,14.7,229,Cloudy
2025-01-13 17:00:00,Ahmedabad,22,82,982,6.8,11.9,32,Storm
2025-01-13 18:00:00,Hyderabad,27,79,987,3.0,44.5,350,Storm
2025-01-13 19:00:00,Pune,42,54,991,1.9,9.2,201,Fog
2025-01-13 20:00:00,Lucknow,37,30,1031,19.1,64.1,231,Cloudy
2025-01-13 21:00:00,Kolkata,41,85,1018,2.2,115.0,172,Cloudy
2025-01-13 22:00:00,Bengaluru,28,91,1003,15.6,109.3,69,Fog
2025-01-13 23:00:00,Lucknow,18,43,1021,1.3,66.4,41,Sunny
2025-01-14 00:00:00,Lucknow,27,41,999,24.2,52.5,260,Storm
2025-01-14 01:00:00,Bengaluru,21,94,1032,12.0,19.2,328,Clear
2025-01-14 02:00:00,Chennai,27,79,980,4.3,59.3,77,Fog
2025-01-14 03:00:00,Kolkata,32,58,1031,10.6,69.4,345,Rainy
2025-01-14 04:00:00,Chennai,24,47,993,22.8,80.7,204,Rainy
2025-01-14 05:00:00,Lucknow,35,50,1007,24.5,67.7,277,Rainy
2025-01-14 06:00:00,Chennai,32,65,1010,4.7,16.3,48,Sunny
2025-01-14 07:00:00,Bengaluru,35,68,982,17.2,64.2,79,Rainy
2025-01-14 08:00:00,Chennai,33,82,1013,17.1,50.7,162,Cloudy
2025-01-14 09:00:00,Chennai,28,75,1007,23.7,117.1,229,Cloudy
2025-01-14 10:00:00,Chennai,20,59,1033,17.6,102.3,178,Rainy
2025-01-14 11:00:00,Hyderabad,30,76,981,3.0,33.8,295,Clear
2025-01-14 12:00:00,Pune,18,53,1029,22.0,67.8,217,Fog
2025-01-14 13:00:00,Delhi,32,35,1031,16.1,117.4,95,Sunny
2025-01-14 14:00:00,Hyderabad,31,36,1007,22.5,116.9,199,Rainy
2025-01-14 15:00:00,Jaipur,38,31,1025,1.2,111.3,264,Rainy
2025-01-14 16:00:00,Ahmedabad,26,59,993,10.6,101.9,288,Storm
2025-01-14 17:00:00,Hyderabad,23,36,999,17.8,104.8,111,Sunny
2025-01-14 18:00:00,Chennai,33,90,991,10.4,58.8,211,Clear
2025-01-14 19:00:00,Pune,31,94,998,23.9,36.7,202,Storm
2025-01-14 20:00:00,Delhi,31,92,1004,22.3,3.1,342,Clear
2025-01-14 21:00:00,Kolkata,32,37,985,0.6,35.7,84,Cloudy
2025-01-14 22:00:00,Chennai,26,48,1034,15.0,100.7,49,Clear
2025-01-14 23:00:00,Delhi,36,87,996,5.9,113.1,182,Storm
2025-01-15 00:00:00,Delhi,22,52,1005,15.5,79.2,350,Sunny
2025-01-15 01:00:00,Jaipur,35,32,991,17.3,86.3,273,Cloudy
2025-01-15 02:00:00,Lucknow,37,30,987,17.9,64.1,212,Cloudy
2025-01-15 03:00:00,Bengaluru,38,65,1029,16.9,110.6,127,Rainy
2025-01-15 04:00:00,Bengaluru,39,49,1033,7.1,87.5,181,Fog
2025-01-15 05:00:00,Jaipur,26,65,1002,5.1,56.1,327,Cloudy
2025-01-15 06:00:00,Bengaluru,26,40,1029,2.8,48.9,257,Rainy
2025-01-15 07:00:00,Chennai,33,26,1030,8.0,101.8,157,Cloudy
2025-01-15 08:00:00,Kolkata,25,65,1004,1.7,92.4,270,Cloudy
2025-01-15 09:00:00,Mumbai,40,92,989,19.1,78.2,171,Sunny
2025-01-15 10:00:00,Bengaluru,23,61,986,17.2,98.0,350,Sunny
2025-01-15 11:00:00,Bengaluru,29,75,996,18.5,8.4,156,Storm
2025-01-15 12:00:00,Mumbai,39,32,989,24.2,73.3,261,Storm
2025-01-15 13:00:00,Pune,35,75,1031,21.0,8.7,340,Fog
2025-01-15 14:00:00,Hyderabad,27,80,997,17.6,15.9,190,Cloudy
2025-01-15 15:00:00,Jaipur,40,64,1025,4.9,48.1,275,Clear
2025-01-15 16:00:00,Kolkata,36,95,1028,7.8,47.7,75,Sunny
2025-01-15 17:00:00,Bengaluru,36,72,1019,14.3,116.4,292,Fog
2025-01-15 18:00:00,Kolkata,26,69,980,5.1,26.8,174,Clear
2025-01-15 19:00:00,Ahmedabad,39,94,1033,6.7,98.7,271,Fog
2025-01-15 20:00:00,Delhi,35,50,1020,23.4,119.0,226,Fog
2025-01-15 21:00:00,Jaipur,36,91,1003,21.3,58.9,111,Cloudy
2025-01-15 22:00:00,Delhi,31,58,1009,4.0,21.9,58,Cloudy
2025-01-15 23:00:00,Ahmedabad,28,79,1024,23.5,10.6,302,Clear
2025-01-16 00:00:00,Pune,31,89,996,2.7,21.9,158,Storm
2025-01-16 01:00:00,Ahmedabad,28,30,1015,6.3,10.1,53,Cloudy
2025-01-16 02:00:00,Kolkata,25,88,1019,8.1,35.5,334,Storm
2025-01-16 03:00:00,Mumbai,28,53,1031,15.0,50.9,245,Rainy
2025-01-16 04:00:00,Kolkata,32,33,996,4.9,29.6,218,Fog
2025-01-16 05:00:00,Kolkata,38,44,1010,10.8,55.8,346,Cloudy
2025-01-16 06:00:00,Bengaluru,42,65,981,18.9,107.9,75,Rainy
2025-01-16 07:00:00,Ahmedabad,28,81,1009,18.1,82.5,107,Rainy
2025-01-16 08:00:00,Bengaluru,19,63,1017,2.8,43.9,306,Fog
2025-01-16 09:00:00,Jaipur,26,44,982,11.1,99.6,135,Cloudy
2025-01-16 10:00:00,Kolkata,23,44,1030,13.8,112.7,350,Sunny
2025-01-16 11:00:00,Pune,34,60,987,1.3,57.0,308,Fog
2025-01-16 12:00:00,Jaipur,18,46,1012,19.4,104.3,184,Sunny
2025-01-16 13:00:00,Ahmedabad,19,94,1027,4.9,20.4,153,Storm
2025-01-16 14:00:00,Delhi,24,61,1010,22.6,101.0,275,Cloudy
2025-01-16 15:00:00,Kolkata,33,38,1022,12.6,66.6,73,Cloudy
2025-01-16 16:00:00,Pune,18,72,997,5.1,83.7,91,Sunny
2025-01-16 17:00:00,Bengaluru,23,65,1000,14.6,118.4,167,Clear
2025-01-16 18:00:00,Ahmedabad,23,28,1022,22.0,109.6,144,Sunny
2025-01-16 19:00:00,Kolkata,20,32,983,14.5,34.4,57,Fog
2025-01-16 20:00:00,Delhi,27,49,987,13.7,92.8,100,Storm
2025-01-16 21:00:00,Mumbai,36,89,1007,11.4,115.7,245,Clear
2025-01-16 22:00:00,Jaipur,21,48,1012,15.5,1.2,268,Storm
2025-01-16 23:00:00,Delhi,42,35,1019,10.6,54.3,297,Sunny
2025-01-17 00:00:00,Jaipur,39,93,993,14.3,88.7,200,Fog
2025-01-17 01:00:00,Bengaluru,20,48,1033,10.0,77.5,98,Fog
2025-01-17 02:00:00,Ahmedabad,24,76,985,10.1,92.4,227,Clear
2025-01-17 03:00:00,Mumbai,32,31,1032,12.6,68.3,95,Clear
2025-01-17 04:00:00,Lucknow,42,69,1022,10.3,29.6,256,Clear
2025-01-17 05:00:00,Mumbai,33,42,1020,19.6,76.0,215,Cloudy
2025-01-17 06:00:00,Kolkata,34,94,1005,1.8,47.8,266,Rainy
2025-01-17 07:00:00,Kolkata,39,85,1008,19.1,60.6,30,Sunny
2025-01-17 08:00:00,Jaipur,28,49,1000,11.7,29.3,240,Fog
2025-01-17 09:00:00,Ahmedabad,21,57,983,21.9,4.4,101,Cloudy
2025-01-17 10:00:00,Lucknow,27,38,1028,21.5,25.8,126,Sunny
2025-01-17 11:00:00,Lucknow,39,74,997,0.7,99.0,86,Sunny
2025-01-17 12:00:00,Lucknow,28,30,988,12.5,58.7,305,Clear
2025-01-17 13:00:00,Kolkata,28,27,1024,18.4,59.4,38,Clear
2025-01-17 14:00:00,Ahmedabad,19,74,989,5.1,14.3,141,Cloudy
2025-01-17 15:00:00,Pune,36,32,1005,1.4,19.1,214,Cloudy
2025-01-17 16:00:00,Ahmedabad,40,73,1030,12.2,64.0,198,Rainy
2025-01-17 17:00:00,Pune,35,43,1004,13.2,98.6,134,Storm
2025-01-17 18:00:00,Mumbai,24,39,1010,18.6,58.8,197,Clear
2025-01-17 19:00:00,Bengaluru,33,36,1033,18.1,47.7,185,Fog
2025-01-17 20:00:00,Lucknow,25,68,990,14.5,91.8,255,Clear
2025-01-17 21:00:00,Hyderabad,38,80,982,1.1,7.9,308,Clear
2025-01-17 22:00:00,Hyderabad,24,44,993,14.6,85.8,39,Cloudy
2025-01-17 23:00:00,Hyderabad,25,38,1015,21.2,0.5,312,Sunny
2025-01-18 00:00:00,Jaipur,18,91,1015,6.7,90.4,212,Cloudy
2025-01-18 01:00:00,Jaipur,37,42,980,5.0,76.9,116,Rainy
2025-01-18 02:00:00,Bengaluru,38,87,989,19.5,67.3,265,Sunny
2025-01-18 03:00:00,Chennai,19,77,1010,18.0,107.8,254,Clear
2025-01-18 04:00:00,Mumbai,25,41,985,10.4,29.0,263,Storm
2025-01-18 05:00:00,Hyderabad,42,86,1004,6.5,3.3,38,Rainy
2025-01-18 06:00:00,Delhi,28,89,1006,0.6,40.8,46,Rainy
2025-01-18 07:00:00,Delhi,28,28,989,18.8,108.7,212,Rainy
2025-01-18 08:00:00,Chennai,23,77,1007,24.0,112.4,138,Cloudy
2025-01-18 09:00:00,Hyderabad,26,25,1016,17.5,107.9,215,Rainy
2025-01-18 10:00:00,Ahmedabad,38,53,1024,18.2,38.5,234,Storm
2025-01-18 11:00:00,Kolkata,39,73,980,22.3,10.1,158,Clear
2025-01-18 12:00:00,Pune,36,52,1005,12.4,86.1,273,Cloudy
2025-01-18 13:00:00,Delhi,37,57,1009,1.0,116.4,88,Cloudy
2025-01-18 14:00:00,Mumbai,26,75,1035,10.6,82.8,220,Storm
2025-01-18 15:00:00,Ahmedabad,23,31,1020,20.4,2.3,326,Storm
2025-01-18 16:00:00,Lucknow,29,70,1001,12.1,81.4,179,Clear
2025-01-18 17:00:00,Jaipur,36,30,1033,10.5,87.0,121,Sunny
2025-01-18 18:00:00,Chennai,28,51,992,11.7,94.6,91,Cloudy
2025-01-18 19:00:00,Lucknow,35,49,996,18.9,24.1,224,Rainy
2025-01-18 20:00:00,Chennai,35,60,1014,9.9,35.3,253,Rainy
2025-01-18 21:00:00,Chennai,20,32,1031,1.1,112.0,327,Sunny
2025-01-18 22:00:00,Hyderabad,41,41,1017,19.9,84.9,254,Storm
2025-01-18 23:00:00,Ahmedabad,27,52,992,20.5,79.8,247,Cloudy
2025-01-19 00:00:00,Mumbai,39,28,1018,22.6,15.5,169,Sunny
2025-01-19 01:00:00,Jaipur,19,39,1027,16.1,98.5,278,Cloudy
2025-01-19 02:00:00,Bengaluru,39,51,990,13.0,63.6,295,Cloudy
2025-01-19 03:00:00,Chennai,29,77,1028,11.0,27.1,324,Sunny
2025-01-19 04:00:00,Hyderabad,22,33,1023,8.2,114.9,185,Storm
2025-01-19 05:00:00,Ahmedabad,24,40,1000,6.9,96.0,308,Cloudy
2025-01-19 06:00:00,Jaipur,27,25,983,18.8,29.6,190,Rainy
2025-01-19 07:00:00,Bengaluru,35,43,1014,2.6,55.1,267,Clear
2025-01-19 08:00:00,Ahmedabad,23,42,1002,0.6,56.3,141,Rainy
2025-01-19 09:00:00,Delhi,30,65,1007,7.5,58.1,40,Rainy
2025-01-19 10:00:00,Lucknow,36,48,988,23.9,26.4,168,Sunny
2025-01-19 11:00:00,Kolkata,22,81,1017,4.4,53.2,43,Rainy
2025-01-19 12:00:00,Ahmedabad,20,49,990,11.2,12.3,158,Sunny
2025-01-19 13:00:00,Delhi,41,58,1008,24.8,116.0,193,Clear
2025-01-19 14:00:00,Bengaluru,37,55,1014,11.1,17.7,249,Sunny
2025-01-19 15:00:00,Bengaluru,24,93,982,6.9,26.5,115,Fog
2025-01-19 16:00:00,Ahmedabad,23,29,1005,1.2,7.6,69,Fog
2025-01-19 17:00:00,Bengaluru,34,58,991,5.2,75.9,326,Storm
2025-01-19 18:00:00,Pune,29,64,991,19.2,84.0,303,Storm
2025-01-19 19:00:00,Hyderabad,31,69,1029,21.5,88.4,43,Fog
2025-01-19 20:00:00,Chennai,42,90,1016,6.7,111.5,120,Sunny
2025-01-19 21:00:00,Hyderabad,26,89,984,11.0,40.0,192,Storm
2025-01-19 22:00:00,Hyderabad,25,36,988,11.4,113.7,84,Clear
2025-01-19 23:00:00,Mumbai,24,53,1004,3.1,62.7,164,Storm
2025-01-20 00:00:00,Lucknow,41,77,1035,8.9,31.5,251,Cloudy
2025-01-20 01:00:00,Pune,19,74,1012,15.6,93.6,151,Clear
2025-01-20 02:00:00,Chennai,40,66,1008,10.0,41.8,325,Cloudy
2025-01-20 03:00:00,Delhi,37,94,1008,20.9,111.0,91,Rainy
2025-01-20 04:00:00,Mumbai,34,95,1020,9.8,97.4,280,Sunny
2025-01-20 05:00:00,Chennai,38,44,1000,10.7,54.4,313,Sunny
2025-01-20 06:00:00,Delhi,24,79,983,24.4,42.6,31,Cloudy
2025-01-20 07:00:00,Ahmedabad,40,70,992,6.8,21.3,285,Cloudy
2025-01-20 08:00:00,Hyderabad,38,61,1021,16.6,105.7,85,Cloudy
2025-01-20 09:00:00,Chennai,24,72,1032,12.2,20.7,341,Storm
2025-01-20 10:00:00,Kolkata,42,83,1028,22.7,24.5,255,Cloudy
2025-01-20 11:00:00,Kolkata,34,87,1013,16.1,47.7,346,Rainy
2025-01-20 12:00:00,Ahmedabad,41,74,987,16.7,59.1,337,Storm
2025-01-20 13:00:00,Hyderabad,36,38,997,6.9,105.2,99,Rainy
2025-01-20 14:00:00,Mumbai,36,32,1006,16.7,25.2,254,Rainy
2025-01-20 15:00:00,Bengaluru,21,42,1034,24.9,39.9,288,Storm
2025-01-20 16:00:00,Delhi,40,79,992,4.7,70.2,49,Storm
2025-01-20 17:00:00,Jaipur,27,46,997,16.9,30.8,56,Storm
2025-01-20 18:00:00,Bengaluru,21,32,1017,22.6,88.8,144,Rainy
2025-01-20 19:00:00,Hyderabad,29,40,981,17.0,108.6,59,Storm
2025-01-20 20:00:00,Mumbai,33,69,998,3.4,44.8,33,Fog
2025-01-20 21:00:00,Bengaluru,25,34,980,1.4,71.1,129,Clear
2025-01-20 22:00:00,Jaipur,37,77,1010,16.2,94.9,110,Rainy
2025-01-20 23:00:00,Delhi,19,74,1007,22.3,101.1,251,Cloudy
2025-01-21 00:00:00,Pune,25,73,994,12.6,80.5,153,Rainy
2025-01-21 01:00:00,Jaipur,26,72,1004,16.9,69.0,338,Fog
2025-01-21 02:00:00,Mumbai,39,47,1007,6.7,39.1,265,Fog
2025-01-21 03:00:00,Pune,22,63,1022,13.7,102.6,51,Clear
2025-01-21 04:00:00,Bengaluru,42,91,980,4.0,52.8,164,Clear
2025-01-21 05:00:00,Chennai,27,72,996,2.9,63.4,170,Storm
2025-01-21 06:00:00,Chennai,35,65,1032,11.8,29.6,194,Sunny
2025-01-21 07:00:00,Kolkata,31,50,1008,1.0,49.7,160,Rainy
2025-01-21 08:00:00,Jaipur,41,47,989,23.6,111.5,208,Rainy
2025-01-21 09:00:00,Delhi,36,65,987,7.2,28.0,117,Storm
2025-01-21 10:00:00,Jaipur,33,78,988,11.1,93.1,336,Clear
2025-01-21 11:00:00,Pune,22,74,1020,18.9,21.0,294,Sunny
2025-01-21 12:00:00,Pune,37,90,988,18.3,13.0,66,Rainy
2025-01-21 13:00:00,Pune,37,27,1027,18.2,25.2,46,Rainy
2025-01-21 14:00:00,Lucknow,26,73,1019,24.6,73.8,327,Clear
2025-01-21 15:00:00,Lucknow,41,54,1015,21.9,14.9,118,Storm
2025-01-21 16:00:00,Pune,28,56,1015,15.0,11.7,325,Storm
2025-01-21 17:00:00,Ahmedabad,40,52,1007,9.5,108.7,232,Rainy
2025-01-21 18:00:00,Pune,32,50,982,19.4,58.9,215,Rainy
2025-01-21 19:00:00,Pune,20,27,982,18.0,26.8,274,Storm
2025-01-21 20:00:00,Jaipur,25,74,1015,18.4,34.2,46,Rainy
2025-01-21 21:00:00,Delhi,26,51,983,16.1,24.4,194,Storm
2025-01-21 22:00:00,Chennai,35,52,1006,2.1,95.4,110,Cloudy
2025-01-21 23:00:00,Chennai,40,91,993,3.0,87.6,323,Clear
2025-01-22 00:00:00,Hyderabad,28,29,1034,5.0,9.0,328,Cloudy
2025-01-22 01:00:00,Jaipur,36,44,1031,17.8,13.4,220,Storm
2025-01-22 02:00:00,Hyderabad,40,65,986,24.1,5.9,177,Sunny
2025-01-22 03:00:00,Pune,30,68,1025,17.3,103.0,108,Storm
2025-01-22 04:00:00,Bengaluru,34,31,1035,22.1,30.8,173,Rainy
2025-01-22 05:00:00,Ahmedabad,35,25,982,10.7,83.6,252,Clear
2025-01-22 06:00:00,Mumbai,23,84,997,10.3,97.0,262,Sunny
2025-01-22 07:00:00,Delhi,22,49,1003,11.3,115.7,338,Fog
2025-01-22 08:00:00,Jaipur,38,57,1000,8.7,16.5,73,Fog
2025-01-22 09:00:00,Kolkata,30,83,981,2.4,12.3,194,Sunny
2025-01-22 10:00:00,Lucknow,30,58,982,10.5,9.9,87,Cloudy
2025-01-22 11:00:00,Delhi,42,37,981,16.0,63.8,95,Cloudy
2025-01-22 12:00:00,Kolkata,38,63,1016,8.5,16.9,313,Rainy
2025-01-22 13:00:00,Lucknow,28,90,1002,24.2,112.8,67,Sunny
2025-01-22 14:00:00,Hyderabad,35,52,991,3.0,91.6,307,Rainy
2025-01-22 15:00:00,Pune,18,93,1033,18.3,61.1,231,Cloudy
2025-01-22 16:00:00,Delhi,39,35,980,16.7,23.0,210,Sunny
2025-01-22 17:00:00,Bengaluru,32,95,984,24.2,106.3,293,Fog
2025-01-22 18:00:00,Pune,32,95,1032,11.4,114.3,186,Rainy
2025-01-22 19:00:00,Mumbai,39,79,999,16.1,106.6,88,Rainy
2025-01-22 20:00:00,Hyderabad,25,72,1015,6.9,111.9,217,Fog
2025-01-22 21:00:00,Lucknow,21,61,997,23.0,20.1,331,Storm
2025-01-22 22:00:00,Hyderabad,38,82,1012,17.1,0.9,117,Clear
2025-01-22 23:00:00,Delhi,18,58,1031,2.5,103.7,33,Clear
2025-01-23 00:00:00,Pune,21,74,987,22.7,65.6,97,Fog
2025-01-23 01:00:00,Mumbai,27,92,1004,21.4,18.8,30,Rainy
2025-01-23 02:00:00,Pune,37,28,1000,9.0,12.9,229,Sunny
2025-01-23 03:00:00,Kolkata,28,60,992,17.0,1.8,250,Clear
2025-01-23 04:00:00,Chennai,24,27,1025,6.7,31.1,341,Fog
2025-01-23 05:00:00,Chennai,18,57,1007,1.2,12.8,108,Sunny
2025-01-23 06:00:00,Jaipur,20,32,1001,22.0,92.1,87,Rainy
2025-01-23 07:00:00,Ahmedabad,31,37,1018,18.7,66.0,123,Fog
2025-01-23 08:00:00,Hyderabad,38,67,1020,8.0,75.4,75,Cloudy
2025-01-23 09:00:00,Bengaluru,19,50,983,11.3,29.0,169,Cloudy
2025-01-23 10:00:00,Mumbai,20,51,1021,13.2,4.1,93,Rainy
2025-01-23 11:00:00,Mumbai,25,81,993,24.4,0.2,92,Rainy
2025-01-23 12:00:00,Delhi,25,75,1032,24.6,16.9,267,Fog
2025-01-23 13:00:00,Chennai,31,92,1024,3.1,7.2,41,Rainy
2025-01-23 14:00:00,Mumbai,20,74,1033,0.7,1.7,136,Fog
2025-01-23 15:00:00,Chennai,21,41,1024,12.1,2.7,182,Clear
2025-01-23 16:00:00,Bengaluru,32,38,1024,19.5,27.4,111,Storm
2025-01-23 17:00:00,Mumbai,29,83,1026,22.5,24.4,224,Sunny
2025-01-23 18:00:00,Bengaluru,18,58,1006,8.1,94.2,189,Rainy
2025-01-23 19:00:00,Lucknow,23,88,998,21.2,45.7,227,Rainy
2025-01-23 20:00:00,Lucknow,39,66,1032,13.4,117.5,196,Clear
2025-01-23 21:00:00,Pune,20,30,1022,19.2,17.9,243,Sunny
2025-01-23 22:00:00,Pune,29,38,992,18.8,93.8,160,Clear
2025-01-23 23:00:00,Mumbai,27,65,995,18.7,14.7,305,Rainy
2025-01-24 00:00:00,Delhi,31,43,984,4.8,97.1,107,Storm
2025-01-24 01:00:00,Bengaluru,38,80,1034,17.2,83.4,159,Clear
2025-01-24 02:00:00,Jaipur,21,88,1032,6.8,90.3,124,Rainy
2025-01-24 03:00:00,Ahmedabad,27,80,1027,23.4,89.0,89,Sunny
2025-01-24 04:00:00,Delhi,32,26,983,24.1,108.2,150,Cloudy
2025-01-24 05:00:00,Bengaluru,37,66,1024,2.9,46.5,325,Cloudy
2025-01-24 06:00:00,Kolkata,38,86,1018,23.7,2.4,71,Cloudy
2025-01-24 07:00:00,Chennai,29,30,993,24.5,48.8,92,Cloudy
2025-01-24 08:00:00,Chennai,19,30,985,8.6,57.1,345,Rainy
2025-01-24 09:00:00,Hyderabad,25,84,1010,7.0,60.9,231,Rainy
2025-01-24 10:00:00,Bengaluru,24,75,1001,5.6,104.3,94,Clear
2025-01-24 11:00:00,Kolkata,37,33,1009,7.2,21.2,216,Rainy
2025-01-24 12:00:00,Pune,41,60,992,0.9,56.3,86,Sunny
2025-01-24 13:00:00,Delhi,31,91,1002,16.7,46.9,153,Fog
2025-01-24 14:00:00,Mumbai,23,41,996,23.7,21.9,93,Clear
2025-01-24 15:00:00,Pune,38,55,992,4.7,39.2,188,Storm
2025-01-24 16:00:00,Jaipur,39,73,1007,2.2,5.1,48,Clear
2025-01-24 17:00:00,Chennai,37,34,988,6.9,39.2,60,Storm
2025-01-24 18:00:00,Pune,18,34,981,16.0,33.2,55,Fog
2025-01-24 19:00:00,Ahmedabad,42,65,1014,21.2,47.7,244,Storm
2025-01-24 20:00:00,Pune,27,85,993,17.2,23.6,101,Clear
2025-01-24 21:00:00,Jaipur,19,80,1014,13.0,29.1,269,Cloudy
2025-01-24 22:00:00,Jaipur,21,79,982,19.1,103.2,263,Rainy
2025-01-24 23:00:00,Ahmedabad,23,40,1030,15.1,61.1,225,Rainy
2025-01-25 00:00:00,Pune,34,70,985,9.0,18.2,150,Sunny
2025-01-25 01:00:00,Mumbai,34,87,1007,6.7,93.5,163,Storm
2025-01-25 02:00:00,Chennai,23,74,1001,9.4,53.8,185,Clear
2025-01-25 03:00:00,Chennai,33,55,980,13.3,74.2,178,Rainy
2025-01-25 04:00:00,Delhi,30,56,1034,16.2,3.5,147,Cloudy
2025-01-25 05:00:00,Hyderabad,25,79,980,20.2,97.5,220,Storm
2025-01-25 06:00:00,Ahmedabad,30,29,1022,21.5,7.4,296,Fog
2025-01-25 07:00:00,Mumbai,32,41,1031,13.1,2.3,100,Sunny
2025-01-25 08:00:00,Lucknow,23,32,1001,14.5,29.1,144,Storm
2025-01-25 09:00:00,Chennai,33,25,985,2.4,59.1,254,Clear
2025-01-25 10:00:00,Pune,28,75,983,16.1,92.0,144,Storm
2025-01-25 11:00:00,Bengaluru,27,60,1030,17.8,63.4,81,Clear
2025-01-25 12:00:00,Mumbai,34,38,1023,19.8,49.8,90,Sunny
2025-01-25 13:00:00,Hyderabad,41,34,1014,19.0,13.4,331,Storm
2025-01-25 14:00:00,Lucknow,23,46,987,9.2,93.4,261,Fog
2025-01-25 15:00:00,Delhi,28,91,1005,19.5,82.3,189,Rainy
2025-01-25 16:00:00,Kolkata,30,90,1005,21.2,67.5,166,Fog
2025-01-25 17:00:00,Mumbai,24,25,1009,6.8,44.3,238,Sunny
2025-01-25 18:00:00,Jaipur,40,77,989,14.6,84.4,72,Clear
2025-01-25 19:00:00,Delhi,41,75,1002,12.7,46.6,276,Rainy
2025-01-25 20:00:00,Hyderabad,20,74,1027,1.9,105.9,291,Fog
2025-01-25 21:00:00,Bengaluru,40,41,1032,3.6,72.6,151,Cloudy
2025-01-25 22:00:00,Bengaluru,20,62,1006,2.2,4.1,323,Clear
2025-01-25 23:00:00,Jaipur,34,51,1034,17.2,101.2,316,Storm
2025-01-26 00:00:00,Ahmedabad,30,82,1033,23.9,34.8,267,Storm
2025-01-26 01:00:00,Kolkata,21,66,988,18.6,111.1,88,Cloudy
2025-01-26 02:00:00,Chennai,38,85,994,5.7,37.5,133,Sunny
2025-01-26 03:00:00,Pune,24,25,999,11.7,14.0,241,Fog
2025-01-26 04:00:00,Bengaluru,34,83,1017,6.7,102.1,310,Sunny
2025-01-26 05:00:00,Lucknow,40,33,1008,0.9,30.0,286,Fog
2025-01-26 06:00:00,Mumbai,32,71,999,9.5,85.0,111,Rainy
2025-01-26 07:00:00,Chennai,39,34,990,15.9,23.7,201,Cloudy
2025-01-26 08:00:00,Hyderabad,34,64,993,12.7,33.3,135,Rainy
2025-01-26 09:00:00,Mumbai,24,36,1029,6.2,70.3,148,Storm
2025-01-26 10:00:00,Mumbai,25,26,1027,10.8,92.2,265,Clear
2025-01-26 11:00:00,Pune,41,88,986,10.6,54.8,252,Clear
2025-01-26 12:00:00,Delhi,26,95,1034,11.2,71.4,48,Fog
2025-01-26 13:00:00,Bengaluru,34,47,990,18.2,28.8,314,Storm
2025-01-26 14:00:00,Jaipur,40,91,1026,6.3,17.3,85,Storm
2025-01-26 15:00:00,Chennai,35,37,1007,13.9,88.0,157,Rainy
2025-01-26 16:00:00,Lucknow,18,82,1031,16.8,107.9,345,Cloudy
2025-01-26 17:00:00,Lucknow,42,80,989,11.4,22.7,230,Cloudy
2025-01-26 18:00:00,Ahmedabad,40,93,1003,3.1,93.1,199,Sunny
2025-01-26 19:00:00,Ahmedabad,37,54,998,10.0,45.4,94,Sunny
2025-01-26 20:00:00,Mumbai,20,64,998,20.8,87.3,317,Sunny
2025-01-26 21:00:00,Chennai,32,32,1006,13.6,94.9,222,Clear
2025-01-26 22:00:00,Bengaluru,37,34,996,18.3,84.8,194,Clear
2025-01-26 23:00:00,Pune,35,67,986,22.3,31.0,166,Rainy
2025-01-27 00:00:00,Kolkata,19,50,1022,3.0,61.0,295,Clear
2025-01-27 01:00:00,Mumbai,19,35,1027,4.9,74.4,194,Clear
2025-01-27 02:00:00,Ahmedabad,42,57,1031,20.2,80.9,148,Clear
2025-01-27 03:00:00,Chennai,41,75,1017,17.5,53.0,71,Cloudy
2025-01-27 04:00:00,Mumbai,28,54,980,4.6,14.6,222,Clear
2025-01-27 05:00:00,Hyderabad,30,87,1019,10.4,115.4,160,Rainy
2025-01-27 06:00:00,Jaipur,19,50,983,15.1,114.3,94,Sunny
2025-01-27 07:00:00,Ahmedabad,19,87,999,6.9,88.7,192,Cloudy
2025-01-27 08:00:00,Mumbai,29,59,992,13.9,86.1,275,Clear
2025-01-27 09:00:00,Delhi,21,87,1002,13.3,42.5,343,Sunny
2025-01-27 10:00:00,Pune,29,68,983,8.2,114.0,172,Sunny
2025-01-27 11:00:00,Mumbai,33,65,1015,8.0,106.3,326,Storm
2025-01-27 12:00:00,Chennai,30,62,1008,19.1,60.9,76,Clear
2025-01-27 13:00:00,Bengaluru,39,86,1011,20.4,53.2,107,Cloudy
2025-01-27 14:00:00,Jaipur,37,86,1021,22.9,59.3,238,Rainy
2025-01-27 15:00:00,Hyderabad,21,57,1029,18.5,100.1,274,Rainy
2025-01-27 16:00:00,Delhi,35,26,1022,15.6,6.7,277,Cloudy
2025-01-27 17:00:00,Ahmedabad,29,51,1035,5.6,20.5,84,Rainy
2025-01-27 18:00:00,Mumbai,31,43,989,0.6,28.1,135,Rainy
2025-01-27 19:00:00,Delhi,30,57,981,18.5,109.3,174,Cloudy
2025-01-27 20:00:00,Bengaluru,40,30,1016,15.8,55.6,324,Sunny
2025-01-27 21:00:00,Ahmedabad,19,92,1019,15.1,42.2,133,Rainy
2025-01-27 22:00:00,Lucknow,25,54,1009,19.7,74.9,145,Fog
2025-01-27 23:00:00,Pune,19,55,1023,10.1,79.1,223,Fog
2025-01-28 00:00:00,Kolkata,22,26,991,6.2,13.4,46,Fog
2025-01-28 01:00:00,Ahmedabad,36,86,1002,6.2,25.5,258,Sunny
2025-01-28 02:00:00,Jaipur,30,82,1018,16.1,83.3,334,Fog
2025-01-28 03:00:00,Hyderabad,41,70,1031,21.0,26.3,98,Rainy
2025-01-28 04:00:00,Bengaluru,19,54,1029,20.1,56.1,94,Fog
2025-01-28 05:00:00,Hyderabad,26,87,1017,21.0,27.6,222,Sunny
2025-01-28 06:00:00,Bengaluru,23,64,991,4.0,23.6,91,Fog
2025-01-28 07:00:00,Pune,28,65,998,15.6,68.7,196,Rainy
2025-01-28 08:00:00,Chennai,24,48,987,0.7,119.6,291,Fog
2025-01-28 09:00:00,Kolkata,36,41,1008,12.9,35.3,100,Sunny
2025-01-28 10:00:00,Kolkata,19,76,1026,10.5,90.2,286,Sunny
2025-01-28 11:00:00,Hyderabad,23,47,1000,24.8,40.6,234,Rainy
2025-01-28 12:00:00,Mumbai,26,45,1024,4.0,13.0,57,Sunny
2025-01-28 13:00:00,Bengaluru,19,49,994,20.5,117.3,268,Rainy
2025-01-28 14:00:00,Mumbai,24,84,1022,12.3,14.4,183,Sunny
2025-01-28 15:00:00,Hyderabad,35,64,999,1.0,49.4,211,Fog
2025-01-28 16:00:00,Ahmedabad,21,81,1013,14.1,69.5,121,Storm
2025-01-28 17:00:00,Ahmedabad,34,42,996,20.3,75.6,276,Fog
2025-01-28 18:00:00,Bengaluru,19,86,1002,22.7,42.6,126,Storm
2025-01-28 19:00:00,Chennai,25,95,1026,16.3,26.3,260,Clear
2025-01-28 20:00:00,Lucknow,31,37,1009,4.9,109.7,174,Clear
2025-01-28 21:00:00,Pune,41,82,999,21.9,55.7,257,Fog
2025-01-28 22:00:00,Kolkata,22,71,980,23.7,95.3,36,Sunny
2025-01-28 23:00:00,Lucknow,35,50,1008,20.7,78.7,49,Sunny
2025-01-29 00:00:00,Ahmedabad,19,83,997,21.1,17.7,347,Storm
2025-01-29 01:00:00,Lucknow,21,68,994,13.4,28.3,265,Cloudy
2025-01-29 02:00:00,Chennai,31,54,1007,19.0,40.2,223,Rainy
2025-01-29 03:00:00,Mumbai,40,75,1028,8.1,97.5,265,Cloudy
2025-01-29 04:00:00,Ahmedabad,34,79,1010,24.4,58.5,301,Clear
2025-01-29 05:00:00,Pune,24,38,1013,16.1,113.7,184,Cloudy
2025-01-29 06:00:00,Bengaluru,42,84,1030,16.8,114.7,58,Sunny
2025-01-29 07:00:00,Delhi,40,84,1024,19.2,4.3,305,Rainy
2025-01-29 08:00:00,Ahmedabad,33,50,1016,13.9,75.6,304,Rainy
2025-01-29 09:00:00,Kolkata,25,95,1015,9.3,118.8,318,Sunny
2025-01-29 10:00:00,Jaipur,38,62,991,3.2,112.4,223,Cloudy
2025-01-29 11:00:00,Delhi,42,35,1011,24.1,16.3,310,Fog
2025-01-29 12:00:00,Delhi,24,85,989,9.4,77.0,293,Storm
2025-01-29 13:00:00,Ahmedabad,31,77,1024,18.1,2.7,119,Rainy
2025-01-29 14:00:00,Ahmedabad,27,39,1035,14.9,112.1,117,Cloudy
2025-01-29 15:00:00,Pune,18,54,1019,5.1,44.9,190,Storm
2025-01-29 16:00:00,Pune,23,83,987,2.9,13.6,252,Fog
2025-01-29 17:00:00,Pune,34,95,1017,8.2,55.2,227,Sunny
2025-01-29 18:00:00,Chennai,34,79,1028,19.4,28.4,135,Rainy
2025-01-29 19:00:00,Hyderabad,38,62,1009,11.9,116.2,99,Fog
2025-01-29 20:00:00,Chennai,42,60,1012,2.8,21.4,78,Cloudy
2025-01-29 21:00:00,Lucknow,28,35,994,17.9,3.6,178,Rainy
2025-01-29 22:00:00,Hyderabad,18,48,1002,12.4,21.1,239,Clear
2025-01-29 23:00:00,Kolkata,36,95,1001,2.7,91.6,273,Storm
2025-01-30 00:00:00,Bengaluru,24,83,984,21.9,83.9,327,Clear
2025-01-30 01:00:00,Delhi,22,75,1018,16.3,64.9,320,Storm
2025-01-30 02:00:00,Lucknow,42,43,998,23.1,11.6,276,Rainy
2025-01-30 03:00:00,Chennai,39,26,1027,16.2,16.9,283,Rainy
2025-01-30 04:00:00,Hyderabad,18,28,1021,10.2,1.9,137,Sunny
2025-01-30 05:00:00,Delhi,32,90,1003,23.2,117.6,301,Fog
2025-01-30 06:00:00,Pune,33,81,1014,9.3,76.0,118,Clear
2025-01-30 07:00:00,Mumbai,24,36,1012,13.5,0.8,167,Sunny
2025-01-30 08:00:00,Chennai,38,47,1014,22.3,41.8,150,Cloudy
2025-01-30 09:00:00,Mumbai,30,65,988,20.4,60.8,149,Rainy
2025-01-30 10:00:00,Bengaluru,40,90,990,18.5,54.7,72,Fog
2025-01-30 11:00:00,Hyderabad,25,29,1032,23.3,73.5,336,Rainy
2025-01-30 12:00:00,Hyderabad,23,60,1029,23.3,14.9,74,Fog
2025-01-30 13:00:00,Chennai,37,34,1013,0.8,26.0,184,Rainy
2025-01-30 14:00:00,Hyderabad,20,61,1013,15.9,48.7,145,Fog
2025-01-30 15:00:00,Kolkata,23,69,1028,24.0,108.0,305,Clear
2025-01-30 16:00:00,Bengaluru,28,54,1026,7.0,115.2,306,Sunny
2025-01-30 17:00:00,Bengaluru,18,74,992,19.2,119.5,47,Rainy
2025-01-30 18:00:00,Lucknow,25,83,998,16.3,1.8,177,Clear
2025-01-30 19:00:00,Lucknow,41,37,1010,1.1,96.3,138,Rainy
2025-01-30 20:00:00,Chennai,18,31,988,10.0,83.9,180,Clear
2025-01-30 21:00:00,Bengaluru,35,33,998,15.4,93.8,160,Sunny
2025-01-30 22:00:00,Pune,36,32,982,8.6,77.6,144,Sunny
2025-01-30 23:00:00,Bengaluru,34,85,1020,13.7,33.7,190,Storm
2025-01-31 00:00:00,Ahmedabad,23,70,987,17.4,45.8,117,Cloudy
2025-01-31 01:00:00,Bengaluru,37,51,1013,15.6,41.5,308,Sunny
2025-01-31 02:00:00,Kolkata,38,80,984,1.0,68.6,261,Storm
2025-01-31 03:00:00,Lucknow,30,47,1022,16.8,114.5,113,Rainy
2025-01-31 04:00:00,Delhi,42,81,986,12.9,114.0,49,Clear
2025-01-31 05:00:00,Hyderabad,25,40,1023,15.9,64.5,96,Fog
2025-01-31 06:00:00,Pune,23,51,993,1.0,88.8,128,Clear
2025-01-31 07:00:00,Jaipur,34,29,1004,17.9,111.5,302,Rainy
2025-01-31 08:00:00,Pune,42,74,1032,19.3,106.5,149,Sunny
2025-01-31 09:00:00,Hyderabad,35,59,1021,24.6,29.6,332,Clear
2025-01-31 10:00:00,Chennai,28,34,1029,13.6,82.0,336,Sunny
2025-01-31 11:00:00,Delhi,33,86,1027,8.2,85.7,318,Storm
2025-01-31 12:00:00,Lucknow,37,30,1026,5.9,71.4,73,Fog
2025-01-31 13:00:00,Jaipur,24,93,1017,1.7,54.6,222,Clear
2025-01-31 14:00:00,Lucknow,27,34,1018,18.6,39.5,157,Clear
2025-01-31 15:00:00,Ahmedabad,30,95,1014,6.2,78.4,329,Rainy
2025-01-31 16:00:00,Hyderabad,19,64,1019,13.7,12.4,288,Clear
2025-01-31 17:00:00,Hyderabad,42,79,1013,2.3,77.9,310,Clear
2025-01-31 18:00:00,Kolkata,21,35,1031,24.4,77.5,333,Fog
2025-01-31 19:00:00,Hyderabad,31,75,980,6.9,62.2,44,Storm
2025-01-31 20:00:00,Delhi,29,89,994,15.0,17.6,228,Sunny
2025-01-31 21:00:00,Bengaluru,24,87,996,11.1,115.5,204,Cloudy
2025-01-31 22:00:00,Lucknow,40,40,1020,12.9,107.9,115,Sunny
2025-01-31 23:00:00,Chennai,27,47,1027,9.7,87.3,170,Clear
2025-02-01 00:00:00,Bengaluru,40,80,1002,8.1,54.1,341,Sunny
2025-02-01 01:00:00,Delhi,32,34,1006,10.0,76.4,100,Sunny
2025-02-01 02:00:00,Kolkata,34,79,1024,15.5,3.8,83,Clear
2025-02-01 03:00:00,Kolkata,26,53,1025,8.8,50.4,341,Fog
2025-02-01 04:00:00,Delhi,26,69,1034,7.9,83.6,304,Clear
2025-02-01 05:00:00,Lucknow,29,87,1016,17.1,115.6,84,Rainy
2025-02-01 06:00:00,Pune,21,70,1015,19.3,14.6,85,Rainy
2025-02-01 07:00:00,Lucknow,26,79,1032,21.7,32.1,258,Cloudy
2025-02-01 08:00:00,Jaipur,21,56,1022,22.7,103.7,301,Clear
2025-02-01 09:00:00,Ahmedabad,38,38,1002,2.8,21.4,62,Fog
2025-02-01 10:00:00,Lucknow,31,69,1028,8.2,56.6,231,Cloudy
2025-02-01 11:00:00,Lucknow,33,86,1015,22.2,46.7,339,Sunny
2025-02-01 12:00:00,Ahmedabad,28,74,1007,10.0,72.3,314,Storm
2025-02-01 13:00:00,Pune,37,55,1026,17.7,79.4,128,Rainy
2025-02-01 14:00:00,Bengaluru,39,40,1023,3.5,108.7,66,Clear
2025-02-01 15:00:00,Mumbai,30,43,989,21.8,21.6,303,Fog
2025-02-01 16:00:00,Kolkata,34,45,1013,1.4,75.6,92,Sunny
2025-02-01 17:00:00,Delhi,22,51,1006,21.3,29.8,210,Cloudy
2025-02-01 18:00:00,Pune,26,40,1034,9.8,54.3,251,Rainy
2025-02-01 19:00:00,Jaipur,40,31,999,23.6,42.7,177,Storm
2025-02-01 20:00:00,Delhi,40,38,991,13.5,73.3,174,Fog
2025-02-01 21:00:00,Chennai,22,95,988,18.8,118.6,253,Sunny
2025-02-01 22:00:00,Chennai,25,60,980,12.6,20.6,275,Rainy
2025-02-01 23:00:00,Bengaluru,28,37,1035,2.0,71.6,162,Fog
2025-02-02 00:00:00,Chennai,36,61,1009,4.0,12.5,139,Rainy
2025-02-02 01:00:00,Bengaluru,27,91,1033,13.2,51.7,263,Clear
2025-02-02 02:00:00,Hyderabad,42,72,991,11.2,17.2,282,Cloudy
2025-02-02 03:00:00,Pune,30,41,981,12.3,42.5,88,Sunny
2025-02-02 04:00:00,Lucknow,23,53,1031,7.1,53.0,151,Fog
2025-02-02 05:00:00,Lucknow,37,89,996,18.4,25.5,178,Storm
2025-02-02 06:00:00,Kolkata,41,30,1029,3.8,29.2,90,Clear
2025-02-02 07:00:00,Jaipur,22,88,981,4.6,108.5,335,Sunny
2025-02-02 08:00:00,Jaipur,19,67,1007,13.7,116.7,171,Fog
2025-02-02 09:00:00,Delhi,20,30,1009,0.5,46.7,340,Cloudy
2025-02-02 10:00:00,Chennai,31,70,980,13.2,94.1,81,Cloudy
2025-02-02 11:00:00,Hyderabad,33,95,1009,1.5,45.4,212,Fog
2025-02-02 12:00:00,Chennai,38,73,987,3.8,8.7,194,Clear
2025-02-02 13:00:00,Mumbai,32,86,1021,16.9,16.0,98,Clear
2025-02-02 14:00:00,Ahmedabad,25,37,985,15.9,36.6,204,Clear
2025-02-02 15:00:00,Jaipur,41,78,1021,2.3,78.8,309,Storm
2025-02-02 16:00:00,Chennai,23,90,1018,5.3,33.6,237,Cloudy
2025-02-02 17:00:00,Bengaluru,24,74,1004,23.5,68.4,265,Rainy
2025-02-02 18:00:00,Kolkata,30,31,985,3.4,22.1,68,Rainy
2025-02-02 19:00:00,Delhi,20,83,983,8.2,42.9,255,Rainy
2025-02-02 20:00:00,Bengaluru,41,44,1016,23.0,77.1,152,Clear
2025-02-02 21:00:00,Mumbai,18,89,1029,10.8,41.3,152,Cloudy
2025-02-02 22:00:00,Hyderabad,20,54,1023,1.0,36.9,263,Cloudy
2025-02-02 23:00:00,Delhi,31,94,981,14.0,93.1,298,Rainy
2025-02-03 00:00:00,Bengaluru,39,88,989,5.3,105.1,144,Sunny
2025-02-03 01:00:00,Mumbai,26,59,1002,11.0,35.2,140,Clear
2025-02-03 02:00:00,Bengaluru,33,67,1011,8.5,46.5,268,Rainy
2025-02-03 03:00:00,Chennai,42,88,1023,14.9,118.5,61,Sunny
2025-02-03 04:00:00,Kolkata,37,51,1020,21.2,61.7,302,Fog
2025-02-03 05:00:00,Delhi,32,36,997,19.2,50.9,104,Sunny
2025-02-03 06:00:00,Bengaluru,25,89,980,5.6,34.4,324,Storm
2025-02-03 07:00:00,Kolkata,30,94,997,22.0,98.9,208,Cloudy
2025-02-03 08:00:00,Kolkata,19,71,1023,19.3,53.5,100,Sunny
2025-02-03 09:00:00,Mumbai,32,94,997,17.7,76.3,87,Sunny
2025-02-03 10:00:00,Mumbai,34,44,1030,18.4,43.9,132,Clear
2025-02-03 11:00:00,Delhi,29,28,1000,20.7,75.1,70,Sunny
2025-02-03 12:00:00,Kolkata,36,26,995,9.0,64.1,342,Rainy
2025-02-03 13:00:00,Mumbai,29,62,991,11.3,94.5,210,Rainy
2025-02-03 14:00:00,Chennai,33,45,988,10.4,17.8,114,Fog
2025-02-03 15:00:00,Hyderabad,19,27,1026,15.4,37.1,44,Fog
2025-02-03 16:00:00,Mumbai,23,61,1035,15.8,44.1,296,Fog
2025-02-03 17:00:00,Delhi,19,69,982,7.0,69.6,50,Sunny
2025-02-03 18:00:00,Bengaluru,20,66,1013,17.9,96.1,113,Sunny
2025-02-03 19:00:00,Hyderabad,32,61,1034,17.4,104.5,305,Fog
2025-02-03 20:00:00,Ahmedabad,34,28,1025,21.6,55.9,305,Storm
2025-02-03 21:00:00,Lucknow,36,69,998,12.2,7.9,228,Clear
2025-02-03 22:00:00,Pune,31,74,1028,19.5,103.5,268,Storm
2025-02-03 23:00:00,Lucknow,27,75,1016,21.1,97.5,334,Fog
2025-02-04 00:00:00,Jaipur,29,35,1026,4.2,0.8,76,Clear
2025-02-04 01:00:00,Pune,34,95,984,24.6,65.4,244,Storm
2025-02-04 02:00:00,Bengaluru,34,30,993,10.3,87.6,100,Fog
2025-02-04 03:00:00,Kolkata,27,33,1025,7.4,54.7,83,Cloudy
2025-02-04 04:00:00,Mumbai,39,61,998,2.4,41.8,223,Fog
2025-02-04 05:00:00,Delhi,36,70,1023,19.8,55.3,51,Fog
2025-02-04 06:00:00,Jaipur,21,75,1005,5.5,19.2,317,Fog
2025-02-04 07:00:00,Pune,40,46,1019,20.4,4.7,168,Sunny
2025-02-04 08:00:00,Ahmedabad,24,46,1018,8.4,57.1,161,Fog
2025-02-04 09:00:00,Chennai,19,45,1021,24.2,45.3,53,Clear
2025-02-04 10:00:00,Delhi,22,87,987,19.4,17.6,343,Cloudy
2025-02-04 11:00:00,Jaipur,40,70,1014,22.9,41.6,276,Rainy
2025-02-04 12:00:00,Hyderabad,24,50,1029,12.2,18.5,236,Fog
2025-02-04 13:00:00,Lucknow,21,39,999,8.2,57.4,157,Sunny
2025-02-04 14:00:00,Lucknow,30,44,1023,3.4,17.6,310,Clear
2025-02-04 15:00:00,Kolkata,40,75,990,23.4,38.8,285,Rainy
2025-02-04 16:00:00,Pune,24,50,1019,5.0,25.4,134,Fog
2025-02-04 17:00:00,Ahmedabad,42,33,1005,19.3,4.7,86,Cloudy
2025-02-04 18:00:00,Lucknow,19,30,993,8.8,44.3,174,Storm
2025-02-04 19:00:00,Hyderabad,33,80,994,16.2,62.5,131,Cloudy
2025-02-04 20:00:00,Mumbai,18,73,1022,23.6,108.8,62,Sunny
2025-02-04 21:00:00,Mumbai,38,50,1018,6.0,80.6,40,Cloudy
2025-02-04 22:00:00,Lucknow,27,58,985,13.3,92.8,83,Sunny
2025-02-04 23:00:00,Lucknow,33,87,1020,18.3,23.2,48,Storm
2025-02-05 00:00:00,Pune,27,87,1004,16.4,99.0,338,Rainy
2025-02-05 01:00:00,Pune,34,87,981,1.5,45.0,317,Fog
2025-02-05 02:00:00,Bengaluru,37,48,1017,24.0,113.4,177,Sunny
2025-02-05 03:00:00,Bengaluru,18,67,1035,18.2,34.6,118,Clear
2025-02-05 04:00:00,Bengaluru,29,88,1019,10.5,39.3,200,Rainy
2025-02-05 05:00:00,Hyderabad,31,26,1006,15.9,17.1,242,Fog
2025-02-05 06:00:00,Ahmedabad,22,93,988,19.9,21.0,209,Sunny
2025-02-05 07:00:00,Hyderabad,22,40,1001,11.4,80.1,127,Clear
2025-02-05 08:00:00,Bengaluru,40,40,989,3.3,33.6,204,Rainy
2025-02-05 09:00:00,Lucknow,30,45,993,2.5,51.8,303,Storm
2025-02-05 10:00:00,Lucknow,38,93,1022,11.7,7.4,109,Fog
2025-02-05 11:00:00,Bengaluru,29,91,988,24.7,51.2,142,Cloudy
2025-02-05 12:00:00,Mumbai,18,45,1009,17.8,48.5,270,Sunny
2025-02-05 13:00:00,Mumbai,39,37,1017,16.2,56.4,148,Fog
2025-02-05 14:00:00,Jaipur,42,75,1004,2.5,0.3,187,Fog
2025-02-05 15:00:00,Lucknow,39,44,990,16.9,110.8,44,Storm
2025-02-05 16:00:00,Delhi,31,80,1015,5.0,103.3,122,Fog
2025-02-05 17:00:00,Lucknow,38,44,1017,9.0,115.8,179,Rainy
2025-02-05 18:00:00,Lucknow,23,26,980,6.2,42.4,59,Clear
2025-02-05 19:00:00,Bengaluru,28,34,993,11.2,30.5,320,Storm
2025-02-05 20:00:00,Lucknow,29,48,1029,5.2,34.2,114,Fog
2025-02-05 21:00:00,Lucknow,24,89,1014,22.0,103.1,333,Storm
2025-02-05 22:00:00,Chennai,27,53,1023,3.3,98.3,308,Rainy
2025-02-05 23:00:00,Hyderabad,35,44,1015,20.7,1.0,245,Clear
2025-02-06 00:00:00,Hyderabad,18,62,984,19.0,118.6,38,Sunny
2025-02-06 01:00:00,Lucknow,40,28,1013,9.0,1.1,259,Storm
2025-02-06 02:00:00,Jaipur,35,92,1024,10.2,8.7,228,Sunny
2025-02-06 03:00:00,Delhi,20,40,990,18.7,68.3,221,Sunny
2025-02-06 04:00:00,Hyderabad,21,62,994,19.3,108.9,273,Clear
2025-02-06 05:00:00,Mumbai,41,75,1000,16.8,81.2,167,Fog
2025-02-06 06:00:00,Ahmedabad,23,59,1030,8.1,63.7,239,Sunny
2025-02-06 07:00:00,Jaipur,42,85,1020,15.4,9.3,262,Fog
2025-02-06 08:00:00,Mumbai,30,65,986,21.1,103.5,223,Clear
2025-02-06 09:00:00,Hyderabad,33,32,1009,14.0,118.5,123,Fog
2025-02-06 10:00:00,Lucknow,38,42,1014,6.1,0.3,188,Cloudy
2025-02-06 11:00:00,Kolkata,26,26,1003,13.3,39.6,176,Fog
2025-02-06 12:00:00,Jaipur,19,30,1000,14.9,74.7,59,Clear
2025-02-06 13:00:00,Jaipur,35,54,1031,5.1,89.1,58,Cloudy
2025-02-06 14:00:00,Kolkata,38,31,1018,13.9,57.5,109,Storm
2025-02-06 15:00:00,Lucknow,33,32,985,19.9,44.3,283,Fog
2025-02-06 16:00:00,Pune,18,33,1000,8.1,72.6,125,Cloudy
2025-02-06 17:00:00,Hyderabad,33,32,983,18.6,108.0,63,Storm
2025-02-06 18:00:00,Lucknow,33,34,995,8.7,6.7,212,Cloudy
2025-02-06 19:00:00,Delhi,39,54,985,18.3,7.6,241,Cloudy
2025-02-06 20:00:00,Kolkata,35,92,1030,11.0,116.5,37,Storm
2025-02-06 21:00:00,Ahmedabad,21,84,1035,19.7,85.2,100,Clear
2025-02-06 22:00:00,Bengaluru,33,56,1002,9.9,116.4,234,Cloudy
2025-02-06 23:00:00,Delhi,20,46,994,21.8,23.7,108,Sunny
2025-02-07 00:00:00,Lucknow,41,60,980,2.1,73.3,177,Sunny
2025-02-07 01:00:00,Lucknow,28,91,989,9.7,19.5,39,Rainy
2025-02-07 02:00:00,Mumbai,18,86,986,22.2,12.1,79,Fog
2025-02-07 03:00:00,Jaipur,33,28,997,8.0,81.1,89,Storm
2025-02-07 04:00:00,Delhi,24,71,1029,23.5,28.6,310,Storm
2025-02-07 05:00:00,Kolkata,36,63,1010,2.0,65.9,32,Cloudy
2025-02-07 06:00:00,Delhi,22,31,1024,1.4,110.7,51,Clear
2025-02-07 07:00:00,Hyderabad,32,46,1032,14.5,31.1,160,Rainy
2025-02-07 08:00:00,Lucknow,39,28,980,21.0,25.9,135,Sunny
2025-02-07 09:00:00,Kolkata,32,25,989,4.0,33.5,303,Fog
2025-02-07 10:00:00,Delhi,29,93,1019,3.0,46.3,263,Storm
2025-02-07 11:00:00,Bengaluru,26,71,1013,3.3,45.6,186,Clear
2025-02-07 12:00:00,Bengaluru,38,71,986,18.4,55.9,73,Clear
2025-02-07 13:00:00,Jaipur,21,46,1010,4.4,70.0,341,Cloudy
2025-02-07 14:00:00,Kolkata,19,39,999,21.9,51.9,42,Cloudy
2025-02-07 15:00:00,Delhi,41,63,1030,5.5,24.9,169,Fog
2025-02-07 16:00:00,Pune,19,80,1011,14.4,114.3,179,Rainy
2025-02-07 17:00:00,Bengaluru,40,37,1018,20.5,76.0,93,Sunny
2025-02-07 18:00:00,Lucknow,23,74,1035,9.3,58.9,286,Storm
2025-02-07 19:00:00,Hyderabad,22,32,1006,5.9,12.1,123,Storm
2025-02-07 20:00:00,Kolkata,41,40,1017,14.8,113.8,72,Fog
2025-02-07 21:00:00,Ahmedabad,39,87,1027,6.5,9.7,248,Sunny
2025-02-07 22:00:00,Jaipur,24,61,993,6.0,104.6,186,Sunny
2025-02-07 23:00:00,Bengaluru,21,92,1004,14.5,78.8,145,Clear
2025-02-08 00:00:00,Hyderabad,22,43,1017,2.7,33.7,86,Storm
2025-02-08 01:00:00,Hyderabad,23,49,1008,6.9,34.0,135,Rainy
2025-02-08 02:00:00,Bengaluru,39,63,992,23.4,51.6,314,Sunny
2025-02-08 03:00:00,Pune,38,90,1034,21.2,107.6,203,Storm
2025-02-08 04:00:00,Ahmedabad,30,36,1017,15.9,111.3,105,Sunny
2025-02-08 05:00:00,Bengaluru,31,71,1013,22.7,81.7,45,Sunny
2025-02-08 06:00:00,Chennai,28,82,1008,14.8,5.3,154,Clear
2025-02-08 07:00:00,Bengaluru,39,69,1008,7.3,27.0,300,Fog
2025-02-08 08:00:00,Delhi,23,62,1003,14.9,107.2,350,Sunny
2025-02-08 09:00:00,Lucknow,27,26,1032,16.1,68.2,349,Clear
2025-02-08 10:00:00,Mumbai,36,55,1014,14.8,84.3,319,Rainy
2025-02-08 11:00:00,Chennai,40,66,1018,22.8,71.6,272,Fog
2025-02-08 12:00:00,Delhi,18,69,1033,23.5,74.0,307,Rainy
2025-02-08 13:00:00,Delhi,24,33,998,18.1,118.3,62,Fog
2025-02-08 14:00:00,Hyderabad,41,29,1009,9.9,97.0,162,Cloudy
2025-02-08 15:00:00,Kolkata,28,90,994,1.2,59.5,248,Fog
2025-02-08 16:00:00,Ahmedabad,30,47,990,6.4,43.8,135,Clear
2025-02-08 17:00:00,Pune,27,86,1018,8.8,19.2,67,Fog
2025-02-08 18:00:00,Bengaluru,19,91,994,21.6,94.2,343,Fog
2025-02-08 19:00:00,Jaipur,41,60,1000,23.0,113.2,46,Clear
2025-02-08 20:00:00,Mumbai,33,84,985,24.6,13.2,231,Rainy
2025-02-08 21:00:00,Bengaluru,30,34,1017,22.1,119.0,48,Sunny
2025-02-08 22:00:00,Pune,33,40,1034,13.2,36.1,100,Clear
2025-02-08 23:00:00,Bengaluru,26,90,1023,23.7,0.4,36,Rainy
2025-02-09 00:00:00,Hyderabad,28,55,1027,4.4,26.8,250,Cloudy
2025-02-09 01:00:00,Bengaluru,39,63,1000,4.3,89.1,230,Sunny
2025-02-09 02:00:00,Jaipur,33,42,993,13.2,48.8,236,Fog
2025-02-09 03:00:00,Bengaluru,40,83,984,22.2,58.1,220,Clear
2025-02-09 04:00:00,Jaipur,37,84,992,8.1,113.6,313,Storm
2025-02-09 05:00:00,Kolkata,21,66,1016,21.0,110.8,238,Clear
2025-02-09 06:00:00,Ahmedabad,24,25,1027,18.8,44.9,69,Fog
2025-02-09 07:00:00,Ahmedabad,29,49,1002,22.9,16.1,138,Rainy
2025-02-09 08:00:00,Pune,24,90,994,18.1,68.6,191,Sunny
2025-02-09 09:00:00,Bengaluru,30,29,1020,13.7,62.5,113,Fog
2025-02-09 10:00:00,Jaipur,34,39,1002,12.0,42.6,146,Cloudy
2025-02-09 11:00:00,Chennai,33,28,1008,11.5,74.3,91,Rainy
2025-02-09 12:00:00,Pune,27,26,990,3.1,15.1,79,Rainy
2025-02-09 13:00:00,Lucknow,19,59,984,5.0,10.5,257,Sunny
2025-02-09 14:00:00,Hyderabad,37,95,993,23.0,114.2,325,Storm
2025-02-09 15:00:00,Chennai,31,31,983,12.1,12.3,148,Fog
2025-02-09 16:00:00,Hyderabad,19,41,987,4.8,53.2,280,Clear
2025-02-09 17:00:00,Lucknow,27,87,1008,24.2,29.9,44,Clear
2025-02-09 18:00:00,Lucknow,34,67,982,3.9,24.0,134,Cloudy
2025-02-09 19:00:00,Kolkata,21,76,1019,22.3,72.1,290,Rainy
2025-02-09 20:00:00,Lucknow,31,37,1032,3.6,13.7,117,Clear
2025-02-09 21:00:00,Bengaluru,38,53,1030,10.2,78.6,147,Fog
2025-02-09 22:00:00,Bengaluru,18,47,1030,9.0,35.6,168,Storm
2025-02-09 23:00:00,Lucknow,31,50,981,16.7,27.8,327,Clear
2025-02-10 00:00:00,Bengaluru,31,57,992,15.1,82.2,76,Storm
2025-02-10 01:00:00,Hyderabad,28,54,1022,6.2,76.5,270,Sunny
2025-02-10 02:00:00,Delhi,36,48,1014,10.8,93.9,104,Fog
2025-02-10 03:00:00,Jaipur,29,29,1027,14.4,32.9,256,Storm
2025-02-10 04:00:00,Mumbai,31,79,994,11.9,96.9,264,Fog
2025-02-10 05:00:00,Mumbai,27,45,986,1.0,102.3,46,Storm
2025-02-10 06:00:00,Delhi,18,46,996,14.9,111.8,50,Clear
2025-02-10 07:00:00,Kolkata,35,34,1002,12.8,74.5,347,Fog
2025-02-10 08:00:00,Hyderabad,31,54,1005,9.8,47.4,193,Sunny
2025-02-10 09:00:00,Hyderabad,41,67,992,5.9,104.7,106,Cloudy
2025-02-10 10:00:00,Jaipur,31,73,1013,19.3,74.8,50,Clear
2025-02-10 11:00:00,Lucknow,35,51,985,16.9,59.6,130,Rainy
2025-02-10 12:00:00,Delhi,20,59,1001,12.3,19.4,109,Fog
2025-02-10 13:00:00,Hyderabad,38,49,1009,13.2,81.2,91,Clear
2025-02-10 14:00:00,Hyderabad,42,71,984,2.4,35.9,349,Fog
2025-02-10 15:00:00,Chennai,32,38,1033,2.9,15.8,229,Sunny
2025-02-10 16:00:00,Pune,33,65,1030,20.3,74.2,329,Rainy
2025-02-10 17:00:00,Mumbai,27,55,984,2.2,67.3,75,Cloudy
2025-02-10 18:00:00,Chennai,29,59,1034,16.9,109.1,282,Storm
2025-02-10 19:00:00,Bengaluru,34,51,1009,17.4,52.4,280,Fog
2025-02-10 20:00:00,Mumbai,40,33,980,18.2,81.2,101,Storm
2025-02-10 21:00:00,Ahmedabad,31,25,1008,22.9,63.9,323,Fog
2025-02-10 22:00:00,Delhi,40,45,1032,4.3,42.3,219,Fog
2025-02-10 23:00:00,Lucknow,41,68,1020,8.4,105.3,240,Storm
2025-02-11 00:00:00,Delhi,31,46,1005,15.1,116.5,106,Cloudy
2025-02-11 01:00:00,Mumbai,29,34,987,19.3,96.9,149,Storm
2025-02-11 02:00:00,Kolkata,27,56,1008,11.3,30.1,206,Fog
2025-02-11 03:00:00,Bengaluru,39,30,1022,2.8,22.9,319,Cloudy
2025-02-11 04:00:00,Chennai,20,39,1008,6.1,85.0,267,Sunny
2025-02-11 05:00:00,Lucknow,31,87,1030,9.9,27.0,203,Rainy
2025-02-11 06:00:00,Pune,41,48,1022,10.3,108.4,58,Storm
2025-02-11 07:00:00,Ahmedabad,29,61,1025,12.6,58.4,173,Fog
2025-02-11 08:00:00,Ahmedabad,21,41,987,2.0,75.2,52,Storm
2025-02-11 09:00:00,Delhi,26,32,1029,21.4,28.2,182,Rainy
2025-02-11 10:00:00,Delhi,24,68,990,0.7,114.4,324,Fog
2025-02-11 11:00:00,Ahmedabad,27,60,1035,7.8,22.4,141,Storm
2025-02-11 12:00:00,Jaipur,30,57,980,19.7,112.6,73,Cloudy
2025-02-11 13:00:00,Kolkata,18,70,1016,9.7,51.4,324,Clear
2025-02-11 14:00:00,Delhi,24,64,984,11.7,90.3,282,Storm
2025-02-11 15:00:00,Delhi,24,62,1002,13.1,83.1,66,Rainy
2025-02-11 16:00:00,Chennai,20,32,998,19.6,19.9,122,Storm
2025-02-11 17:00:00,Bengaluru,36,81,989,3.7,115.2,96,Rainy
2025-02-11 18:00:00,Pune,33,68,1017,16.2,82.5,151,Rainy
2025-02-11 19:00:00,Lucknow,32,44,1014,20.5,71.5,248,Sunny
2025-02-11 20:00:00,Jaipur,24,78,1002,16.1,109.7,55,Rainy
2025-02-11 21:00:00,Ahmedabad,30,56,1033,2.9,62.1,124,Rainy
2025-02-11 22:00:00,Mumbai,36,38,1035,7.2,106.4,203,Fog
2025-02-11 23:00:00,Ahmedabad,36,42,992,19.2,68.4,141,Storm
2025-02-12 00:00:00,Pune,35,72,992,6.1,22.6,219,Storm
2025-02-12 01:00:00,Bengaluru,39,90,1031,15.3,110.4,150,Storm
2025-02-12 02:00:00,Lucknow,23,81,987,13.8,26.4,87,Storm
2025-02-12 03:00:00,Chennai,29,76,1020,8.1,59.1,211,Cloudy
2025-02-12 04:00:00,Lucknow,18,71,980,15.9,74.1,137,Fog
2025-02-12 05:00:00,Delhi,34,72,1030,2.8,85.5,147,Clear
2025-02-12 06:00:00,Bengaluru,24,46,1027,24.1,55.6,332,Storm
2025-02-12 07:00:00,Hyderabad,31,89,1004,22.0,1.0,264,Fog
2025-02-12 08:00:00,Lucknow,28,78,984,24.3,44.3,346,Rainy
2025-02-12 09:00:00,Lucknow,24,87,1000,8.6,32.5,275,Storm
2025-02-12 10:00:00,Ahmedabad,21,81,994,13.7,81.7,144,Sunny
2025-02-12 11:00:00,Chennai,26,69,1005,14.4,21.7,142,Rainy
2025-02-12 12:00:00,Pune,26,43,994,0.8,0.4,230,Clear
2025-02-12 13:00:00,Hyderabad,28,67,1012,5.5,4.6,97,Storm
2025-02-12 14:00:00,Ahmedabad,28,58,988,23.3,60.4,176,Storm
2025-02-12 15:00:00,Lucknow,31,94,1029,5.9,3.7,111,Cloudy
2025-02-12 16:00:00,Bengaluru,25,78,1002,24.3,69.5,100,Sunny
2025-02-12 17:00:00,Pune,29,84,989,17.0,82.6,316,Clear
2025-02-12 18:00:00,Ahmedabad,35,58,1014,24.9,16.3,271,Sunny
2025-02-12 19:00:00,Hyderabad,36,28,985,4.7,28.6,281,Rainy
2025-02-12 20:00:00,Bengaluru,33,73,1035,8.4,7.4,161,Rainy
2025-02-12 21:00:00,Ahmedabad,36,48,982,12.0,100.7,83,Rainy
2025-02-12 22:00:00,Hyderabad,22,70,991,17.0,5.4,112,Sunny
2025-02-12 23:00:00,Jaipur,22,83,984,2.0,79.9,191,Fog
2025-02-13 00:00:00,Bengaluru,35,94,1022,12.2,47.7,292,Cloudy
2025-02-13 01:00:00,Hyderabad,32,94,1013,5.3,25.9,111,Cloudy
2025-02-13 02:00:00,Jaipur,35,30,1033,13.8,36.2,285,Storm
2025-02-13 03:00:00,Pune,31,86,1003,7.6,91.0,176,Clear
2025-02-13 04:00:00,Kolkata,36,53,1018,15.6,16.4,225,Clear
2025-02-13 05:00:00,Hyderabad,25,81,1033,10.0,96.0,73,Clear
2025-02-13 06:00:00,Jaipur,26,74,988,5.1,110.2,196,Storm
2025-02-13 07:00:00,Lucknow,25,83,1013,19.2,47.6,140,Fog
2025-02-13 08:00:00,Ahmedabad,34,50,993,24.9,39.0,256,Storm
2025-02-13 09:00:00,Pune,38,66,1030,10.4,63.7,217,Sunny
2025-02-13 10:00:00,Kolkata,21,73,1006,19.2,55.0,164,Storm
2025-02-13 11:00:00,Ahmedabad,18,91,984,12.3,38.8,120,Clear
2025-02-13 12:00:00,Jaipur,40,95,1024,6.6,39.4,142,Fog
2025-02-13 13:00:00,Ahmedabad,34,82,986,4.3,5.7,118,Cloudy
2025-02-13 14:00:00,Chennai,23,74,997,2.5,4.1,232,Storm
2025-02-13 15:00:00,Pune,40,65,986,1.1,47.0,124,Fog
2025-02-13 16:00:00,Pune,28,61,999,19.4,44.7,200,Clear
2025-02-13 17:00:00,Ahmedabad,18,56,987,15.0,83.1,234,Fog
2025-02-13 18:00:00,Hyderabad,41,51,1014,12.9,82.0,92,Rainy
2025-02-13 19:00:00,Jaipur,40,87,985,22.5,27.6,89,Rainy
2025-02-13 20:00:00,Ahmedabad,19,67,1034,14.8,75.5,75,Cloudy
2025-02-13 21:00:00,Delhi,36,39,1020,1.9,28.9,341,Storm
2025-02-13 22:00:00,Kolkata,40,69,1004,4.8,35.7,37,Sunny
2025-02-13 23:00:00,Lucknow,41,75,987,8.6,65.1,246,Clear
2025-02-14 00:00:00,Pune,33,54,1024,4.8,25.5,259,Rainy
2025-02-14 01:00:00,Delhi,24,66,1000,24.7,76.0,162,Rainy
2025-02-14 02:00:00,Delhi,35,30,1008,17.7,2.8,304,Fog
2025-02-14 03:00:00,Ahmedabad,27,41,1007,13.9,8.9,98,Rainy
2025-02-14 04:00:00,Bengaluru,19,54,1023,12.5,14.4,284,Clear
2025-02-14 05:00:00,Lucknow,23,65,1000,11.6,47.8,178,Rainy
2025-02-14 06:00:00,Mumbai,26,81,980,8.4,45.3,313,Fog
2025-02-14 07:00:00,Jaipur,22,25,1005,5.5,52.8,246,Clear
2025-02-14 08:00:00,Ahmedabad,35,84,1018,22.7,77.9,35,Rainy
2025-02-14 09:00:00,Jaipur,38,89,1025,19.2,81.9,226,Storm
2025-02-14 10:00:00,Bengaluru,28,61,1006,10.4,110.5,62,Clear
2025-02-14 11:00:00,Chennai,40,62,1027,16.9,118.6,127,Clear
2025-02-14 12:00:00,Hyderabad,36,29,1024,6.9,86.5,163,Cloudy
2025-02-14 13:00:00,Pune,24,36,1016,19.1,96.7,211,Fog
2025-02-14 14:00:00,Kolkata,24,88,1031,15.3,71.4,226,Clear
2025-02-14 15:00:00,Pune,33,76,1020,1.5,78.2,282,Cloudy
2025-02-14 16:00:00,Hyderabad,33,91,1033,1.6,26.0,260,Cloudy
2025-02-14 17:00:00,Ahmedabad,39,93,984,1.8,2.3,135,Rainy
2025-02-14 18:00:00,Hyderabad,42,52,1014,6.7,109.4,183,Rainy
2025-02-14 19:00:00,Delhi,25,87,992,18.6,25.3,151,Sunny
2025-02-14 20:00:00,Mumbai,24,34,984,21.9,59.7,180,Clear
2025-02-14 21:00:00,Kolkata,36,77,1020,18.0,31.1,246,Clear
2025-02-14 22:00:00,Delhi,25,50,1010,0.8,13.9,303,Clear
2025-02-14 23:00:00,Chennai,38,31,1002,18.1,95.1,168,Storm
2025-02-15 00:00:00,Hyderabad,38,48,1016,6.8,69.0,300,Cloudy
2025-02-15 01:00:00,Hyderabad,34,70,1021,12.5,110.3,300,Rainy
2025-02-15 02:00:00,Lucknow,30,55,1031,13.8,105.5,339,Fog
2025-02-15 03:00:00,Pune,41,56,981,1.5,22.5,347,Clear
2025-02-15 04:00:00,Pune,20,88,1035,8.3,46.8,343,Fog
2025-02-15 05:00:00,Hyderabad,22,65,1022,10.9,77.0,80,Cloudy
2025-02-15 06:00:00,Hyderabad,30,57,1022,5.7,44.8,34,Sunny
2025-02-15 07:00:00,Delhi,28,48,1016,22.8,18.6,334,Rainy
2025-02-15 08:00:00,Mumbai,38,78,1025,21.2,75.9,129,Fog
2025-02-15 09:00:00,Jaipur,37,90,984,9.0,108.5,300,Rainy
2025-02-15 10:00:00,Jaipur,33,37,1033,19.0,119.1,341,Rainy
2025-02-15 11:00:00,Bengaluru,22,65,1030,19.0,115.3,220,Fog
2025-02-15 12:00:00,Pune,36,76,1034,16.4,30.3,158,Fog
2025-02-15 13:00:00,Kolkata,30,81,999,8.1,0.6,300,Rainy
2025-02-15 14:00:00,Bengaluru,24,28,1031,8.0,91.6,306,Storm
2025-02-15 15:00:00,Lucknow,34,30,1008,24.6,55.8,30,Rainy
2025-02-15 16:00:00,Mumbai,26,37,1024,18.7,69.8,250,Storm
2025-02-15 17:00:00,Pune,30,68,984,15.1,87.0,178,Rainy
2025-02-15 18:00:00,Jaipur,23,62,982,2.3,35.1,219,Fog
2025-02-15 19:00:00,Chennai,18,29,1000,11.3,97.9,43,Storm
2025-02-15 20:00:00,Jaipur,23,67,997,5.7,98.2,198,Storm
2025-02-15 21:00:00,Kolkata,29,51,1006,1.4,26.5,320,Cloudy
2025-02-15 22:00:00,Mumbai,21,42,1033,9.3,2.7,280,Clear
2025-02-15 23:00:00,Mumbai,23,51,1032,9.2,61.6,344,Clear
2025-02-16 00:00:00,Chennai,30,76,999,11.4,92.2,302,Sunny
2025-02-16 01:00:00,Kolkata,40,95,1023,22.4,77.9,253,Cloudy
2025-02-16 02:00:00,Ahmedabad,33,69,1002,2.2,108.3,195,Rainy
2025-02-16 03:00:00,Ahmedabad,34,83,1003,21.0,62.2,199,Clear
2025-02-16 04:00:00,Chennai,33,70,996,23.8,57.6,251,Clear
2025-02-16 05:00:00,Ahmedabad,39,35,997,10.7,101.0,172,Sunny
2025-02-16 06:00:00,Ahmedabad,35,56,1016,10.0,44.6,221,Cloudy
2025-02-16 07:00:00,Ahmedabad,25,69,990,18.0,118.5,193,Storm
2025-02-16 08:00:00,Kolkata,26,56,986,21.7,30.5,200,Sunny
2025-02-16 09:00:00,Lucknow,32,74,1000,15.9,93.5,286,Rainy
2025-02-16 10:00:00,Ahmedabad,42,64,992,6.6,68.0,291,Fog
2025-02-16 11:00:00,Pune,34,80,1004,12.0,79.2,82,Clear
2025-02-16 12:00:00,Lucknow,20,79,1020,11.6,25.2,251,Sunny
2025-02-16 13:00:00,Jaipur,41,43,1011,0.5,97.2,238,Sunny
2025-02-16 14:00:00,Bengaluru,23,82,1017,19.5,32.6,174,Clear
2025-02-16 15:00:00,Ahmedabad,30,75,985,7.3,72.2,131,Fog
2025-02-16 16:00:00,Bengaluru,21,82,1014,1.3,112.5,181,Cloudy
2025-02-16 17:00:00,Mumbai,31,69,1002,6.2,105.2,314,Cloudy
2025-02-16 18:00:00,Hyderabad,40,37,988,4.4,19.4,286,Storm
2025-02-16 19:00:00,Chennai,25,30,1016,11.1,23.6,226,Clear
2025-02-16 20:00:00,Bengaluru,35,87,1013,16.1,63.5,105,Storm
2025-02-16 21:00:00,Delhi,40,26,1020,21.1,84.2,337,Clear
2025-02-16 22:00:00,Kolkata,31,95,1027,17.4,76.5,117,Clear
2025-02-16 23:00:00,Mumbai,39,41,1026,23.3,74.5,239,Cloudy
2025-02-17 00:00:00,Ahmedabad,25,41,1006,7.0,54.3,51,Cloudy
2025-02-17 01:00:00,Lucknow,36,85,1020,18.1,15.4,219,Sunny
2025-02-17 02:00:00,Bengaluru,26,39,1005,7.9,48.0,325,Sunny
2025-02-17 03:00:00,Bengaluru,24,41,1003,9.9,0.2,97,Storm
2025-02-17 04:00:00,Lucknow,28,54,1010,20.4,76.7,221,Storm
2025-02-17 05:00:00,Delhi,18,60,1032,4.8,71.0,274,Sunny
2025-02-17 06:00:00,Pune,20,62,996,24.6,15.6,137,Fog
2025-02-17 07:00:00,Hyderabad,24,85,1022,2.7,31.0,168,Cloudy
2025-02-17 08:00:00,Jaipur,31,52,994,4.7,14.0,279,Fog
2025-02-17 09:00:00,Ahmedabad,33,38,1008,23.2,119.5,346,Sunny
2025-02-17 10:00:00,Lucknow,23,66,980,23.1,5.7,43,Sunny
2025-02-17 11:00:00,Pune,39,54,1008,7.0,98.6,322,Sunny
2025-02-17 12:00:00,Delhi,37,60,997,7.7,119.0,273,Cloudy
2025-02-17 13:00:00,Pune,33,92,998,17.4,47.4,137,Cloudy
2025-02-17 14:00:00,Pune,29,31,984,12.4,50.8,154,Sunny
2025-02-17 15:00:00,Jaipur,24,71,1024,18.8,21.1,35,Fog
2025-02-17 16:00:00,Kolkata,18,92,1007,23.5,111.4,189,Sunny
2025-02-17 17:00:00,Mumbai,30,55,1009,13.1,9.2,221,Rainy
2025-02-17 18:00:00,Bengaluru,26,44,982,23.8,7.3,128,Rainy
2025-02-17 19:00:00,Mumbai,28,87,988,9.5,10.2,48,Rainy
2025-02-17 20:00:00,Ahmedabad,36,30,981,13.0,79.7,88,Cloudy
2025-02-17 21:00:00,Pune,31,67,1021,7.5,2.8,328,Sunny
2025-02-17 22:00:00,Pune,30,87,981,24.4,38.7,59,Cloudy
2025-02-17 23:00:00,Lucknow,19,85,996,8.7,34.0,152,Storm
2025-02-18 00:00:00,Chennai,19,86,1014,24.8,20.3,231,Sunny
2025-02-18 01:00:00,Bengaluru,19,49,1027,11.1,73.6,165,Cloudy
2025-02-18 02:00:00,Hyderabad,25,88,1000,23.7,29.0,156,Clear
2025-02-18 03:00:00,Chennai,35,84,1029,21.6,15.5,177,Fog
2025-02-18 04:00:00,Mumbai,36,89,990,16.3,72.4,253,Fog
2025-02-18 05:00:00,Pune,20,78,999,13.4,50.7,297,Storm
2025-02-18 06:00:00,Lucknow,37,46,992,9.7,88.3,165,Storm
2025-02-18 07:00:00,Jaipur,40,74,1007,23.2,100.6,322,Sunny
2025-02-18 08:00:00,Jaipur,18,67,998,20.3,90.4,297,Rainy
2025-02-18 09:00:00,Bengaluru,40,62,981,22.5,95.2,170,Sunny
2025-02-18 10:00:00,Lucknow,22,77,1011,21.7,6.3,276,Storm
2025-02-18 11:00:00,Mumbai,35,82,997,8.9,20.6,50,Cloudy
2025-02-18 12:00:00,Bengaluru,31,43,992,21.7,22.2,283,Sunny
2025-02-18 13:00:00,Ahmedabad,18,93,985,13.3,101.1,329,Clear
2025-02-18 14:00:00,Chennai,35,65,1018,22.5,98.2,152,Fog
2025-02-18 15:00:00,Lucknow,37,38,1017,3.5,34.9,266,Clear
2025-02-18 16:00:00,Hyderabad,39,63,1008,0.9,14.1,131,Storm
2025-02-18 17:00:00,Bengaluru,40,82,1018,2.8,81.1,328,Cloudy
2025-02-18 18:00:00,Kolkata,21,36,989,25.0,40.3,306,Rainy
2025-02-18 19:00:00,Bengaluru,27,92,1005,19.5,103.5,318,Sunny
2025-02-18 20:00:00,Lucknow,35,91,1016,18.5,58.3,288,Rainy
2025-02-18 21:00:00,Kolkata,23,65,1021,13.0,91.5,335,Cloudy
2025-02-18 22:00:00,Bengaluru,25,90,1009,7.9,31.3,347,Sunny
2025-02-18 23:00:00,Mumbai,32,94,1006,9.3,1.9,222,Clear
2025-02-19 00:00:00,Chennai,30,66,989,14.6,109.0,331,Cloudy
2025-02-19 01:00:00,Hyderabad,37,73,1020,2.1,20.9,121,Cloudy
2025-02-19 02:00:00,Pune,39,48,1010,5.8,116.2,242,Cloudy
2025-02-19 03:00:00,Ahmedabad,29,59,986,10.7,50.5,331,Sunny
2025-02-19 04:00:00,Kolkata,40,42,986,6.2,107.5,282,Clear
2025-02-19 05:00:00,Jaipur,41,50,980,15.1,101.7,229,Sunny
2025-02-19 06:00:00,Ahmedabad,32,47,1015,3.0,83.4,203,Cloudy
2025-02-19 07:00:00,Hyderabad,41,70,1026,22.7,81.8,76,Cloudy
2025-02-19 08:00:00,Pune,24,48,983,9.8,98.8,225,Storm
2025-02-19 09:00:00,Lucknow,37,81,1035,10.6,116.6,347,Rainy
2025-02-19 10:00:00,Lucknow,39,91,1007,24.9,91.4,131,Fog
2025-02-19 11:00:00,Lucknow,29,66,984,10.4,33.4,81,Sunny
2025-02-19 12:00:00,Hyderabad,28,72,1019,4.7,35.3,350,Fog
2025-02-19 13:00:00,Jaipur,40,78,986,12.4,7.5,297,Rainy
2025-02-19 14:00:00,Kolkata,18,49,990,19.1,64.2,341,Cloudy
2025-02-19 15:00:00,Chennai,18,70,1012,21.0,34.2,304,Storm
2025-02-19 16:00:00,Bengaluru,30,78,1010,17.5,77.4,87,Cloudy
2025-02-19 17:00:00,Pune,40,44,1016,5.8,19.3,59,Rainy
2025-02-19 18:00:00,Chennai,35,28,989,2.1,59.6,179,Sunny
2025-02-19 19:00:00,Ahmedabad,34,79,999,6.8,34.7,184,Clear
2025-02-19 20:00:00,Lucknow,25,78,1028,16.4,62.5,130,Cloudy
2025-02-19 21:00:00,Hyderabad,25,41,1017,6.7,112.8,284,Storm
2025-02-19 22:00:00,Ahmedabad,22,76,1035,5.3,87.6,111,Storm
2025-02-19 23:00:00,Delhi,22,75,1021,19.7,1.8,76,Sunny
2025-02-20 00:00:00,Lucknow,25,57,1000,20.8,84.1,92,Storm
2025-02-20 01:00:00,Lucknow,36,67,1007,6.4,69.5,299,Fog
2025-02-20 02:00:00,Mumbai,19,76,1008,6.6,70.1,147,Storm
2025-02-20 03:00:00,Kolkata,27,76,983,20.6,97.6,255,Clear
2025-02-20 04:00:00,Delhi,24,60,1009,1.1,24.7,238,Sunny
2025-02-20 05:00:00,Hyderabad,28,61,1027,21.5,105.1,97,Rainy
2025-02-20 06:00:00,Lucknow,42,25,1030,11.9,32.0,66,Sunny
2025-02-20 07:00:00,Ahmedabad,27,30,1031,11.9,48.6,294,Storm
2025-02-20 08:00:00,Jaipur,36,95,1004,19.4,58.3,195,Clear
2025-02-20 09:00:00,Hyderabad,25,38,1008,22.7,22.8,264,Fog
2025-02-20 10:00:00,Pune,18,50,1032,3.7,66.9,350,Clear
2025-02-20 11:00:00,Jaipur,32,72,1012,11.3,118.1,225,Clear
2025-02-20 12:00:00,Lucknow,29,79,1015,16.0,55.6,196,Clear
2025-02-20 13:00:00,Kolkata,20,84,1013,4.1,79.1,129,Fog
2025-02-20 14:00:00,Ahmedabad,37,26,1002,13.7,10.4,134,Storm
2025-02-20 15:00:00,Ahmedabad,27,71,997,16.1,71.2,120,Fog
2025-02-20 16:00:00,Chennai,26,50,987,24.7,106.3,191,Sunny
2025-02-20 17:00:00,Ahmedabad,31,63,989,9.9,59.4,258,Rainy
2025-02-20 18:00:00,Jaipur,39,54,1002,16.6,8.9,150,Fog
2025-02-20 19:00:00,Pune,21,27,990,20.8,62.1,172,Clear
2025-02-20 20:00:00,Lucknow,30,86,997,4.6,24.0,46,Sunny
2025-02-20 21:00:00,Mumbai,22,42,1011,2.9,71.3,332,Cloudy
2025-02-20 22:00:00,Jaipur,34,84,1019,21.5,114.1,236,Sunny
2025-02-20 23:00:00,Pune,35,83,1016,17.2,29.2,334,Fog
2025-02-21 00:00:00,Hyderabad,29,48,1007,10.7,57.6,170,Cloudy
2025-02-21 01:00:00,Lucknow,29,50,1018,6.7,95.9,328,Storm
2025-02-21 02:00:00,Kolkata,30,62,1019,23.5,80.5,94,Storm
2025-02-21 03:00:00,Mumbai,30,38,1017,18.2,81.2,319,Cloudy
2025-02-21 04:00:00,Delhi,27,31,998,8.2,88.8,165,Fog
2025-02-21 05:00:00,Mumbai,19,66,985,5.6,96.2,32,Clear
2025-02-21 06:00:00,Kolkata,32,43,1012,3.8,100.5,237,Sunny
2025-02-21 07:00:00,Delhi,40,48,980,2.8,47.6,265,Sunny
2025-02-21 08:00:00,Jaipur,25,61,1012,17.2,17.7,350,Sunny
2025-02-21 09:00:00,Pune,24,38,1003,13.0,35.8,87,Storm
2025-02-21 10:00:00,Chennai,41,60,992,19.1,20.4,199,Sunny
2025-02-21 11:00:00,Lucknow,35,79,1024,6.0,0.0,292,Sunny
2025-02-21 12:00:00,Kolkata,37,91,1025,7.6,64.8,275,Rainy
2025-02-21 13:00:00,Delhi,37,46,1030,1.3,7.3,257,Storm
2025-02-21 14:00:00,Chennai,36,30,997,10.4,100.2,244,Sunny
2025-02-21 15:00:00,Mumbai,33,95,987,15.8,97.5,208,Fog
2025-02-21 16:00:00,Lucknow,20,36,1031,6.5,107.3,280,Clear
2025-02-21 17:00:00,Kolkata,40,36,1030,4.3,57.9,336,Rainy
2025-02-21 18:00:00,Delhi,21,80,982,12.8,47.6,215,Storm
2025-02-21 19:00:00,Delhi,41,63,1010,1.0,77.8,180,Storm
2025-02-21 20:00:00,Delhi,28,46,1005,11.0,78.0,184,Fog
2025-02-21 21:00:00,Bengaluru,40,53,1015,15.5,23.6,206,Storm
2025-02-21 22:00:00,Bengaluru,23,56,984,8.5,77.4,319,Storm
2025-02-21 23:00:00,Pune,40,35,980,7.5,13.5,340,Storm
2025-02-22 00:00:00,Hyderabad,39,50,986,1.9,72.8,334,Sunny
2025-02-22 01:00:00,Ahmedabad,26,85,1021,15.8,67.5,73,Sunny
2025-02-22 02:00:00,Pune,35,67,1015,4.5,19.9,230,Rainy
2025-02-22 03:00:00,Bengaluru,41,31,998,8.5,42.7,254,Sunny
2025-02-22 04:00:00,Hyderabad,25,58,1011,12.5,107.6,43,Sunny
2025-02-22 05:00:00,Lucknow,27,63,994,10.9,108.9,179,Rainy
2025-02-22 06:00:00,Delhi,28,82,997,20.7,23.6,106,Clear
2025-02-22 07:00:00,Hyderabad,29,37,1009,1.5,71.7,254,Fog
2025-02-22 08:00:00,Ahmedabad,34,31,1004,0.9,44.9,297,Sunny
2025-02-22 09:00:00,Bengaluru,31,71,984,3.8,71.8,232,Fog
2025-02-22 10:00:00,Mumbai,26,89,1006,3.3,107.8,163,Storm
2025-02-22 11:00:00,Ahmedabad,24,52,1008,19.5,85.0,257,Sunny
2025-02-22 12:00:00,Kolkata,34,84,990,7.0,72.5,322,Rainy
2025-02-22 13:00:00,Kolkata,18,67,1000,4.4,26.6,272,Cloudy
2025-02-22 14:00:00,Hyderabad,35,83,996,13.4,53.3,318,Sunny
2025-02-22 15:00:00,Pune,23,82,997,18.0,110.7,236,Rainy
2025-02-22 16:00:00,Kolkata,25,86,1006,10.0,63.4,69,Rainy
2025-02-22 17:00:00,Chennai,40,84,1024,3.7,118.3,132,Clear
2025-02-22 18:00:00,Lucknow,40,48,1000,20.4,3.3,71,Sunny
2025-02-22 19:00:00,Delhi,24,32,1003,22.8,67.9,108,Fog
2025-02-22 20:00:00,Chennai,25,91,980,24.9,72.9,256,Sunny
2025-02-22 21:00:00,Pune,30,56,985,14.6,60.7,257,Sunny
2025-02-22 22:00:00,Mumbai,42,41,994,3.7,31.8,105,Fog
2025-02-22 23:00:00,Mumbai,36,38,1032,16.1,72.8,105,Sunny
2025-02-23 00:00:00,Jaipur,32,36,1015,14.6,32.8,334,Clear
2025-02-23 01:00:00,Chennai,27,28,995,4.6,28.0,275,Storm
2025-02-23 02:00:00,Kolkata,36,38,1022,2.5,18.7,112,Sunny
2025-02-23 03:00:00,Pune,21,69,998,3.5,47.7,291,Storm
2025-02-23 04:00:00,Ahmedabad,32,48,985,22.2,11.0,92,Rainy
2025-02-23 05:00:00,Pune,18,87,1017,1.0,13.4,191,Sunny
2025-02-23 06:00:00,Delhi,26,38,988,13.7,71.7,231,Rainy
2025-02-23 07:00:00,Mumbai,25,86,1024,18.0,55.1,314,Cloudy
2025-02-23 08:00:00,Jaipur,30,81,983,21.4,119.4,246,Clear
2025-02-23 09:00:00,Pune,20,52,1033,8.7,36.1,150,Fog
2025-02-23 10:00:00,Bengaluru,26,94,1012,19.6,7.0,39,Sunny
2025-02-23 11:00:00,Jaipur,25,55,1032,2.2,115.2,216,Sunny
2025-02-23 12:00:00,Delhi,27,77,1008,16.8,72.9,68,Sunny
2025-02-23 13:00:00,Mumbai,22,67,985,16.3,58.0,262,Storm
2025-02-23 14:00:00,Chennai,18,33,1022,8.2,30.3,44,Storm
2025-02-23 15:00:00,Ahmedabad,24,26,1009,14.0,85.0,330,Cloudy
2025-02-23 16:00:00,Mumbai,19,32,994,10.2,38.1,185,Rainy
2025-02-23 17:00:00,Lucknow,42,61,996,13.2,27.4,257,Rainy
2025-02-23 18:00:00,Lucknow,41,84,1022,12.1,41.7,141,Storm
2025-02-23 19:00:00,Pune,19,35,1029,9.8,81.2,175,Cloudy
2025-02-23 20:00:00,Kolkata,29,27,1021,22.5,110.8,130,Fog
2025-02-23 21:00:00,Delhi,31,28,990,11.6,49.7,290,Storm
2025-02-23 22:00:00,Lucknow,35,91,1029,11.8,83.3,154,Fog
2025-02-23 23:00:00,Bengaluru,41,63,1010,1.1,63.5,122,Cloudy
2025-02-24 00:00:00,Bengaluru,32,56,1007,24.6,23.0,115,Cloudy
2025-02-24 01:00:00,Bengaluru,29,61,997,5.6,29.7,343,Cloudy
2025-02-24 02:00:00,Lucknow,37,93,1031,23.8,2.0,188,Rainy
2025-02-24 03:00:00,Kolkata,39,26,1006,18.4,24.9,156,Storm
2025-02-24 04:00:00,Delhi,35,77,1010,18.5,65.3,249,Fog
2025-02-24 05:00:00,Hyderabad,18,41,1035,23.2,40.4,125,Cloudy
2025-02-24 06:00:00,Pune,19,74,982,21.1,117.7,308,Storm
2025-02-24 07:00:00,Mumbai,28,49,998,18.2,29.0,303,Sunny
2025-02-24 08:00:00,Jaipur,33,67,1033,12.6,92.0,129,Sunny
2025-02-24 09:00:00,Bengaluru,33,77,1029,22.8,30.4,50,Fog
2025-02-24 10:00:00,Hyderabad,23,72,1009,6.6,74.5,42,Cloudy
2025-02-24 11:00:00,Ahmedabad,25,77,1014,14.0,79.2,151,Sunny
2025-02-24 12:00:00,Bengaluru,33,49,1032,14.8,114.3,183,Clear
2025-02-24 13:00:00,Jaipur,22,65,1015,14.2,64.3,116,Fog
2025-02-24 14:00:00,Ahmedabad,34,91,1009,1.3,51.8,59,Storm
2025-02-24 15:00:00,Pune,33,66,1017,6.9,14.0,241,Fog
2025-02-24 16:00:00,Lucknow,38,67,1001,2.6,104.9,46,Clear
2025-02-24 17:00:00,Mumbai,36,40,996,16.5,101.0,262,Sunny
2025-02-24 18:00:00,Mumbai,24,91,1033,3.9,118.7,151,Sunny
2025-02-24 19:00:00,Delhi,41,55,1006,5.0,58.3,252,Storm
2025-02-24 20:00:00,Pune,42,41,1005,15.1,15.8,161,Sunny
2025-02-24 21:00:00,Pune,23,49,1007,23.2,62.2,127,Fog
2025-02-24 22:00:00,Jaipur,37,87,996,3.0,41.8,88,Storm
2025-02-24 23:00:00,Mumbai,21,55,1014,18.2,11.6,158,Rainy
2025-02-25 00:00:00,Kolkata,19,72,984,20.5,4.6,98,Clear
2025-02-25 01:00:00,Jaipur,19,95,993,19.9,115.8,152,Rainy
2025-02-25 02:00:00,Pune,34,40,992,16.6,50.3,136,Sunny
2025-02-25 03:00:00,Mumbai,39,64,996,20.3,50.1,321,Rainy
2025-02-25 04:00:00,Chennai,33,66,1015,8.3,114.7,259,Clear
2025-02-25 05:00:00,Mumbai,39,77,990,7.2,100.9,152,Cloudy
2025-02-25 06:00:00,Jaipur,28,84,1019,6.3,58.4,291,Cloudy
2025-02-25 07:00:00,Pune,37,67,1004,10.4,93.3,324,Sunny
2025-02-25 08:00:00,Delhi,37,40,995,0.7,22.2,108,Sunny
2025-02-25 09:00:00,Mumbai,24,95,1004,3.4,45.3,184,Cloudy
2025-02-25 10:00:00,Chennai,23,90,1030,13.0,85.4,285,Rainy
2025-02-25 11:00:00,Pune,41,94,991,24.3,47.4,337,Rainy
2025-02-25 12:00:00,Jaipur,36,40,1000,4.4,112.9,40,Fog
2025-02-25 13:00:00,Bengaluru,41,36,1025,18.2,36.3,106,Sunny
2025-02-25 14:00:00,Pune,38,75,1014,4.0,59.5,300,Rainy
2025-02-25 15:00:00,Jaipur,42,36,1025,6.2,14.5,299,Rainy
2025-02-25 16:00:00,Mumbai,33,25,985,17.0,61.9,300,Fog
2025-02-25 17:00:00,Chennai,19,90,1025,15.9,65.4,338,Clear
2025-02-25 18:00:00,Hyderabad,31,56,1018,8.1,14.0,119,Clear
2025-02-25 19:00:00,Bengaluru,30,30,1031,16.0,91.3,117,Fog
2025-02-25 20:00:00,Mumbai,29,50,998,5.3,116.2,100,Storm
2025-02-25 21:00:00,Kolkata,36,81,989,24.9,74.7,218,Fog
2025-02-25 22:00:00,Hyderabad,39,35,1002,11.5,69.1,235,Fog
2025-02-25 23:00:00,Chennai,27,91,991,21.3,100.5,339,Clear
2025-02-26 00:00:00,Delhi,23,31,997,10.7,13.1,132,Fog
2025-02-26 01:00:00,Chennai,31,59,998,8.3,1.5,189,Clear
2025-02-26 02:00:00,Pune,23,71,1027,12.8,92.4,320,Clear
2025-02-26 03:00:00,Ahmedabad,24,57,993,15.4,78.8,197,Rainy
2025-02-26 04:00:00,Lucknow,41,84,1032,5.6,89.0,121,Cloudy
2025-02-26 05:00:00,Ahmedabad,41,40,985,13.2,5.2,122,Sunny
2025-02-26 06:00:00,Jaipur,28,73,988,16.7,110.1,220,Rainy
2025-02-26 07:00:00,Lucknow,21,59,1008,17.4,98.6,341,Rainy
2025-02-26 08:00:00,Mumbai,27,81,1003,13.5,91.5,227,Sunny
2025-02-26 09:00:00,Kolkata,39,75,989,4.5,47.6,269,Fog
2025-02-26 10:00:00,Chennai,32,86,1022,18.2,99.1,318,Fog
2025-02-26 11:00:00,Pune,22,26,980,17.5,102.8,331,Storm
2025-02-26 12:00:00,Kolkata,29,69,984,9.2,9.9,261,Sunny
2025-02-26 13:00:00,Bengaluru,40,82,1018,8.0,94.3,88,Rainy
2025-02-26 14:00:00,Bengaluru,28,37,993,12.9,15.2,181,Cloudy
2025-02-26 15:00:00,Hyderabad,25,49,1030,19.9,98.3,293,Fog
2025-02-26 16:00:00,Lucknow,28,60,994,18.2,35.2,101,Rainy
2025-02-26 17:00:00,Mumbai,29,92,1002,12.7,82.5,276,Cloudy
2025-02-26 18:00:00,Kolkata,23,53,1000,14.2,37.8,210,Sunny
2025-02-26 19:00:00,Chennai,36,79,993,23.1,69.8,188,Clear
2025-02-26 20:00:00,Hyderabad,19,32,1017,19.1,5.0,74,Storm
2025-02-26 21:00:00,Lucknow,28,91,984,23.1,66.7,200,Storm
2025-02-26 22:00:00,Hyderabad,20,91,987,13.4,24.1,278,Rainy
2025-02-26 23:00:00,Kolkata,36,60,1018,23.1,89.0,33,Sunny
2025-02-27 00:00:00,Mumbai,27,31,1029,17.0,91.0,250,Cloudy
2025-02-27 01:00:00,Jaipur,21,69,1016,7.7,66.1,344,Rainy
2025-02-27 02:00:00,Mumbai,36,76,988,15.9,31.7,187,Storm
2025-02-27 03:00:00,Bengaluru,19,66,1034,10.8,91.7,93,Clear
2025-02-27 04:00:00,Lucknow,26,66,1015,4.8,117.3,340,Storm
2025-02-27 05:00:00,Mumbai,23,88,987,15.6,2.6,118,Fog
2025-02-27 06:00:00,Mumbai,31,63,982,4.4,14.7,180,Fog
2025-02-27 07:00:00,Delhi,37,83,1035,14.2,3.4,35,Cloudy
2025-02-27 08:00:00,Kolkata,34,46,1018,2.0,106.0,112,Cloudy
2025-02-27 09:00:00,Bengaluru,25,69,1004,22.7,116.6,174,Cloudy
2025-02-27 10:00:00,Mumbai,21,94,1003,16.3,49.8,226,Cloudy
2025-02-27 11:00:00,Pune,36,47,980,21.5,9.2,247,Storm
2025-02-27 12:00:00,Ahmedabad,32,59,994,21.3,22.5,123,Rainy
2025-02-27 13:00:00,Chennai,30,67,1012,6.7,62.7,89,Storm
2025-02-27 14:00:00,Lucknow,31,59,1006,9.2,111.6,179,Rainy
2025-02-27 15:00:00,Ahmedabad,33,30,1028,4.1,70.0,200,Sunny
2025-02-27 16:00:00,Bengaluru,19,73,996,10.4,40.8,288,Clear
2025-02-27 17:00:00,Hyderabad,38,65,1034,5.6,110.9,94,Cloudy
2025-02-27 18:00:00,Ahmedabad,27,65,1007,21.3,72.8,106,Clear
2025-02-27 19:00:00,Mumbai,23,48,1007,9.3,69.6,259,Cloudy
2025-02-27 20:00:00,Jaipur,23,32,988,7.3,1.8,350,Fog
2025-02-27 21:00:00,Kolkata,29,60,1012,15.0,8.3,243,Clear
2025-02-27 22:00:00,Chennai,36,33,980,8.8,41.2,245,Storm
2025-02-27 23:00:00,Hyderabad,34,70,1035,9.0,69.6,243,Cloudy
2025-02-28 00:00:00,Chennai,40,67,984,3.9,67.2,314,Rainy
2025-02-28 01:00:00,Jaipur,41,56,1003,10.6,56.8,150,Fog
2025-02-28 02:00:00,Kolkata,31,88,1000,1.2,56.5,106,Storm
2025-02-28 03:00:00,Delhi,22,44,1018,5.0,39.9,38,Clear
2025-02-28 04:00:00,Chennai,21,78,1002,14.9,109.4,151,Storm
2025-02-28 05:00:00,Jaipur,27,26,1020,20.3,37.8,300,Clear
2025-02-28 06:00:00,Lucknow,21,81,1010,21.0,23.8,297,Sunny
2025-02-28 07:00:00,Jaipur,25,46,991,14.7,116.1,202,Storm
2025-02-28 08:00:00,Pune,36,74,980,10.7,21.2,235,Fog
2025-02-28 09:00:00,Jaipur,23,69,1017,23.9,66.4,128,Rainy
2025-02-28 10:00:00,Jaipur,26,67,1007,13.1,113.0,267,Sunny
2025-02-28 11:00:00,Kolkata,38,29,1035,19.5,62.1,268,Cloudy
2025-02-28 12:00:00,Hyderabad,22,83,1000,22.2,15.8,119,Storm
2025-02-28 13:00:00,Bengaluru,27,56,1024,0.6,102.1,349,Rainy
2025-02-28 14:00:00,Ahmedabad,34,39,1002,7.3,14.3,295,Sunny
2025-02-28 15:00:00,Delhi,39,74,1029,2.2,4.8,323,Rainy
2025-02-28 16:00:00,Jaipur,37,48,992,16.1,53.4,88,Rainy
2025-02-28 17:00:00,Bengaluru,41,92,1012,9.1,18.4,173,Cloudy
2025-02-28 18:00:00,Bengaluru,39,45,1030,13.7,38.9,325,Clear
2025-02-28 19:00:00,Mumbai,39,48,986,1.2,72.3,343,Cloudy
2025-02-28 20:00:00,Delhi,34,44,1035,7.2,71.3,54,Clear
2025-02-28 21:00:00,Pune,35,57,981,6.1,1.7,252,Storm
2025-02-28 22:00:00,Lucknow,40,56,1028,9.0,101.5,135,Cloudy
2025-02-28 23:00:00,Lucknow,26,93,1006,14.7,27.8,292,Cloudy
2025-03-01 00:00:00,Mumbai,27,54,1032,22.1,15.4,103,Sunny
2025-03-01 01:00:00,Bengaluru,40,68,1020,7.0,66.9,314,Storm
2025-03-01 02:00:00,Pune,39,71,1013,16.8,119.8,113,Sunny
2025-03-01 03:00:00,Bengaluru,29,72,1009,22.8,52.2,309,Cloudy
2025-03-01 04:00:00,Chennai,38,28,998,9.6,90.1,238,Fog
2025-03-01 05:00:00,Bengaluru,40,57,1024,19.9,31.8,132,Clear
2025-03-01 06:00:00,Chennai,18,41,992,3.0,28.6,41,Rainy
2025-03-01 07:00:00,Kolkata,29,87,1030,20.4,79.6,275,Sunny
2025-03-01 08:00:00,Lucknow,29,58,1031,11.0,41.6,157,Clear
2025-03-01 09:00:00,Pune,28,63,1003,2.5,114.7,261,Clear
2025-03-01 10:00:00,Bengaluru,26,29,982,11.2,91.6,287,Fog
2025-03-01 11:00:00,Pune,27,87,985,9.4,100.4,68,Clear
2025-03-01 12:00:00,Bengaluru,42,77,1035,21.3,25.7,86,Storm
2025-03-01 13:00:00,Bengaluru,29,77,992,3.6,85.1,227,Cloudy
2025-03-01 14:00:00,Pune,28,32,1009,22.2,109.2,304,Cloudy
2025-03-01 15:00:00,Mumbai,18,85,994,23.3,114.7,179,Rainy
2025-03-01 16:00:00,Bengaluru,30,26,985,21.4,15.2,81,Sunny
2025-03-01 17:00:00,Delhi,21,68,1020,20.1,67.0,69,Storm
2025-03-01 18:00:00,Lucknow,18,47,1005,13.0,118.0,203,Sunny
2025-03-01 19:00:00,Delhi,22,66,1011,5.0,59.3,41,Rainy
2025-03-01 20:00:00,Chennai,30,61,1020,15.0,13.5,30,Clear
2025-03-01 21:00:00,Mumbai,22,75,1004,16.4,98.5,195,Fog
2025-03-01 22:00:00,Mumbai,22,81,1007,16.8,40.4,211,Fog
2025-03-01 23:00:00,Delhi,36,87,1024,1.1,96.2,57,Fog
2025-03-02 00:00:00,Jaipur,36,71,1010,2.0,38.2,234,Sunny
2025-03-02 01:00:00,Kolkata,35,80,982,3.4,57.5,114,Cloudy
2025-03-02 02:00:00,Bengaluru,26,60,1006,1.7,108.0,298,Rainy
2025-03-02 03:00:00,Kolkata,26,89,1018,7.9,43.9,211,Cloudy
2025-03-02 04:00:00,Mumbai,42,27,1016,13.2,49.3,127,Fog
2025-03-02 05:00:00,Pune,23,30,1006,4.8,34.7,144,Sunny
2025-03-02 06:00:00,Kolkata,32,70,1004,11.3,67.5,320,Rainy
2025-03-02 07:00:00,Mumbai,27,75,1011,8.5,14.9,315,Rainy
2025-03-02 08:00:00,Jaipur,32,73,1023,3.3,96.0,277,Storm
2025-03-02 09:00:00,Ahmedabad,41,54,996,2.3,15.3,211,Cloudy
2025-03-02 10:00:00,Lucknow,38,35,1025,2.3,1.0,35,Fog
2025-03-02 11:00:00,Jaipur,26,88,1027,4.7,46.6,334,Clear
2025-03-02 12:00:00,Kolkata,27,87,1033,24.4,54.4,37,Fog
2025-03-02 13:00:00,Delhi,20,80,1015,17.9,26.3,299,Rainy
2025-03-02 14:00:00,Bengaluru,26,70,980,7.9,72.3,227,Storm
2025-03-02 15:00:00,Mumbai,24,57,1013,5.8,89.4,34,Clear
2025-03-02 16:00:00,Mumbai,39,30,1007,5.1,102.5,130,Sunny
2025-03-02 17:00:00,Kolkata,27,91,1013,22.9,5.5,64,Rainy
2025-03-02 18:00:00,Kolkata,20,73,1028,20.3,118.7,193,Clear
2025-03-02 19:00:00,Delhi,36,70,1010,6.8,7.7,161,Storm
2025-03-02 20:00:00,Lucknow,35,76,996,16.8,36.1,227,Clear
2025-03-02 21:00:00,Chennai,26,85,1008,16.9,80.4,156,Cloudy
2025-03-02 22:00:00,Kolkata,31,48,990,12.8,49.3,288,Storm
2025-03-02 23:00:00,Mumbai,31,87,1035,22.1,40.6,162,Cloudy
2025-03-03 00:00:00,Delhi,24,60,1008,3.5,60.6,346,Fog
2025-03-03 01:00:00,Hyderabad,33,41,1023,7.7,30.1,316,Clear
2025-03-03 02:00:00,Hyderabad,37,54,995,2.4,71.8,142,Clear
2025-03-03 03:00:00,Ahmedabad,25,34,989,1.5,84.5,258,Sunny
2025-03-03 04:00:00,Chennai,33,94,985,7.2,31.6,243,Cloudy
2025-03-03 05:00:00,Lucknow,31,26,1013,8.2,83.7,208,Sunny
2025-03-03 06:00:00,Ahmedabad,26,94,1035,12.4,81.9,329,Sunny
2025-03-03 07:00:00,Chennai,37,58,992,5.4,92.4,239,Sunny
2025-03-03 08:00:00,Delhi,22,26,1026,8.9,17.6,342,Clear
2025-03-03 09:00:00,Kolkata,40,78,1011,14.0,81.3,262,Sunny
2025-03-03 10:00:00,Pune,25,95,1028,13.2,97.1,321,Clear
2025-03-03 11:00:00,Pune,19,38,1006,18.8,113.5,345,Sunny
2025-03-03 12:00:00,Delhi,29,95,995,5.0,27.9,260,Cloudy
2025-03-03 13:00:00,Kolkata,34,90,1018,15.8,105.4,36,Cloudy
2025-03-03 14:00:00,Kolkata,34,92,983,24.0,7.1,299,Sunny
2025-03-03 15:00:00,Pune,42,87,1011,18.2,28.1,215,Rainy
2025-03-03 16:00:00,Bengaluru,34,64,1031,3.6,10.9,55,Cloudy
2025-03-03 17:00:00,Pune,30,38,994,16.3,24.5,190,Storm
2025-03-03 18:00:00,Delhi,30,77,1013,21.1,7.7,301,Cloudy
2025-03-03 19:00:00,Ahmedabad,31,93,1003,16.3,30.1,219,Rainy
2025-03-03 20:00:00,Ahmedabad,24,30,1000,10.8,25.0,224,Rainy
2025-03-03 21:00:00,Ahmedabad,25,43,1008,1.1,88.7,93,Sunny
2025-03-03 22:00:00,Jaipur,40,71,1012,13.4,45.4,234,Cloudy
2025-03-03 23:00:00,Ahmedabad,23,27,983,3.0,86.8,79,Fog
2025-03-04 00:00:00,Chennai,22,81,1032,15.0,48.5,197,Storm
2025-03-04 01:00:00,Bengaluru,29,56,1028,18.3,70.9,56,Rainy
2025-03-04 02:00:00,Jaipur,24,73,1013,4.4,119.4,33,Clear
2025-03-04 03:00:00,Ahmedabad,42,26,1000,5.2,51.5,126,Rainy
2025-03-04 04:00:00,Pune,21,53,1034,6.1,68.1,215,Fog
2025-03-04 05:00:00,Lucknow,18,86,991,8.5,40.4,131,Clear
2025-03-04 06:00:00,Mumbai,37,34,1024,4.7,67.9,317,Fog
2025-03-04 07:00:00,Kolkata,29,30,987,14.1,66.4,122,Rainy
2025-03-04 08:00:00,Ahmedabad,22,50,1015,18.7,58.4,69,Sunny
2025-03-04 09:00:00,Delhi,22,84,980,2.7,49.1,238,Rainy
2025-03-04 10:00:00,Jaipur,34,76,1023,9.5,107.6,195,Cloudy
2025-03-04 11:00:00,Jaipur,35,56,1021,20.7,19.0,199,Rainy
2025-03-04 12:00:00,Chennai,28,65,1012,10.1,17.7,247,Fog
2025-03-04 13:00:00,Bengaluru,22,95,994,9.2,19.2,333,Sunny
2025-03-04 14:00:00,Chennai,42,72,1022,2.5,107.1,231,Storm
2025-03-04 15:00:00,Hyderabad,18,84,1017,15.7,28.2,272,Clear
2025-03-04 16:00:00,Jaipur,29,26,1017,22.9,41.0,233,Fog
2025-03-04 17:00:00,Jaipur,38,46,1026,1.8,104.0,253,Rainy
2025-03-04 18:00:00,Mumbai,31,48,999,22.7,19.6,136,Cloudy
2025-03-04 19:00:00,Kolkata,21,88,990,18.1,1.2,95,Cloudy
2025-03-04 20:00:00,Jaipur,19,89,984,14.1,13.9,262,Clear
2025-03-04 21:00:00,Delhi,33,30,999,13.2,14.2,186,Rainy
2025-03-04 22:00:00,Jaipur,30,49,980,8.3,66.9,31,Clear
2025-03-04 23:00:00,Mumbai,36,75,1034,1.9,21.7,255,Cloudy
2025-03-05 00:00:00,Pune,27,25,992,21.3,111.8,160,Clear
2025-03-05 01:00:00,Ahmedabad,39,68,993,8.5,28.5,45,Fog
2025-03-05 02:00:00,Ahmedabad,21,78,1016,13.2,78.7,212,Fog
2025-03-05 03:00:00,Kolkata,36,65,983,2.9,50.3,293,Fog
2025-03-05 04:00:00,Delhi,40,88,986,6.8,78.4,305,Fog
2025-03-05 05:00:00,Lucknow,23,50,1002,20.7,110.4,311,Rainy
2025-03-05 06:00:00,Bengaluru,36,25,1004,16.1,76.5,333,Storm
2025-03-05 07:00:00,Chennai,30,61,986,24.9,88.0,323,Rainy
2025-03-05 08:00:00,Pune,19,81,982,21.4,25.6,247,Fog
2025-03-05 09:00:00,Chennai,36,80,984,4.9,26.4,259,Storm
2025-03-05 10:00:00,Delhi,31,88,985,20.2,48.7,239,Storm
2025-03-05 11:00:00,Bengaluru,18,81,1017,2.5,3.7,110,Fog
2025-03-05 12:00:00,Bengaluru,40,83,994,9.8,28.9,169,Rainy
2025-03-05 13:00:00,Ahmedabad,36,45,995,5.9,56.4,325,Sunny
2025-03-05 14:00:00,Hyderabad,27,81,998,16.6,54.5,189,Sunny
2025-03-05 15:00:00,Mumbai,32,86,993,11.3,43.4,311,Cloudy
2025-03-05 16:00:00,Delhi,25,53,1000,24.2,17.6,325,Rainy
2025-03-05 17:00:00,Delhi,29,49,981,16.7,13.8,118,Storm
2025-03-05 18:00:00,Pune,22,71,983,17.7,89.3,165,Sunny
2025-03-05 19:00:00,Ahmedabad,35,37,1023,13.7,55.3,54,Clear
2025-03-05 20:00:00,Jaipur,22,91,982,8.2,31.3,76,Rainy
2025-03-05 21:00:00,Pune,21,92,995,21.5,47.8,114,Cloudy
2025-03-05 22:00:00,Hyderabad,41,33,1021,9.8,57.6,263,Sunny
2025-03-05 23:00:00,Mumbai,20,32,1027,5.2,17.7,209,Sunny
2025-03-06 00:00:00,Jaipur,37,83,1026,16.6,62.2,281,Sunny
2025-03-06 01:00:00,Hyderabad,18,68,1010,15.5,28.4,63,Clear
2025-03-06 02:00:00,Bengaluru,41,75,1023,24.3,64.1,124,Clear
2025-03-06 03:00:00,Bengaluru,23,52,988,20.3,39.2,235,Rainy
2025-03-06 04:00:00,Jaipur,19,82,991,2.2,12.7,253,Storm
2025-03-06 05:00:00,Jaipur,28,54,1033,4.6,17.0,110,Fog
2025-03-06 06:00:00,Delhi,27,61,992,8.0,101.6,78,Storm
2025-03-06 07:00:00,Pune,18,30,1000,21.7,49.8,262,Cloudy
2025-03-06 08:00:00,Lucknow,25,84,989,18.9,15.8,252,Rainy
2025-03-06 09:00:00,Delhi,19,76,1010,8.6,63.7,201,Fog
2025-03-06 10:00:00,Ahmedabad,30,36,1015,23.5,21.7,202,Clear
2025-03-06 11:00:00,Hyderabad,19,39,998,15.2,49.3,334,Storm
2025-03-06 12:00:00,Lucknow,33,48,1012,1.2,25.9,88,Cloudy
2025-03-06 13:00:00,Delhi,21,39,1033,24.0,113.6,339,Storm
2025-03-06 14:00:00,Chennai,26,25,1024,3.6,32.3,78,Clear
2025-03-06 15:00:00,Delhi,37,59,1019,21.1,23.2,141,Sunny
2025-03-06 16:00:00,Delhi,18,41,1001,21.4,47.2,81,Cloudy
2025-03-06 17:00:00,Delhi,33,31,1022,19.3,109.5,268,Rainy
2025-03-06 18:00:00,Bengaluru,26,31,1027,18.6,8.8,161,Clear
2025-03-06 19:00:00,Chennai,28,51,1000,23.9,43.1,236,Sunny
2025-03-06 20:00:00,Lucknow,40,25,1004,14.9,10.8,228,Rainy
2025-03-06 21:00:00,Bengaluru,28,54,998,9.5,114.0,100,Sunny
2025-03-06 22:00:00,Hyderabad,30,34,1013,14.5,80.2,197,Cloudy
2025-03-06 23:00:00,Kolkata,28,94,1009,14.0,85.8,124,Clear
2025-03-07 00:00:00,Jaipur,24,46,1006,7.9,22.7,260,Rainy
2025-03-07 01:00:00,Bengaluru,20,75,993,21.3,118.0,100,Cloudy
2025-03-07 02:00:00,Lucknow,40,69,989,6.3,93.0,207,Storm
2025-03-07 03:00:00,Kolkata,24,43,992,10.0,105.4,280,Rainy
2025-03-07 04:00:00,Hyderabad,24,66,981,15.0,78.6,100,Cloudy
2025-03-07 05:00:00,Mumbai,40,67,991,20.2,114.0,281,Fog
2025-03-07 06:00:00,Bengaluru,42,71,981,19.3,108.7,169,Storm
2025-03-07 07:00:00,Chennai,20,87,992,12.1,68.5,235,Storm
2025-03-07 08:00:00,Chennai,20,77,1014,24.0,115.0,201,Fog
2025-03-07 09:00:00,Jaipur,19,83,990,9.0,80.9,150,Rainy
2025-03-07 10:00:00,Bengaluru,38,55,1025,14.6,35.6,272,Storm
2025-03-07 11:00:00,Chennai,34,37,1034,11.0,8.4,132,Rainy
2025-03-07 12:00:00,Lucknow,38,50,1009,1.7,40.6,192,Sunny
2025-03-07 13:00:00,Delhi,40,65,1023,13.9,20.6,190,Clear
2025-03-07 14:00:00,Mumbai,37,54,1006,2.5,49.6,223,Fog
2025-03-07 15:00:00,Hyderabad,29,61,980,3.5,112.7,215,Storm
2025-03-07 16:00:00,Hyderabad,36,42,1000,10.2,54.8,282,Rainy
2025-03-07 17:00:00,Kolkata,36,43,1002,7.8,104.3,214,Sunny
2025-03-07 18:00:00,Hyderabad,33,81,998,17.9,73.4,135,Cloudy
2025-03-07 19:00:00,Kolkata,25,29,987,2.1,31.1,307,Cloudy
2025-03-07 20:00:00,Ahmedabad,21,70,1017,14.8,72.9,102,Fog
2025-03-07 21:00:00,Bengaluru,40,57,1011,9.5,118.4,300,Rainy
2025-03-07 22:00:00,Lucknow,23,94,982,2.5,29.8,167,Cloudy
2025-03-07 23:00:00,Bengaluru,24,43,1001,18.6,93.2,48,Cloudy
2025-03-08 00:00:00,Pune,18,30,996,12.7,58.7,234,Sunny
2025-03-08 01:00:00,Ahmedabad,22,49,1009,18.3,91.7,337,Rainy
2025-03-08 02:00:00,Pune,39,33,991,10.1,93.5,274,Fog
2025-03-08 03:00:00,Chennai,22,30,1020,4.8,59.1,62,Cloudy
2025-03-08 04:00:00,Delhi,38,89,1019,7.5,62.8,347,Sunny
2025-03-08 05:00:00,Pune,39,58,987,13.4,28.6,156,Fog
2025-03-08 06:00:00,Hyderabad,33,62,1006,14.1,88.0,288,Clear
2025-03-08 07:00:00,Jaipur,42,39,1008,2.9,76.4,299,Fog
2025-03-08 08:00:00,Kolkata,31,61,998,23.6,21.6,216,Cloudy
2025-03-08 09:00:00,Pune,32,45,1028,16.7,43.7,144,Storm
2025-03-08 10:00:00,Lucknow,21,70,1027,8.3,36.2,85,Storm
2025-03-08 11:00:00,Chennai,40,25,1029,3.9,34.8,315,Storm
2025-03-08 12:00:00,Kolkata,27,80,1016,23.8,37.5,82,Storm
2025-03-08 13:00:00,Kolkata,42,40,1009,23.0,0.0,282,Sunny
2025-03-08 14:00:00,Ahmedabad,36,46,989,24.6,34.4,314,Rainy
2025-03-08 15:00:00,Chennai,31,80,991,6.6,15.1,119,Sunny
2025-03-08 16:00:00,Hyderabad,32,25,995,17.2,45.7,192,Fog
2025-03-08 17:00:00,Delhi,27,55,995,1.3,107.4,88,Fog
2025-03-08 18:00:00,Chennai,23,82,1013,7.8,109.3,282,Fog
2025-03-08 19:00:00,Mumbai,19,30,1033,2.6,41.5,153,Fog
2025-03-08 20:00:00,Bengaluru,25,39,1013,18.9,5.4,308,Cloudy
2025-03-08 21:00:00,Kolkata,26,62,999,23.3,102.0,198,Storm
2025-03-08 22:00:00,Chennai,28,29,1016,5.1,64.9,140,Cloudy
2025-03-08 23:00:00,Kolkata,26,64,1021,4.3,7.2,98,Rainy
2025-03-09 00:00:00,Ahmedabad,28,74,1020,5.0,93.0,168,Sunny
2025-03-09 01:00:00,Ahmedabad,27,46,1000,23.0,64.8,145,Cloudy
2025-03-09 02:00:00,Ahmedabad,35,45,1020,19.7,33.6,312,Rainy
2025-03-09 03:00:00,Hyderabad,31,30,984,22.0,28.8,38,Cloudy
2025-03-09 04:00:00,Pune,40,92,1019,18.8,28.5,118,Rainy
2025-03-09 05:00:00,Hyderabad,25,78,1017,7.0,51.6,348,Clear
2025-03-09 06:00:00,Hyderabad,38,44,1018,23.5,7.4,184,Fog
2025-03-09 07:00:00,Ahmedabad,41,64,1006,2.8,78.1,259,Clear
2025-03-09 08:00:00,Hyderabad,30,63,1014,17.5,39.9,133,Clear
2025-03-09 09:00:00,Pune,38,37,1035,22.9,63.4,257,Storm
2025-03-09 10:00:00,Lucknow,30,32,1005,10.2,39.6,272,Clear
2025-03-09 11:00:00,Delhi,38,84,982,5.7,27.1,68,Storm
2025-03-09 12:00:00,Jaipur,24,29,1016,3.5,49.7,88,Sunny
2025-03-09 13:00:00,Jaipur,22,28,989,3.6,70.7,135,Sunny
2025-03-09 14:00:00,Hyderabad,26,64,994,12.9,19.1,346,Storm
2025-03-09 15:00:00,Bengaluru,30,37,1010,24.6,109.7,248,Rainy
2025-03-09 16:00:00,Ahmedabad,41,51,1020,21.0,62.2,59,Sunny
2025-03-09 17:00:00,Jaipur,40,76,1013,14.1,79.3,273,Rainy
2025-03-09 18:00:00,Bengaluru,36,50,1010,5.8,84.4,263,Rainy
2025-03-09 19:00:00,Delhi,23,76,1002,6.3,19.0,247,Fog
2025-03-09 20:00:00,Jaipur,33,31,1013,8.7,79.6,280,Rainy
2025-03-09 21:00:00,Delhi,26,82,1031,16.9,50.5,223,Sunny
2025-03-09 22:00:00,Pune,22,82,1004,19.9,60.6,252,Sunny
2025-03-09 23:00:00,Jaipur,28,26,1005,3.0,27.8,337,Clear
2025-03-10 00:00:00,Chennai,32,90,981,18.5,88.7,237,Storm
2025-03-10 01:00:00,Hyderabad,29,67,1020,5.5,33.9,58,Rainy
2025-03-10 02:00:00,Jaipur,27,63,1026,11.7,31.2,192,Fog
2025-03-10 03:00:00,Pune,39,43,1007,7.0,21.4,174,Sunny
2025-03-10 04:00:00,Ahmedabad,41,69,988,12.0,32.5,107,Storm
2025-03-10 05:00:00,Pune,41,38,982,15.5,115.0,166,Clear
2025-03-10 06:00:00,Hyderabad,21,95,1005,20.2,88.7,304,Storm
2025-03-10 07:00:00,Mumbai,34,71,995,24.0,39.0,228,Cloudy
2025-03-10 08:00:00,Ahmedabad,29,44,1011,18.2,106.4,295,Clear
2025-03-10 09:00:00,Delhi,40,65,987,6.4,27.7,334,Storm
2025-03-10 10:00:00,Chennai,35,74,1028,8.2,103.3,322,Sunny
2025-03-10 11:00:00,Lucknow,27,29,991,15.5,34.5,253,Storm
2025-03-10 12:00:00,Delhi,40,94,996,3.2,23.4,333,Cloudy
2025-03-10 13:00:00,Hyderabad,23,73,1004,12.9,6.9,65,Fog
2025-03-10 14:00:00,Chennai,37,87,988,14.5,41.0,211,Fog
2025-03-10 15:00:00,Lucknow,31,25,997,0.8,96.0,89,Clear
2025-03-10 16:00:00,Chennai,42,89,988,18.2,115.3,344,Cloudy
2025-03-10 17:00:00,Chennai,34,64,996,7.4,110.7,212,Storm
2025-03-10 18:00:00,Mumbai,25,62,1034,20.3,109.7,111,Clear
2025-03-10 19:00:00,Ahmedabad,27,62,1019,18.9,35.2,214,Fog
2025-03-10 20:00:00,Jaipur,33,64,1030,8.9,54.5,184,Clear
2025-03-10 21:00:00,Chennai,21,44,1027,2.2,5.8,236,Cloudy
2025-03-10 22:00:00,Jaipur,32,26,1031,24.1,56.7,142,Sunny
2025-03-10 23:00:00,Kolkata,23,62,1007,9.8,41.7,122,Storm
2025-03-11 00:00:00,Delhi,29,35,994,18.6,119.4,199,Sunny
2025-03-11 01:00:00,Mumbai,28,45,992,2.7,45.0,325,Rainy
2025-03-11 02:00:00,Kolkata,20,95,997,21.4,33.2,221,Rainy
2025-03-11 03:00:00,Hyderabad,37,81,989,17.8,57.6,124,Cloudy
2025-03-11 04:00:00,Jaipur,30,67,991,21.4,48.9,49,Rainy
2025-03-11 05:00:00,Bengaluru,26,68,982,1.8,23.5,260,Clear
2025-03-11 06:00:00,Chennai,35,70,1023,15.5,53.1,337,Cloudy
2025-03-11 07:00:00,Ahmedabad,22,58,981,5.8,65.0,73,Rainy
2025-03-11 08:00:00,Ahmedabad,23,54,1024,20.0,76.6,158,Fog
2025-03-11 09:00:00,Mumbai,35,74,1016,1.9,8.2,248,Storm
2025-03-11 10:00:00,Lucknow,19,49,1017,22.6,107.4,305,Sunny
2025-03-11 11:00:00,Bengaluru,20,92,999,7.4,70.6,194,Sunny
2025-03-11 12:00:00,Delhi,24,73,988,2.8,83.6,285,Cloudy
2025-03-11 13:00:00,Ahmedabad,30,85,993,6.9,65.0,258,Cloudy
2025-03-11 14:00:00,Hyderabad,23,63,1028,14.1,62.3,34,Cloudy
2025-03-11 15:00:00,Jaipur,20,69,1034,6.1,64.3,313,Storm
2025-03-11 16:00:00,Kolkata,24,67,988,5.9,103.6,192,Cloudy
2025-03-11 17:00:00,Hyderabad,24,64,992,11.9,78.4,109,Fog
2025-03-11 18:00:00,Delhi,20,29,984,17.2,29.2,293,Storm
2025-03-11 19:00:00,Ahmedabad,36,38,1028,9.4,43.6,191,Rainy
2025-03-11 20:00:00,Jaipur,25,71,1035,12.0,23.4,98,Clear
2025-03-11 21:00:00,Ahmedabad,42,74,1027,15.1,50.2,144,Storm
2025-03-11 22:00:00,Pune,42,31,984,13.8,36.9,67,Sunny
2025-03-11 23:00:00,Delhi,28,57,1007,15.2,107.7,31,Cloudy
2025-03-12 00:00:00,Chennai,36,78,1031,23.8,12.9,31,Storm
2025-03-12 01:00:00,Bengaluru,33,82,1005,7.9,96.1,246,Clear
2025-03-12 02:00:00,Lucknow,34,62,1022,22.5,94.9,78,Storm
2025-03-12 03:00:00,Mumbai,24,57,1018,2.7,116.0,274,Storm
2025-03-12 04:00:00,Hyderabad,39,79,981,15.4,59.2,261,Clear
2025-03-12 05:00:00,Delhi,39,51,980,20.5,107.8,45,Sunny
2025-03-12 06:00:00,Lucknow,23,37,1027,3.1,44.9,280,Rainy
2025-03-12 07:00:00,Mumbai,25,66,991,6.6,40.4,201,Cloudy
2025-03-12 08:00:00,Jaipur,29,60,1029,4.1,22.0,349,Sunny
2025-03-12 09:00:00,Mumbai,30,31,997,4.0,54.7,125,Cloudy
2025-03-12 10:00:00,Chennai,30,41,998,9.7,36.3,276,Sunny
2025-03-12 11:00:00,Kolkata,20,29,1030,4.1,86.4,268,Sunny
2025-03-12 12:00:00,Mumbai,24,34,1020,12.7,0.9,258,Rainy
2025-03-12 13:00:00,Ahmedabad,32,29,1007,7.2,88.0,191,Rainy
2025-03-12 14:00:00,Kolkata,37,91,984,11.6,92.6,182,Fog
2025-03-12 15:00:00,Pune,41,37,995,14.8,78.5,101,Clear
2025-03-12 16:00:00,Delhi,39,49,1009,11.5,92.6,73,Sunny
2025-03-12 17:00:00,Mumbai,20,45,1010,4.9,23.4,169,Storm
2025-03-12 18:00:00,Chennai,27,95,1001,1.4,93.4,145,Clear
2025-03-12 19:00:00,Bengaluru,18,59,1013,12.4,69.3,331,Cloudy
2025-03-12 20:00:00,Jaipur,34,68,1025,7.8,4.9,212,Sunny
2025-03-12 21:00:00,Kolkata,18,55,1027,15.5,28.3,160,Storm
2025-03-12 22:00:00,Ahmedabad,38,65,1011,9.3,73.0,137,Clear
2025-03-12 23:00:00,Bengaluru,27,78,983,23.7,73.7,167,Fog
2025-03-13 00:00:00,Mumbai,21,60,1028,2.8,7.6,213,Fog
2025-03-13 01:00:00,Mumbai,40,30,980,8.2,61.0,65,Rainy
2025-03-13 02:00:00,Ahmedabad,39,62,999,1.5,64.2,308,Cloudy
2025-03-13 03:00:00,Jaipur,26,27,1034,9.9,104.5,162,Storm
2025-03-13 04:00:00,Jaipur,19,30,1013,24.4,106.0,298,Fog
2025-03-13 05:00:00,Kolkata,28,44,1001,18.7,5.1,270,Cloudy
2025-03-13 06:00:00,Chennai,34,67,1010,14.6,77.3,257,Storm
2025-03-13 07:00:00,Hyderabad,22,89,998,12.2,89.6,214,Clear
2025-03-13 08:00:00,Chennai,41,59,993,20.1,18.4,189,Storm
2025-03-13 09:00:00,Mumbai,26,74,1035,16.1,111.6,165,Rainy
2025-03-13 10:00:00,Bengaluru,36,31,1030,1.8,43.5,292,Fog
2025-03-13 11:00:00,Pune,24,25,993,23.2,19.4,127,Storm
2025-03-13 12:00:00,Chennai,42,33,981,7.5,72.7,283,Sunny
2025-03-13 13:00:00,Delhi,31,36,1002,1.1,115.7,56,Storm
2025-03-13 14:00:00,Bengaluru,39,43,1016,13.6,87.6,205,Cloudy
2025-03-13 15:00:00,Jaipur,40,64,1000,22.2,57.4,146,Sunny
2025-03-13 16:00:00,Jaipur,35,94,1010,1.9,30.4,98,Storm
2025-03-13 17:00:00,Bengaluru,42,94,991,17.9,84.2,65,Storm
2025-03-13 18:00:00,Delhi,38,93,1035,22.8,77.6,304,Rainy
2025-03-13 19:00:00,Delhi,19,57,982,0.8,116.0,261,Rainy
2025-03-13 20:00:00,Ahmedabad,42,87,1024,5.5,59.5,97,Fog
2025-03-13 21:00:00,Mumbai,38,51,1006,7.6,94.0,171,Cloudy
2025-03-13 22:00:00,Delhi,21,79,1034,2.5,34.7,113,Rainy
2025-03-13 23:00:00,Lucknow,24,66,1016,18.7,21.9,44,Fog
2025-03-14 00:00:00,Bengaluru,22,58,983,15.0,111.8,131,Sunny
2025-03-14 01:00:00,Delhi,37,50,1026,5.4,108.1,325,Sunny
2025-03-14 02:00:00,Lucknow,23,79,1016,17.6,81.2,293,Rainy
2025-03-14 03:00:00,Hyderabad,25,30,1021,9.5,73.4,215,Storm
2025-03-14 04:00:00,Bengaluru,41,90,1029,9.2,52.1,309,Clear
2025-03-14 05:00:00,Pune,21,41,1030,20.9,22.2,226,Sunny
2025-03-14 06:00:00,Jaipur,23,63,1031,19.8,25.3,194,Cloudy
2025-03-14 07:00:00,Lucknow,33,61,981,10.6,29.5,289,Sunny
2025-03-14 08:00:00,Bengaluru,36,64,1005,18.8,83.5,334,Cloudy
2025-03-14 09:00:00,Kolkata,39,75,1011,0.8,64.6,64,Cloudy
2025-03-14 10:00:00,Kolkata,19,62,997,6.1,30.5,108,Sunny
2025-03-14 11:00:00,Delhi,18,73,1020,1.7,43.6,195,Clear
2025-03-14 12:00:00,Bengaluru,39,43,1025,19.4,9.0,162,Sunny
2025-03-14 13:00:00,Hyderabad,28,90,1007,21.7,34.0,320,Clear
2025-03-14 14:00:00,Mumbai,23,82,1007,21.5,4.6,140,Sunny
2025-03-14 15:00:00,Mumbai,19,72,1027,10.5,88.3,118,Sunny
2025-03-14 16:00:00,Lucknow,30,70,1016,16.0,11.5,156,Sunny
2025-03-14 17:00:00,Mumbai,27,47,1008,6.8,102.1,341,Storm
2025-03-14 18:00:00,Mumbai,39,65,996,5.6,8.5,131,Sunny
2025-03-14 19:00:00,Ahmedabad,37,39,990,9.0,113.7,46,Fog
2025-03-14 20:00:00,Hyderabad,39,71,1029,14.1,87.6,266,Clear
2025-03-14 21:00:00,Chennai,41,44,1006,24.0,104.9,255,Storm
2025-03-14 22:00:00,Pune,42,35,992,14.7,111.9,135,Storm
2025-03-14 23:00:00,Ahmedabad,35,55,990,7.8,42.4,103,Fog
2025-03-15 00:00:00,Jaipur,32,40,1008,0.6,61.6,141,Rainy
2025-03-15 01:00:00,Delhi,38,56,1009,8.1,43.3,149,Storm
2025-03-15 02:00:00,Hyderabad,22,39,1029,8.3,106.9,31,Sunny
2025-03-15 03:00:00,Lucknow,36,72,987,23.7,11.2,44,Fog
2025-03-15 04:00:00,Pune,38,28,1023,20.2,32.4,85,Storm
2025-03-15 05:00:00,Kolkata,23,29,988,4.2,13.6,146,Storm
2025-03-15 06:00:00,Ahmedabad,40,37,1027,15.8,100.1,242,Sunny
2025-03-15 07:00:00,Ahmedabad,33,77,986,2.8,107.8,154,Sunny
2025-03-15 08:00:00,Ahmedabad,32,56,1026,17.3,24.9,228,Clear
2025-03-15 09:00:00,Lucknow,39,39,1032,12.2,90.1,203,Clear
2025-03-15 10:00:00,Lucknow,22,87,1001,2.7,119.1,45,Storm
2025-03-15 11:00:00,Chennai,19,44,1019,11.1,50.3,220,Fog
2025-03-15 12:00:00,Jaipur,22,63,1027,20.5,28.7,280,Cloudy
2025-03-15 13:00:00,Jaipur,38,33,1004,15.9,85.3,54,Storm
2025-03-15 14:00:00,Chennai,24,33,1013,23.7,30.4,271,Storm
2025-03-15 15:00:00,Jaipur,24,66,1012,3.1,42.9,223,Clear
2025-03-15 16:00:00,Kolkata,25,44,1030,6.9,73.2,314,Fog
2025-03-15 17:00:00,Ahmedabad,32,61,1013,9.0,2.2,261,Sunny
2025-03-15 18:00:00,Mumbai,39,35,1032,7.7,38.9,140,Sunny
2025-03-15 19:00:00,Ahmedabad,35,62,984,14.1,16.4,243,Sunny
2025-03-15 20:00:00,Bengaluru,29,52,1022,19.1,40.4,194,Sunny
2025-03-15 21:00:00,Hyderabad,39,36,1035,9.3,95.4,108,Storm
2025-03-15 22:00:00,Pune,40,34,984,22.3,3.0,69,Sunny
2025-03-15 23:00:00,Bengaluru,30,88,1031,9.5,86.1,199,Fog
2025-03-16 00:00:00,Kolkata,36,77,983,14.7,62.3,280,Rainy
2025-03-16 01:00:00,Jaipur,35,25,1022,10.8,82.8,209,Cloudy
2025-03-16 02:00:00,Lucknow,35,35,1033,16.2,97.0,274,Fog
2025-03-16 03:00:00,Bengaluru,40,87,1023,14.9,67.5,93,Storm
2025-03-16 04:00:00,Chennai,35,82,1010,15.9,29.4,331,Clear
2025-03-16 05:00:00,Delhi,28,83,981,17.8,68.9,97,Storm
2025-03-16 06:00:00,Kolkata,33,89,1017,14.0,6.7,241,Sunny
2025-03-16 07:00:00,Hyderabad,35,88,1009,15.2,38.6,148,Rainy
2025-03-16 08:00:00,Chennai,38,37,987,20.7,4.0,33,Fog
2025-03-16 09:00:00,Pune,28,74,984,15.2,46.4,341,Sunny
2025-03-16 10:00:00,Bengaluru,35,74,1004,20.2,93.0,188,Clear
2025-03-16 11:00:00,Chennai,19,85,1005,14.8,115.4,245,Sunny
2025-03-16 12:00:00,Kolkata,29,91,1023,6.1,112.2,280,Storm
2025-03-16 13:00:00,Chennai,31,85,1033,22.6,89.9,281,Cloudy
2025-03-16 14:00:00,Mumbai,19,83,1006,5.1,67.1,99,Clear
2025-03-16 15:00:00,Ahmedabad,36,67,1009,23.6,38.7,115,Rainy
2025-03-16 16:00:00,Bengaluru,32,42,1014,21.3,23.5,34,Storm
2025-03-16 17:00:00,Hyderabad,32,93,1005,8.8,93.5,327,Storm
2025-03-16 18:00:00,Jaipur,40,31,999,0.9,15.1,98,Rainy
2025-03-16 19:00:00,Delhi,37,89,980,19.6,15.6,113,Sunny
2025-03-16 20:00:00,Chennai,29,37,1020,15.2,103.4,290,Clear
2025-03-16 21:00:00,Pune,30,69,994,13.7,94.4,227,Cloudy
2025-03-16 22:00:00,Chennai,22,46,1009,0.9,47.5,301,Sunny
2025-03-16 23:00:00,Kolkata,42,29,1006,5.7,12.6,81,Rainy
2025-03-17 00:00:00,Bengaluru,18,78,999,4.3,82.2,277,Rainy
2025-03-17 01:00:00,Jaipur,23,38,985,8.5,9.5,119,Clear
2025-03-17 02:00:00,Lucknow,36,93,1003,21.8,76.5,217,Storm
2025-03-17 03:00:00,Bengaluru,21,38,1019,17.6,26.2,333,Cloudy
2025-03-17 04:00:00,Pune,27,68,1005,21.2,65.3,280,Sunny
2025-03-17 05:00:00,Delhi,18,57,983,22.6,105.7,333,Clear
2025-03-17 06:00:00,Lucknow,42,93,1002,1.6,13.6,193,Clear
2025-03-17 07:00:00,Delhi,20,40,1032,20.5,39.4,105,Sunny
2025-03-17 08:00:00,Kolkata,36,84,984,22.7,60.3,83,Clear
2025-03-17 09:00:00,Delhi,42,61,1034,9.8,63.8,288,Rainy
2025-03-17 10:00:00,Delhi,28,52,1033,10.4,96.7,135,Fog
2025-03-17 11:00:00,Ahmedabad,35,47,1030,5.2,43.3,321,Sunny
2025-03-17 12:00:00,Lucknow,35,73,1003,13.1,13.4,140,Rainy
2025-03-17 13:00:00,Hyderabad,27,42,1010,25.0,38.2,125,Clear
2025-03-17 14:00:00,Pune,28,85,1010,1.4,80.8,286,Fog
2025-03-17 15:00:00,Ahmedabad,27,66,1005,11.2,63.2,182,Clear
2025-03-17 16:00:00,Chennai,21,91,1032,11.9,49.0,163,Clear
2025-03-17 17:00:00,Pune,26,88,1033,21.1,22.0,297,Cloudy
2025-03-17 18:00:00,Jaipur,25,89,1025,17.9,114.2,197,Cloudy
2025-03-17 19:00:00,Ahmedabad,32,94,1030,24.2,108.1,56,Sunny
2025-03-17 20:00:00,Bengaluru,41,25,986,3.1,86.3,47,Clear
2025-03-17 21:00:00,Bengaluru,31,95,985,11.9,119.4,96,Rainy
2025-03-17 22:00:00,Jaipur,21,54,986,22.9,95.8,104,Clear
2025-03-17 23:00:00,Delhi,42,53,1018,5.9,79.1,136,Storm
2025-03-18 00:00:00,Kolkata,27,76,1005,12.7,88.9,316,Cloudy
2025-03-18 01:00:00,Delhi,21,37,988,19.3,114.1,240,Cloudy
2025-03-18 02:00:00,Hyderabad,34,59,1000,21.3,106.4,246,Sunny
2025-03-18 03:00:00,Hyderabad,32,35,1015,11.7,99.7,174,Cloudy
2025-03-18 04:00:00,Lucknow,20,71,1009,5.8,101.5,50,Rainy
2025-03-18 05:00:00,Jaipur,34,56,1017,11.8,18.0,72,Rainy
2025-03-18 06:00:00,Jaipur,33,65,1020,13.4,94.6,253,Clear
2025-03-18 07:00:00,Pune,34,65,995,23.6,37.6,327,Storm
2025-03-18 08:00:00,Kolkata,18,26,1008,9.3,84.7,249,Cloudy
2025-03-18 09:00:00,Hyderabad,35,84,985,15.0,58.4,337,Rainy
2025-03-18 10:00:00,Delhi,29,57,1000,21.9,59.9,207,Clear
2025-03-18 11:00:00,Ahmedabad,20,47,1009,13.3,119.0,203,Storm
2025-03-18 12:00:00,Lucknow,22,77,996,21.6,49.9,58,Fog
2025-03-18 13:00:00,Bengaluru,30,60,1003,17.6,17.1,44,Sunny
2025-03-18 14:00:00,Bengaluru,30,60,990,11.8,45.1,51,Sunny
2025-03-18 15:00:00,Hyderabad,23,50,1004,17.6,87.7,80,Clear
2025-03-18 16:00:00,Pune,24,92,1015,0.9,88.0,48,Storm
2025-03-18 17:00:00,Ahmedabad,21,39,1005,15.9,73.5,250,Rainy
2025-03-18 18:00:00,Bengaluru,23,91,1031,9.4,89.9,264,Clear
2025-03-18 19:00:00,Delhi,31,66,985,6.9,106.5,148,Fog
2025-03-18 20:00:00,Ahmedabad,40,58,1005,5.8,26.7,342,Cloudy
2025-03-18 21:00:00,Pune,42,53,994,7.3,46.9,128,Cloudy
2025-03-18 22:00:00,Lucknow,24,62,1014,3.5,108.3,342,Rainy
2025-03-18 23:00:00,Hyderabad,30,56,1033,21.0,74.6,312,Sunny
2025-03-19 00:00:00,Ahmedabad,25,66,1031,13.8,29.4,128,Fog
2025-03-19 01:00:00,Pune,30,70,990,5.7,108.1,160,Clear
2025-03-19 02:00:00,Bengaluru,23,72,1000,4.2,104.5,329,Fog
2025-03-19 03:00:00,Mumbai,37,58,981,16.0,10.9,253,Rainy
2025-03-19 04:00:00,Pune,19,81,1002,15.7,69.2,50,Sunny
2025-03-19 05:00:00,Jaipur,39,60,1004,19.7,93.6,83,Storm
2025-03-19 06:00:00,Lucknow,20,56,1032,21.0,110.3,126,Fog
2025-03-19 07:00:00,Bengaluru,27,73,984,6.2,106.0,265,Cloudy
2025-03-19 08:00:00,Kolkata,36,25,1003,4.3,117.1,253,Storm
2025-03-19 09:00:00,Mumbai,31,37,1019,20.6,53.2,279,Fog
2025-03-19 10:00:00,Hyderabad,27,62,1013,9.1,57.6,239,Clear
2025-03-19 11:00:00,Kolkata,20,39,987,17.1,35.2,208,Rainy
2025-03-19 12:00:00,Hyderabad,20,94,1031,11.1,49.5,41,Cloudy
2025-03-19 13:00:00,Kolkata,36,45,1032,22.8,111.3,85,Fog
2025-03-19 14:00:00,Delhi,26,73,1029,8.0,37.1,311,Clear
2025-03-19 15:00:00,Kolkata,30,66,1032,15.3,96.1,96,Cloudy
2025-03-19 16:00:00,Mumbai,22,66,1029,10.2,54.5,142,Storm
2025-03-19 17:00:00,Kolkata,19,68,1002,1.3,96.9,328,Sunny
2025-03-19 18:00:00,Lucknow,34,68,1018,14.4,39.5,252,Cloudy
2025-03-19 19:00:00,Pune,35,28,1030,1.5,83.8,348,Cloudy
2025-03-19 20:00:00,Ahmedabad,26,59,1011,20.0,24.6,181,Clear
2025-03-19 21:00:00,Delhi,38,25,1003,12.6,76.0,316,Rainy
2025-03-19 22:00:00,Delhi,18,25,1030,18.1,34.4,51,Rainy
2025-03-19 23:00:00,Kolkata,35,30,1003,21.1,105.5,347,Cloudy
2025-03-20 00:00:00,Mumbai,30,29,1017,8.1,6.1,243,Rainy
2025-03-20 01:00:00,Hyderabad,27,75,1010,17.7,1.5,318,Fog
2025-03-20 02:00:00,Ahmedabad,37,83,988,11.7,69.5,162,Fog
2025-03-20 03:00:00,Ahmedabad,25,46,1006,20.3,116.6,95,Fog
2025-03-20 04:00:00,Pune,30,32,1025,11.2,51.6,347,Storm
2025-03-20 05:00:00,Jaipur,34,56,1021,24.0,23.2,30,Sunny
2025-03-20 06:00:00,Kolkata,33,41,1032,20.2,107.8,122,Cloudy
2025-03-20 07:00:00,Lucknow,42,47,994,6.9,113.4,123,Storm
2025-03-20 08:00:00,Lucknow,19,37,1021,7.7,23.9,212,Clear
2025-03-20 09:00:00,Pune,30,89,1023,10.9,53.7,34,Storm
2025-03-20 10:00:00,Hyderabad,31,74,1006,15.5,89.3,73,Rainy
2025-03-20 11:00:00,Chennai,20,37,994,9.4,53.1,297,Rainy
2025-03-20 12:00:00,Lucknow,25,85,1029,17.4,30.1,301,Rainy
2025-03-20 13:00:00,Delhi,30,69,993,19.3,8.2,273,Storm
2025-03-20 14:00:00,Hyderabad,40,75,994,11.0,100.9,234,Rainy
2025-03-20 15:00:00,Pune,26,61,1030,17.2,105.4,169,Fog
2025-03-20 16:00:00,Pune,33,47,1020,13.6,62.5,83,Rainy
2025-03-20 17:00:00,Hyderabad,29,57,1019,19.4,26.1,80,Rainy
2025-03-20 18:00:00,Ahmedabad,23,74,1003,18.1,27.6,330,Clear
2025-03-20 19:00:00,Bengaluru,31,90,1010,12.7,74.2,96,Storm
2025-03-20 20:00:00,Lucknow,39,29,1002,12.6,6.0,120,Rainy
2025-03-20 21:00:00,Lucknow,34,40,992,4.8,70.2,334,Fog
2025-03-20 22:00:00,Pune,33,49,1017,15.8,96.2,133,Sunny
2025-03-20 23:00:00,Hyderabad,27,89,1021,17.6,110.1,77,Storm
2025-03-21 00:00:00,Delhi,28,80,1028,9.7,95.5,137,Sunny
2025-03-21 01:00:00,Delhi,39,31,992,16.2,114.8,79,Sunny
2025-03-21 02:00:00,Delhi,20,44,1033,23.7,18.7,153,Fog
2025-03-21 03:00:00,Chennai,21,89,1008,17.7,30.1,262,Storm
2025-03-21 04:00:00,Bengaluru,33,40,990,5.4,83.8,134,Sunny
2025-03-21 05:00:00,Ahmedabad,41,43,1011,11.3,116.7,249,Clear
2025-03-21 06:00:00,Chennai,41,27,1017,18.9,24.5,122,Cloudy
2025-03-21 07:00:00,Ahmedabad,20,46,991,16.8,117.4,59,Storm
2025-03-21 08:00:00,Pune,26,88,1031,0.8,44.7,70,Storm
2025-03-21 09:00:00,Delhi,39,93,986,9.1,57.4,64,Storm
2025-03-21 10:00:00,Kolkata,28,42,990,1.7,7.5,97,Cloudy
2025-03-21 11:00:00,Pune,36,94,1000,5.3,54.7,70,Rainy
2025-03-21 12:00:00,Lucknow,21,92,988,23.5,10.4,338,Storm
2025-03-21 13:00:00,Ahmedabad,38,90,981,17.7,9.8,30,Rainy
2025-03-21 14:00:00,Bengaluru,33,26,1023,8.8,26.1,120,Fog
2025-03-21 15:00:00,Kolkata,23,61,983,5.1,33.8,298,Sunny
2025-03-21 16:00:00,Ahmedabad,27,79,1020,9.0,70.4,289,Storm
2025-03-21 17:00:00,Jaipur,19,26,988,14.0,74.8,66,Fog
2025-03-21 18:00:00,Jaipur,33,37,1025,9.7,62.5,303,Clear
2025-03-21 19:00:00,Jaipur,26,60,998,15.1,10.3,119,Clear
2025-03-21 20:00:00,Ahmedabad,38,67,994,20.3,54.9,286,Rainy
2025-03-21 21:00:00,Chennai,27,37,1019,3.6,119.1,165,Cloudy
2025-03-21 22:00:00,Chennai,26,70,1032,12.9,79.0,207,Rainy
2025-03-21 23:00:00,Chennai,27,95,1002,14.1,106.9,289,Storm
2025-03-22 00:00:00,Chennai,41,63,984,18.3,29.9,136,Clear
2025-03-22 01:00:00,Hyderabad,25,75,992,14.6,23.3,161,Cloudy
2025-03-22 02:00:00,Hyderabad,31,28,1013,6.6,118.3,319,Storm
2025-03-22 03:00:00,Hyderabad,21,83,1025,2.9,15.5,183,Clear
2025-03-22 04:00:00,Lucknow,18,58,1000,13.5,116.2,161,Rainy
2025-03-22 05:00:00,Kolkata,36,55,1024,3.6,10.0,95,Sunny
2025-03-22 06:00:00,Delhi,26,70,980,24.4,47.3,65,Fog
2025-03-22 07:00:00,Pune,26,54,1006,12.4,20.5,244,Storm
2025-03-22 08:00:00,Kolkata,20,93,1000,21.3,65.3,172,Clear
2025-03-22 09:00:00,Bengaluru,37,46,1008,11.8,15.8,146,Cloudy
2025-03-22 10:00:00,Bengaluru,41,52,1001,9.6,51.0,257,Storm
2025-03-22 11:00:00,Hyderabad,37,38,985,13.8,41.0,341,Clear
2025-03-22 12:00:00,Pune,26,79,995,21.7,86.2,47,Cloudy
2025-03-22 13:00:00,Ahmedabad,38,68,1000,18.3,68.4,109,Cloudy
2025-03-22 14:00:00,Hyderabad,39,77,1001,12.6,85.1,191,Clear
2025-03-22 15:00:00,Delhi,30,34,1034,6.4,57.1,150,Clear
2025-03-22 16:00:00,Ahmedabad,39,37,987,15.2,61.7,49,Fog
2025-03-22 17:00:00,Mumbai,36,38,1012,19.9,48.6,146,Clear
2025-03-22 18:00:00,Ahmedabad,31,82,986,4.0,106.4,279,Fog
2025-03-22 19:00:00,Pune,27,51,1004,3.2,104.8,198,Storm
2025-03-22 20:00:00,Mumbai,22,76,1018,12.9,25.5,227,Rainy
2025-03-22 21:00:00,Kolkata,37,69,994,7.2,56.2,191,Sunny
2025-03-22 22:00:00,Bengaluru,26,28,1000,22.3,64.8,312,Clear
2025-03-22 23:00:00,Chennai,39,25,998,15.1,4.9,296,Cloudy
2025-03-23 00:00:00,Pune,31,43,1007,10.1,8.7,205,Clear
2025-03-23 01:00:00,Pune,30,30,1026,22.7,104.3,132,Cloudy
2025-03-23 02:00:00,Delhi,33,93,1004,12.5,4.6,178,Sunny
2025-03-23 03:00:00,Mumbai,32,34,1026,9.6,34.6,330,Cloudy
2025-03-23 04:00:00,Ahmedabad,38,79,1015,8.1,43.4,42,Cloudy
2025-03-23 05:00:00,Lucknow,31,26,1019,9.5,78.5,144,Cloudy
2025-03-23 06:00:00,Chennai,31,87,987,7.6,65.4,117,Storm
2025-03-23 07:00:00,Delhi,38,57,983,4.1,85.2,328,Clear
2025-03-23 08:00:00,Lucknow,31,39,987,18.9,91.4,221,Storm
2025-03-23 09:00:00,Mumbai,32,85,1001,11.4,86.9,153,Storm
2025-03-23 10:00:00,Jaipur,33,87,1025,14.5,21.2,143,Rainy
2025-03-23 11:00:00,Mumbai,39,42,987,15.7,108.8,83,Storm
2025-03-23 12:00:00,Delhi,42,46,1027,1.3,61.0,143,Sunny
2025-03-23 13:00:00,Delhi,41,43,1015,1.9,40.4,40,Storm
2025-03-23 14:00:00,Chennai,34,51,1027,21.6,33.4,97,Storm
2025-03-23 15:00:00,Hyderabad,20,47,1004,7.0,73.0,223,Sunny
2025-03-23 16:00:00,Jaipur,42,57,1012,21.5,86.8,65,Sunny
2025-03-23 17:00:00,Jaipur,29,49,1014,13.1,50.8,247,Fog
2025-03-23 18:00:00,Hyderabad,39,40,1030,10.4,55.0,219,Sunny
2025-03-23 19:00:00,Kolkata,21,66,1017,3.9,0.6,193,Rainy
2025-03-23 20:00:00,Hyderabad,37,43,999,12.6,26.3,178,Cloudy
2025-03-23 21:00:00,Jaipur,31,43,1032,9.1,119.2,263,Fog
2025-03-23 22:00:00,Bengaluru,25,88,999,14.5,91.7,300,Sunny
2025-03-23 23:00:00,Hyderabad,31,93,992,5.0,56.2,317,Sunny
2025-03-24 00:00:00,Hyderabad,23,37,1019,8.9,73.0,281,Fog
2025-03-24 01:00:00,Jaipur,22,51,993,4.9,27.8,141,Rainy
2025-03-24 02:00:00,Delhi,23,87,1000,21.1,103.5,143,Cloudy
2025-03-24 03:00:00,Lucknow,29,90,994,19.7,54.3,273,Cloudy
2025-03-24 04:00:00,Hyderabad,24,33,997,6.1,70.1,318,Cloudy
2025-03-24 05:00:00,Lucknow,34,37,1015,16.0,20.1,87,Rainy
2025-03-24 06:00:00,Mumbai,35,28,1025,12.0,15.1,323,Storm
2025-03-24 07:00:00,Bengaluru,25,37,1000,21.2,80.3,246,Cloudy
2025-03-24 08:00:00,Bengaluru,35,37,1019,20.9,95.0,319,Fog
2025-03-24 09:00:00,Ahmedabad,22,89,1001,23.8,15.1,296,Fog
2025-03-24 10:00:00,Chennai,35,66,996,2.9,68.1,209,Fog
2025-03-24 11:00:00,Jaipur,36,48,982,24.9,52.6,156,Fog
2025-03-24 12:00:00,Bengaluru,30,84,1000,7.8,47.2,157,Sunny
2025-03-24 13:00:00,Lucknow,34,60,980,15.3,30.7,43,Rainy
2025-03-24 14:00:00,Hyderabad,33,90,1020,16.1,11.2,78,Fog
2025-03-24 15:00:00,Ahmedabad,22,87,1023,19.9,45.7,266,Clear
2025-03-24 16:00:00,Hyderabad,26,27,983,5.6,104.9,161,Fog
2025-03-24 17:00:00,Mumbai,41,27,994,11.6,62.9,148,Cloudy
2025-03-24 18:00:00,Hyderabad,18,57,1031,7.7,60.0,100,Fog
2025-03-24 19:00:00,Bengaluru,23,51,988,2.5,11.9,49,Clear
2025-03-24 20:00:00,Chennai,28,74,1016,5.1,29.6,71,Sunny
2025-03-24 21:00:00,Bengaluru,39,25,1032,21.0,74.5,261,Sunny
2025-03-24 22:00:00,Chennai,19,57,1004,14.1,49.9,64,Sunny
2025-03-24 23:00:00,Hyderabad,36,90,993,13.9,46.0,148,Clear
2025-03-25 00:00:00,Jaipur,24,69,1007,7.0,35.7,318,Rainy
2025-03-25 01:00:00,Delhi,36,35,997,7.0,118.0,308,Clear
2025-03-25 02:00:00,Ahmedabad,31,82,1001,13.5,19.2,344,Rainy
2025-03-25 03:00:00,Bengaluru,40,58,1028,14.7,15.5,157,Sunny
2025-03-25 04:00:00,Delhi,28,77,1017,24.3,34.6,264,Rainy
2025-03-25 05:00:00,Chennai,21,48,1030,14.0,92.0,91,Fog
2025-03-25 06:00:00,Jaipur,33,57,993,24.4,74.4,125,Storm
2025-03-25 07:00:00,Kolkata,37,49,1014,0.9,2.3,348,Cloudy
2025-03-25 08:00:00,Delhi,35,34,1011,5.9,3.9,119,Sunny
2025-03-25 09:00:00,Kolkata,42,39,1004,13.7,48.6,347,Sunny
2025-03-25 10:00:00,Chennai,26,25,1015,14.5,104.7,212,Sunny
2025-03-25 11:00:00,Hyderabad,19,31,987,10.2,96.7,255,Clear
2025-03-25 12:00:00,Pune,33,57,1018,3.2,62.2,67,Fog
2025-03-25 13:00:00,Lucknow,29,91,1023,17.8,110.8,73,Fog
2025-03-25 14:00:00,Pune,18,77,1033,12.2,45.4,88,Sunny
2025-03-25 15:00:00,Ahmedabad,26,38,1019,11.7,98.0,104,Cloudy
2025-03-25 16:00:00,Lucknow,38,74,1005,11.1,64.0,219,Sunny
2025-03-25 17:00:00,Jaipur,32,65,997,17.5,118.7,319,Fog
2025-03-25 18:00:00,Chennai,30,50,1014,19.1,23.1,123,Storm
2025-03-25 19:00:00,Chennai,38,28,985,14.7,5.6,31,Cloudy
2025-03-25 20:00:00,Ahmedabad,21,83,1010,20.0,101.6,69,Clear
2025-03-25 21:00:00,Kolkata,21,59,1003,4.7,26.7,213,Cloudy
2025-03-25 22:00:00,Chennai,23,68,999,23.0,95.6,230,Storm
2025-03-25 23:00:00,Mumbai,32,29,1014,4.9,85.4,319,Cloudy
2025-03-26 00:00:00,Jaipur,20,89,1014,21.8,32.0,165,Cloudy
2025-03-26 01:00:00,Ahmedabad,41,69,1007,22.1,60.9,77,Cloudy
2025-03-26 02:00:00,Delhi,19,81,996,5.2,41.7,210,Storm
2025-03-26 03:00:00,Jaipur,29,77,1032,11.2,55.8,337,Sunny
2025-03-26 04:00:00,Lucknow,41,64,994,19.1,30.5,188,Storm
2025-03-26 05:00:00,Ahmedabad,29,55,997,12.1,46.0,164,Storm
2025-03-26 06:00:00,Ahmedabad,39,72,994,24.4,88.3,256,Sunny
2025-03-26 07:00:00,Bengaluru,41,51,1029,18.1,118.6,315,Rainy
2025-03-26 08:00:00,Jaipur,40,45,993,5.3,47.8,160,Sunny
2025-03-26 09:00:00,Chennai,26,74,985,20.3,103.5,290,Sunny
2025-03-26 10:00:00,Hyderabad,33,81,1032,17.4,58.1,291,Clear
2025-03-26 11:00:00,Chennai,27,56,1026,4.6,72.5,257,Cloudy
2025-03-26 12:00:00,Hyderabad,35,47,1022,4.7,104.6,141,Storm
2025-03-26 13:00:00,Lucknow,30,65,997,19.1,119.0,194,Storm
2025-03-26 14:00:00,Ahmedabad,28,41,1024,14.7,90.3,318,Rainy
2025-03-26 15:00:00,Ahmedabad,30,37,1031,6.4,42.5,67,Rainy
2025-03-26 16:00:00,Pune,20,28,1029,4.2,6.9,242,Rainy
2025-03-26 17:00:00,Pune,38,40,1033,7.7,77.5,338,Rainy
2025-03-26 18:00:00,Jaipur,22,27,993,13.9,5.6,225,Fog
2025-03-26 19:00:00,Bengaluru,27,39,998,13.5,59.3,34,Sunny
2025-03-26 20:00:00,Mumbai,27,40,1032,13.8,77.4,330,Rainy
2025-03-26 21:00:00,Bengaluru,40,35,982,22.5,51.4,133,Clear
2025-03-26 22:00:00,Mumbai,18,25,1014,9.9,106.8,261,Clear
2025-03-26 23:00:00,Mumbai,24,68,987,2.8,57.0,262,Cloudy
2025-03-27 00:00:00,Jaipur,39,42,999,18.6,105.3,235,Storm
2025-03-27 01:00:00,Jaipur,23,82,1022,15.3,22.8,99,Cloudy
2025-03-27 02:00:00,Lucknow,35,73,986,14.0,91.4,181,Rainy
2025-03-27 03:00:00,Chennai,21,79,1025,21.9,37.8,278,Clear
2025-03-27 04:00:00,Chennai,35,87,1023,15.2,50.8,170,Clear
2025-03-27 05:00:00,Chennai,42,69,1019,14.9,30.2,313,Storm
2025-03-27 06:00:00,Hyderabad,35,70,1035,10.3,54.4,239,Storm
2025-03-27 07:00:00,Lucknow,19,60,1024,1.1,22.8,85,Sunny
2025-03-27 08:00:00,Hyderabad,24,84,1016,24.2,115.0,331,Sunny
2025-03-27 09:00:00,Ahmedabad,19,86,1010,18.9,103.0,158,Sunny
2025-03-27 10:00:00,Mumbai,30,80,996,20.1,2.9,72,Fog
2025-03-27 11:00:00,Chennai,37,81,1023,1.7,113.5,180,Clear
2025-03-27 12:00:00,Kolkata,34,31,996,5.2,50.5,68,Fog
2025-03-27 13:00:00,Bengaluru,38,68,1030,10.0,111.6,31,Sunny
2025-03-27 14:00:00,Mumbai,23,73,1023,16.9,62.7,172,Rainy
2025-03-27 15:00:00,Hyderabad,24,69,1007,15.9,85.5,284,Fog
2025-03-27 16:00:00,Bengaluru,22,67,1019,24.1,77.0,204,Rainy
2025-03-27 17:00:00,Lucknow,34,75,1014,3.5,59.8,211,Clear
2025-03-27 18:00:00,Ahmedabad,25,78,1011,5.2,73.2,151,Rainy
2025-03-27 19:00:00,Hyderabad,28,36,1029,17.9,106.3,76,Storm
2025-03-27 20:00:00,Kolkata,23,47,1006,13.8,87.9,61,Fog
2025-03-27 21:00:00,Delhi,29,85,1017,21.0,20.7,243,Cloudy
2025-03-27 22:00:00,Kolkata,19,28,995,9.1,91.8,64,Storm
2025-03-27 23:00:00,Chennai,22,31,999,12.4,46.5,342,Rainy
2025-03-28 00:00:00,Chennai,24,38,990,8.7,46.0,146,Sunny
2025-03-28 01:00:00,Kolkata,31,47,1007,2.3,28.9,103,Fog
2025-03-28 02:00:00,Mumbai,34,43,1033,22.4,4.3,98,Rainy
2025-03-28 03:00:00,Delhi,39,78,1025,1.6,8.5,94,Fog
2025-03-28 04:00:00,Jaipur,39,63,1025,17.1,100.5,204,Cloudy
2025-03-28 05:00:00,Bengaluru,35,65,998,24.5,82.3,76,Cloudy
2025-03-28 06:00:00,Hyderabad,27,27,1004,23.9,87.3,343,Rainy
2025-03-28 07:00:00,Ahmedabad,39,48,990,24.3,52.7,79,Storm
2025-03-28 08:00:00,Pune,30,63,1027,4.1,85.1,32,Fog
2025-03-28 09:00:00,Chennai,29,93,1031,8.9,23.4,270,Rainy
2025-03-28 10:00:00,Chennai,25,44,1019,21.1,21.9,329,Clear
2025-03-28 11:00:00,Hyderabad,24,88,1006,15.4,112.1,35,Rainy
2025-03-28 12:00:00,Pune,42,58,1024,3.8,34.3,123,Clear
2025-03-28 13:00:00,Jaipur,23,87,1017,5.8,79.3,142,Rainy
2025-03-28 14:00:00,Pune,37,67,1002,9.1,47.9,115,Sunny
2025-03-28 15:00:00,Lucknow,39,69,992,2.3,37.2,251,Sunny
2025-03-28 16:00:00,Mumbai,31,39,1005,21.0,49.3,115,Fog
2025-03-28 17:00:00,Kolkata,40,76,1011,21.0,82.4,110,Sunny
2025-03-28 18:00:00,Mumbai,25,82,984,19.4,64.8,141,Fog
2025-03-28 19:00:00,Bengaluru,19,51,994,12.5,32.1,260,Storm
2025-03-28 20:00:00,Hyderabad,28,93,1026,20.1,10.5,61,Sunny
2025-03-28 21:00:00,Ahmedabad,30,34,980,21.0,108.4,257,Cloudy
2025-03-28 22:00:00,Ahmedabad,29,89,1007,16.3,9.3,130,Clear
2025-03-28 23:00:00,Delhi,36,66,1010,14.7,99.7,195,Storm
2025-03-29 00:00:00,Kolkata,34,78,1015,14.4,2.9,51,Rainy
2025-03-29 01:00:00,Kolkata,24,41,1032,6.6,28.0,47,Storm
2025-03-29 02:00:00,Delhi,28,78,1004,11.8,31.7,174,Clear
2025-03-29 03:00:00,Kolkata,28,57,1026,14.0,103.4,45,Fog
2025-03-29 04:00:00,Jaipur,42,94,1015,4.0,100.3,58,Sunny
2025-03-29 05:00:00,Jaipur,22,78,1014,11.1,22.2,287,Sunny
2025-03-29 06:00:00,Delhi,29,56,999,14.4,64.6,196,Clear
2025-03-29 07:00:00,Kolkata,22,87,1002,16.9,100.7,46,Sunny
2025-03-29 08:00:00,Lucknow,34,53,1018,17.9,69.7,110,Cloudy
2025-03-29 09:00:00,Hyderabad,27,57,994,20.2,118.2,314,Clear
2025-03-29 10:00:00,Pune,36,92,994,5.7,32.9,270,Cloudy
2025-03-29 11:00:00,Bengaluru,33,60,998,12.5,79.7,63,Rainy
2025-03-29 12:00:00,Hyderabad,42,50,988,22.7,25.0,309,Clear
2025-03-29 13:00:00,Chennai,32,38,990,1.5,44.1,31,Rainy
2025-03-29 14:00:00,Delhi,40,63,999,19.3,115.3,58,Fog
2025-03-29 15:00:00,Jaipur,25,79,1012,3.4,44.5,119,Clear
2025-03-29 16:00:00,Pune,21,38,981,24.0,100.1,95,Cloudy
2025-03-29 17:00:00,Pune,38,52,1022,23.6,65.7,90,Rainy
2025-03-29 18:00:00,Ahmedabad,36,38,998,22.7,45.4,157,Cloudy
2025-03-29 19:00:00,Ahmedabad,31,61,1008,8.0,46.0,178,Storm
2025-03-29 20:00:00,Mumbai,23,35,981,18.5,97.8,56,Cloudy
2025-03-29 21:00:00,Delhi,40,36,984,24.1,40.9,191,Cloudy
2025-03-29 22:00:00,Bengaluru,36,81,1022,6.0,39.6,284,Storm
2025-03-29 23:00:00,Hyderabad,32,71,1029,10.4,92.5,146,Cloudy
2025-03-30 00:00:00,Mumbai,19,79,1020,6.7,28.6,309,Cloudy
2025-03-30 01:00:00,Kolkata,18,93,1033,14.9,45.5,314,Cloudy
2025-03-30 02:00:00,Ahmedabad,41,46,1023,4.2,39.8,190,Sunny
2025-03-30 03:00:00,Chennai,33,30,1031,22.3,29.3,326,Cloudy
2025-03-30 04:00:00,Jaipur,21,73,1007,17.6,80.3,304,Cloudy
2025-03-30 05:00:00,Delhi,28,67,1009,23.4,29.7,339,Rainy
2025-03-30 06:00:00,Bengaluru,41,83,1029,2.2,115.6,239,Rainy
2025-03-30 07:00:00,Hyderabad,34,46,986,23.9,111.7,184,Storm
2025-03-30 08:00:00,Kolkata,42,53,996,6.2,50.9,169,Fog
2025-03-30 09:00:00,Delhi,32,66,1019,22.4,113.2,315,Rainy
2025-03-30 10:00:00,Jaipur,38,57,1030,3.9,110.1,326,Fog
2025-03-30 11:00:00,Delhi,25,89,980,14.8,15.6,60,Clear
2025-03-30 12:00:00,Ahmedabad,41,73,998,1.5,73.2,90,Rainy
2025-03-30 13:00:00,Pune,18,77,981,3.2,71.7,58,Cloudy
2025-03-30 14:00:00,Delhi,41,90,997,6.2,25.6,116,Rainy
2025-03-30 15:00:00,Lucknow,26,66,991,25.0,117.8,56,Rainy
2025-03-30 16:00:00,Hyderabad,39,92,981,9.8,107.5,341,Clear
2025-03-30 17:00:00,Chennai,18,63,1017,21.3,105.2,191,Clear
2025-03-30 18:00:00,Hyderabad,31,28,1011,5.1,57.9,204,Storm
2025-03-30 19:00:00,Mumbai,18,69,1017,18.5,35.3,319,Rainy
2025-03-30 20:00:00,Bengaluru,27,75,995,10.1,4.0,111,Cloudy
2025-03-30 21:00:00,Kolkata,19,79,1024,1.4,62.0,337,Sunny
2025-03-30 22:00:00,Pune,41,75,1020,1.2,84.0,307,Storm
2025-03-30 23:00:00,Delhi,42,75,993,13.3,5.5,340,Rainy
2025-03-31 00:00:00,Hyderabad,31,46,998,0.9,63.9,346,Rainy
2025-03-31 01:00:00,Ahmedabad,27,93,982,24.7,0.5,246,Storm
2025-03-31 02:00:00,Lucknow,19,61,1024,24.8,32.6,41,Rainy
2025-03-31 03:00:00,Jaipur,20,54,1015,16.2,61.8,122,Storm
2025-03-31 04:00:00,Kolkata,24,68,986,17.1,56.8,344,Fog
2025-03-31 05:00:00,Jaipur,29,30,1003,12.1,92.1,66,Storm
2025-03-31 06:00:00,Jaipur,30,66,1021,7.3,48.7,320,Rainy
2025-03-31 07:00:00,Chennai,21,30,1014,18.4,19.1,220,Rainy
2025-03-31 08:00:00,Hyderabad,41,37,1000,4.4,103.2,131,Clear
2025-03-31 09:00:00,Delhi,34,36,1009,7.1,21.2,201,Clear
2025-03-31 10:00:00,Ahmedabad,25,90,987,16.3,29.7,68,Fog
2025-03-31 11:00:00,Pune,42,72,1034,11.8,75.3,165,Rainy
2025-03-31 12:00:00,Hyderabad,19,45,1032,1.8,118.7,176,Fog
2025-03-31 13:00:00,Hyderabad,22,45,1031,16.1,95.3,303,Storm
2025-03-31 14:00:00,Bengaluru,30,39,1004,22.8,100.5,75,Cloudy
2025-03-31 15:00:00,Bengaluru,19,83,1005,19.4,92.0,270,Clear
2025-03-31 16:00:00,Mumbai,22,50,1001,8.6,3.9,254,Clear
2025-03-31 17:00:00,Delhi,41,35,989,5.8,101.7,251,Sunny
2025-03-31 18:00:00,Bengaluru,31,59,1028,22.5,1.0,104,Rainy
2025-03-31 19:00:00,Ahmedabad,36,43,983,24.0,11.1,220,Clear
2025-03-31 20:00:00,Ahmedabad,19,48,1004,8.7,50.2,335,Clear
2025-03-31 21:00:00,Delhi,23,31,1028,20.5,27.6,338,Fog
2025-03-31 22:00:00,Ahmedabad,37,58,1014,0.7,101.0,155,Rainy
2025-03-31 23:00:00,Hyderabad,41,41,1010,11.4,28.1,189,Storm
2025-04-01 00:00:00,Kolkata,28,65,1009,4.1,104.3,349,Clear
2025-04-01 01:00:00,Lucknow,34,36,988,19.3,79.1,298,Clear
2025-04-01 02:00:00,Ahmedabad,34,83,995,22.0,26.5,283,Cloudy
2025-04-01 03:00:00,Delhi,18,42,1028,13.0,116.5,193,Rainy
2025-04-01 04:00:00,Mumbai,42,95,1024,0.9,109.7,210,Cloudy
2025-04-01 05:00:00,Chennai,21,49,1006,10.1,75.2,265,Cloudy
2025-04-01 06:00:00,Delhi,38,88,1035,12.0,94.2,170,Storm
2025-04-01 07:00:00,Ahmedabad,34,73,1004,3.2,8.0,306,Cloudy
2025-04-01 08:00:00,Lucknow,21,71,1012,14.3,23.4,289,Clear
2025-04-01 09:00:00,Chennai,38,88,1022,22.9,10.2,240,Sunny
2025-04-01 10:00:00,Pune,26,69,1019,17.6,87.3,219,Fog
2025-04-01 11:00:00,Chennai,33,36,981,9.5,12.6,320,Clear
2025-04-01 12:00:00,Mumbai,36,64,991,22.5,34.8,248,Clear
2025-04-01 13:00:00,Mumbai,24,70,1034,16.3,2.9,168,Clear
2025-04-01 14:00:00,Lucknow,25,33,997,24.8,82.6,92,Sunny
2025-04-01 15:00:00,Kolkata,19,84,1021,8.7,107.1,294,Sunny
2025-04-01 16:00:00,Hyderabad,38,83,986,1.4,20.8,291,Fog
2025-04-01 17:00:00,Lucknow,36,78,1034,24.9,56.4,40,Fog
2025-04-01 18:00:00,Bengaluru,37,40,1008,13.0,114.0,269,Fog
2025-04-01 19:00:00,Mumbai,31,57,999,12.0,43.3,258,Fog
2025-04-01 20:00:00,Chennai,33,29,1029,13.0,98.4,177,Fog
2025-04-01 21:00:00,Hyderabad,36,27,998,10.5,43.9,341,Fog
2025-04-01 22:00:00,Lucknow,21,88,1002,24.7,40.5,188,Fog
2025-04-01 23:00:00,Kolkata,40,26,995,1.0,116.7,238,Storm
2025-04-02 00:00:00,Delhi,37,57,993,2.8,71.5,255,Clear
2025-04-02 01:00:00,Bengaluru,33,39,1003,6.5,37.1,334,Sunny
2025-04-02 02:00:00,Delhi,40,74,1006,6.8,70.6,342,Rainy
2025-04-02 03:00:00,Chennai,35,84,980,10.3,52.5,106,Clear
2025-04-02 04:00:00,Chennai,30,26,989,8.2,25.3,32,Storm
2025-04-02 05:00:00,Pune,32,83,1022,12.4,101.5,288,Clear
2025-04-02 06:00:00,Pune,39,87,989,7.9,68.1,181,Cloudy
2025-04-02 07:00:00,Bengaluru,32,40,1032,22.3,64.4,135,Fog
2025-04-02 08:00:00,Mumbai,35,77,997,11.0,84.9,221,Sunny
2025-04-02 09:00:00,Ahmedabad,21,47,1011,20.5,16.0,283,Cloudy
2025-04-02 10:00:00,Jaipur,23,53,982,5.7,41.7,263,Rainy
2025-04-02 11:00:00,Ahmedabad,31,34,994,11.4,77.7,159,Rainy
2025-04-02 12:00:00,Hyderabad,35,59,1013,22.7,6.5,152,Cloudy
2025-04-02 13:00:00,Bengaluru,41,79,996,12.2,54.7,232,Fog
2025-04-02 14:00:00,Jaipur,24,71,991,8.1,47.3,133,Fog
2025-04-02 15:00:00,Kolkata,24,25,1028,16.3,73.7,67,Rainy
2025-04-02 16:00:00,Chennai,21,25,987,11.9,24.3,156,Clear
2025-04-02 17:00:00,Pune,31,69,1025,5.8,2.4,180,Clear
2025-04-02 18:00:00,Ahmedabad,27,61,1035,6.7,36.3,334,Clear
2025-04-02 19:00:00,Lucknow,32,29,1011,8.7,38.8,60,Rainy
2025-04-02 20:00:00,Pune,33,88,1002,20.8,22.6,301,Clear
2025-04-02 21:00:00,Pune,31,91,1006,24.3,26.0,221,Fog
2025-04-02 22:00:00,Pune,37,82,981,1.5,61.3,147,Sunny
2025-04-02 23:00:00,Pune,33,75,1019,7.8,111.0,163,Rainy
2025-04-03 00:00:00,Jaipur,41,48,1007,10.2,38.8,314,Cloudy
2025-04-03 01:00:00,Chennai,26,45,996,8.7,36.1,164,Rainy
2025-04-03 02:00:00,Ahmedabad,27,58,993,14.8,110.6,209,Rainy
2025-04-03 03:00:00,Hyderabad,30,63,1010,5.9,27.8,162,Sunny
2025-04-03 04:00:00,Chennai,34,69,994,22.7,36.0,122,Sunny
2025-04-03 05:00:00,Kolkata,18,77,1030,11.3,100.5,307,Sunny
2025-04-03 06:00:00,Lucknow,33,39,980,3.0,63.7,206,Storm
2025-04-03 07:00:00,Jaipur,41,47,1001,3.9,119.3,117,Clear
2025-04-03 08:00:00,Chennai,35,90,1017,10.9,11.8,250,Clear
2025-04-03 09:00:00,Lucknow,30,31,1007,7.5,75.2,35,Sunny
2025-04-03 10:00:00,Lucknow,36,51,1013,20.2,34.0,236,Sunny
2025-04-03 11:00:00,Kolkata,38,87,1018,22.0,112.8,267,Clear
2025-04-03 12:00:00,Bengaluru,30,58,989,13.3,54.0,39,Storm
2025-04-03 13:00:00,Kolkata,33,60,1005,12.3,28.7,161,Sunny
2025-04-03 14:00:00,Delhi,32,57,1020,14.7,75.5,222,Rainy
2025-04-03 15:00:00,Kolkata,21,35,1000,24.0,31.7,175,Sunny
2025-04-03 16:00:00,Hyderabad,33,34,1019,16.4,74.2,227,Cloudy
2025-04-03 17:00:00,Delhi,18,67,999,1.4,63.7,253,Storm
2025-04-03 18:00:00,Delhi,25,62,1024,18.5,82.0,144,Rainy
2025-04-03 19:00:00,Bengaluru,34,68,1002,4.9,118.4,56,Storm
2025-04-03 20:00:00,Mumbai,30,64,984,22.8,56.2,303,Storm
2025-04-03 21:00:00,Ahmedabad,22,63,989,19.9,112.7,54,Sunny
2025-04-03 22:00:00,Lucknow,31,83,1030,8.4,28.2,184,Fog
2025-04-03 23:00:00,Delhi,37,62,1025,3.4,100.2,204,Sunny
2025-04-04 00:00:00,Jaipur,35,59,1015,18.6,67.6,112,Fog
2025-04-04 01:00:00,Chennai,29,27,997,14.2,58.8,32,Cloudy
2025-04-04 02:00:00,Bengaluru,23,67,1024,24.0,77.0,343,Clear
2025-04-04 03:00:00,Bengaluru,34,33,1009,24.8,48.4,142,Sunny
2025-04-04 04:00:00,Hyderabad,33,29,1013,14.8,95.9,299,Storm
2025-04-04 05:00:00,Jaipur,24,69,992,24.3,110.4,329,Clear
2025-04-04 06:00:00,Mumbai,39,75,1019,1.4,103.2,194,Clear
2025-04-04 07:00:00,Kolkata,26,61,1017,24.5,36.1,162,Storm
2025-04-04 08:00:00,Jaipur,25,59,1027,8.1,113.1,297,Sunny
2025-04-04 09:00:00,Hyderabad,30,90,986,6.8,1.1,246,Sunny
2025-04-04 10:00:00,Jaipur,36,81,1014,9.0,116.0,227,Clear
2025-04-04 11:00:00,Pune,20,30,1011,5.6,48.9,145,Fog
2025-04-04 12:00:00,Pune,28,41,1027,17.0,117.2,285,Rainy
2025-04-04 13:00:00,Ahmedabad,27,90,998,8.8,68.7,349,Sunny
2025-04-04 14:00:00,Delhi,21,95,1002,22.1,32.5,148,Storm
2025-04-04 15:00:00,Pune,42,78,1031,3.6,102.9,193,Rainy
2025-04-04 16:00:00,Mumbai,18,45,998,3.4,104.1,307,Cloudy
2025-04-04 17:00:00,Jaipur,20,72,992,10.6,39.1,48,Rainy
2025-04-04 18:00:00,Jaipur,40,31,1012,15.7,32.7,128,Clear
2025-04-04 19:00:00,Mumbai,40,54,1019,5.3,22.5,129,Sunny
2025-04-04 20:00:00,Chennai,32,68,993,8.7,68.7,121,Clear
2025-04-04 21:00:00,Delhi,35,37,994,10.6,103.4,180,Clear
2025-04-04 22:00:00,Delhi,29,69,988,8.1,41.7,90,Sunny
2025-04-04 23:00:00,Chennai,25,50,997,21.4,6.2,237,Fog
2025-04-05 00:00:00,Jaipur,36,69,1015,13.3,43.7,117,Rainy
2025-04-05 01:00:00,Ahmedabad,25,31,989,12.2,12.7,120,Sunny
2025-04-05 02:00:00,Delhi,21,86,1013,8.7,102.5,324,Cloudy
2025-04-05 03:00:00,Mumbai,42,79,1019,19.5,92.4,49,Sunny
2025-04-05 04:00:00,Jaipur,33,91,1019,12.0,93.2,140,Rainy
2025-04-05 05:00:00,Delhi,27,54,1022,19.0,45.1,67,Sunny
2025-04-05 06:00:00,Chennai,29,25,1005,11.4,30.3,296,Cloudy
2025-04-05 07:00:00,Hyderabad,21,74,991,10.9,14.2,303,Clear
2025-04-05 08:00:00,Pune,18,82,1007,11.0,67.1,348,Fog
2025-04-05 09:00:00,Bengaluru,34,43,999,12.3,91.5,153,Fog
2025-04-05 10:00:00,Ahmedabad,33,42,1026,6.7,85.0,241,Rainy
2025-04-05 11:00:00,Kolkata,21,64,996,14.4,20.5,85,Cloudy
2025-04-05 12:00:00,Kolkata,23,87,981,16.5,88.0,280,Clear
2025-04-05 13:00:00,Delhi,18,49,998,13.2,61.9,40,Fog
2025-04-05 14:00:00,Pune,34,56,981,18.2,102.0,299,Clear
2025-04-05 15:00:00,Bengaluru,29,56,1013,17.5,53.5,119,Clear
2025-04-05 16:00:00,Lucknow,29,83,980,3.3,4.9,211,Rainy
2025-04-05 17:00:00,Pune,41,51,990,19.5,91.7,39,Rainy
2025-04-05 18:00:00,Mumbai,41,39,1035,15.6,34.2,61,Cloudy
2025-04-05 19:00:00,Kolkata,25,66,987,15.8,42.4,167,Clear
2025-04-05 20:00:00,Kolkata,18,82,980,12.1,94.5,296,Sunny
2025-04-05 21:00:00,Chennai,33,55,1004,15.2,106.4,243,Fog
2025-04-05 22:00:00,Jaipur,41,77,1007,11.5,1.3,268,Clear
2025-04-05 23:00:00,Kolkata,22,40,991,1.3,58.3,204,Clear
2025-04-06 00:00:00,Mumbai,26,77,1013,19.5,41.4,298,Storm
2025-04-06 01:00:00,Bengaluru,31,29,998,12.5,3.1,145,Cloudy
2025-04-06 02:00:00,Bengaluru,34,64,999,19.3,55.1,111,Rainy
2025-04-06 03:00:00,Bengaluru,42,33,981,22.9,53.1,169,Storm
2025-04-06 04:00:00,Pune,28,63,1002,20.0,41.1,191,Storm
2025-04-06 05:00:00,Jaipur,37,35,1015,12.4,104.7,215,Clear
2025-04-06 06:00:00,Delhi,39,68,1010,12.7,34.7,47,Sunny
2025-04-06 07:00:00,Pune,20,62,1014,18.3,64.3,273,Rainy
2025-04-06 08:00:00,Hyderabad,39,77,1024,20.8,7.7,333,Sunny
2025-04-06 09:00:00,Bengaluru,36,32,1006,17.7,95.1,284,Cloudy
2025-04-06 10:00:00,Lucknow,20,39,992,18.1,76.7,230,Fog
2025-04-06 11:00:00,Ahmedabad,39,87,1010,23.4,57.7,223,Cloudy
2025-04-06 12:00:00,Chennai,34,83,1025,24.0,78.2,84,Cloudy
2025-04-06 13:00:00,Chennai,35,82,995,16.4,97.9,260,Fog
2025-04-06 14:00:00,Jaipur,35,60,1017,18.7,21.4,175,Rainy
2025-04-06 15:00:00,Lucknow,21,49,985,24.7,24.4,275,Clear
2025-04-06 16:00:00,Bengaluru,39,85,1014,12.5,64.5,246,Storm
2025-04-06 17:00:00,Jaipur,31,60,1034,21.4,26.2,244,Rainy
2025-04-06 18:00:00,Pune,18,95,1026,3.1,59.1,106,Sunny
2025-04-06 19:00:00,Bengaluru,23,40,1016,20.8,47.1,215,Fog
2025-04-06 20:00:00,Hyderabad,25,38,1028,11.7,3.3,255,Sunny
2025-04-06 21:00:00,Ahmedabad,25,57,983,4.4,94.4,261,Fog
2025-04-06 22:00:00,Delhi,36,34,984,3.5,108.3,323,Fog
2025-04-06 23:00:00,Hyderabad,36,29,1002,1.6,48.5,97,Storm
2025-04-07 00:00:00,Delhi,18,78,1024,18.7,40.5,88,Rainy
2025-04-07 01:00:00,Chennai,33,44,1006,10.4,99.2,262,Clear
2025-04-07 02:00:00,Mumbai,40,37,1017,10.3,58.0,66,Fog
2025-04-07 03:00:00,Bengaluru,20,80,1013,14.6,90.7,321,Fog
2025-04-07 04:00:00,Lucknow,29,95,1029,7.3,95.6,251,Cloudy
2025-04-07 05:00:00,Jaipur,32,28,997,11.8,26.6,317,Sunny
2025-04-07 06:00:00,Pune,18,60,1034,16.0,18.2,97,Fog
2025-04-07 07:00:00,Bengaluru,26,31,995,11.4,37.0,55,Storm
2025-04-07 08:00:00,Chennai,41,78,1017,9.9,112.7,123,Clear
2025-04-07 09:00:00,Ahmedabad,24,72,1007,14.0,8.0,147,Fog
2025-04-07 10:00:00,Pune,36,66,1007,20.8,17.8,281,Rainy
2025-04-07 11:00:00,Hyderabad,30,84,1028,2.9,19.1,225,Clear
2025-04-07 12:00:00,Bengaluru,24,73,980,16.5,86.4,57,Rainy
2025-04-07 13:00:00,Bengaluru,25,74,987,19.0,99.4,167,Sunny
2025-04-07 14:00:00,Ahmedabad,41,25,992,1.6,96.3,238,Storm
2025-04-07 15:00:00,Hyderabad,36,93,993,16.9,86.1,273,Cloudy
2025-04-07 16:00:00,Delhi,39,32,996,5.9,49.1,259,Sunny
2025-04-07 17:00:00,Pune,25,54,998,20.3,67.6,268,Storm
2025-04-07 18:00:00,Pune,25,25,1002,10.3,62.7,177,Cloudy
2025-04-07 19:00:00,Bengaluru,38,61,1000,19.0,110.8,337,Cloudy
2025-04-07 20:00:00,Mumbai,34,36,994,24.5,111.8,254,Cloudy
2025-04-07 21:00:00,Ahmedabad,29,26,1015,22.7,67.2,61,Sunny
2025-04-07 22:00:00,Hyderabad,38,87,995,6.9,67.4,278,Sunny
2025-04-07 23:00:00,Kolkata,26,53,989,4.2,17.9,99,Storm
2025-04-08 00:00:00,Kolkata,22,76,1032,8.8,26.8,289,Storm
2025-04-08 01:00:00,Hyderabad,39,40,1022,19.4,19.6,208,Fog
2025-04-08 02:00:00,Hyderabad,28,55,1010,24.2,82.8,232,Fog
2025-04-08 03:00:00,Lucknow,37,87,987,11.3,114.7,144,Cloudy
2025-04-08 04:00:00,Mumbai,20,71,1004,3.9,56.3,192,Fog
2025-04-08 05:00:00,Ahmedabad,23,95,999,7.4,118.7,180,Storm
2025-04-08 06:00:00,Ahmedabad,35,54,984,8.0,62.3,210,Rainy
2025-04-08 07:00:00,Pune,42,50,1016,3.6,39.6,171,Rainy
2025-04-08 08:00:00,Delhi,24,50,984,13.9,57.7,92,Clear
2025-04-08 09:00:00,Jaipur,32,50,1035,16.5,107.0,264,Sunny
2025-04-08 10:00:00,Ahmedabad,25,51,1017,8.7,3.5,171,Storm
2025-04-08 11:00:00,Jaipur,36,47,997,16.4,58.7,77,Clear
2025-04-08 12:00:00,Kolkata,28,56,1012,5.5,15.2,84,Cloudy
2025-04-08 13:00:00,Chennai,22,64,993,15.7,71.5,106,Fog
2025-04-08 14:00:00,Chennai,26,93,1014,3.5,23.4,281,Sunny
2025-04-08 15:00:00,Pune,20,92,1031,4.2,69.6,80,Fog
2025-04-08 16:00:00,Pune,23,64,990,1.1,52.3,219,Storm
2025-04-08 17:00:00,Ahmedabad,22,82,981,7.3,40.1,323,Clear
2025-04-08 18:00:00,Jaipur,33,56,1013,15.4,74.6,307,Clear
2025-04-08 19:00:00,Pune,20,91,983,19.7,70.5,260,Clear
2025-04-08 20:00:00,Pune,18,69,1033,10.4,29.5,108,Cloudy
2025-04-08 21:00:00,Bengaluru,38,73,985,1.8,82.7,292,Cloudy
2025-04-08 22:00:00,Mumbai,27,28,980,4.1,60.8,172,Sunny
2025-04-08 23:00:00,Pune,36,65,1001,14.8,115.5,224,Storm
2025-04-09 00:00:00,Bengaluru,42,66,1016,24.0,27.5,273,Sunny
2025-04-09 01:00:00,Delhi,27,25,1012,11.0,62.8,173,Sunny
2025-04-09 02:00:00,Jaipur,28,84,989,23.5,56.9,264,Sunny
2025-04-09 03:00:00,Pune,23,65,1016,10.7,57.1,249,Cloudy
2025-04-09 04:00:00,Pune,38,78,1024,2.0,2.2,222,Sunny
2025-04-09 05:00:00,Jaipur,40,62,999,22.6,116.0,97,Cloudy
2025-04-09 06:00:00,Delhi,37,78,986,20.4,72.5,316,Storm
2025-04-09 07:00:00,Kolkata,22,56,1014,5.3,19.3,83,Clear
2025-04-09 08:00:00,Pune,35,51,1009,24.2,71.7,318,Fog
2025-04-09 09:00:00,Lucknow,26,43,1012,8.3,19.2,119,Clear
2025-04-09 10:00:00,Ahmedabad,27,54,980,4.4,17.0,212,Fog
2025-04-09 11:00:00,Lucknow,32,31,984,6.8,10.7,301,Storm
2025-04-09 12:00:00,Pune,37,65,1002,23.8,72.0,281,Clear
2025-04-09 13:00:00,Hyderabad,30,62,1025,20.6,96.1,53,Sunny
2025-04-09 14:00:00,Delhi,18,78,1019,10.6,16.1,276,Rainy
2025-04-09 15:00:00,Kolkata,40,37,1024,1.8,105.3,328,Sunny
2025-04-09 16:00:00,Bengaluru,33,30,1009,21.4,50.3,192,Rainy
2025-04-09 17:00:00,Delhi,19,28,1025,5.6,27.6,30,Rainy
2025-04-09 18:00:00,Pune,35,56,1005,11.6,98.0,330,Fog
2025-04-09 19:00:00,Bengaluru,22,41,986,4.1,49.8,175,Cloudy
2025-04-09 20:00:00,Chennai,20,90,996,12.1,19.1,253,Clear
2025-04-09 21:00:00,Pune,38,27,1027,8.3,32.5,64,Cloudy
2025-04-09 22:00:00,Lucknow,33,40,1011,11.7,103.6,346,Fog
2025-04-09 23:00:00,Delhi,29,81,996,14.6,47.5,322,Storm
2025-04-10 00:00:00,Delhi,38,85,1027,5.1,34.9,280,Cloudy
2025-04-10 01:00:00,Kolkata,19,48,996,20.0,119.4,267,Rainy
2025-04-10 02:00:00,Ahmedabad,33,87,1008,20.4,98.7,302,Cloudy
2025-04-10 03:00:00,Chennai,31,54,1025,14.0,47.2,88,Sunny
2025-04-10 04:00:00,Mumbai,35,45,1010,24.4,61.1,90,Cloudy
2025-04-10 05:00:00,Chennai,39,26,993,15.2,91.0,106,Sunny
2025-04-10 06:00:00,Lucknow,41,43,1007,20.6,23.0,242,Fog
2025-04-10 07:00:00,Lucknow,29,82,1010,1.4,74.7,151,Cloudy
2025-04-10 08:00:00,Ahmedabad,35,85,1034,17.6,101.9,271,Cloudy
2025-04-10 09:00:00,Hyderabad,18,29,1030,24.9,112.5,208,Rainy
2025-04-10 10:00:00,Kolkata,25,25,1031,13.6,79.4,121,Storm
2025-04-10 11:00:00,Kolkata,36,25,994,20.3,82.9,68,Storm
2025-04-10 12:00:00,Pune,34,41,1025,16.1,105.0,299,Sunny
2025-04-10 13:00:00,Delhi,27,26,1032,10.3,21.3,110,Cloudy
2025-04-10 14:00:00,Lucknow,33,47,982,17.9,43.1,253,Sunny
2025-04-10 15:00:00,Delhi,33,26,998,9.2,45.4,116,Fog
2025-04-10 16:00:00,Mumbai,24,83,1013,3.3,108.0,104,Cloudy
2025-04-10 17:00:00,Jaipur,41,73,996,1.9,45.6,108,Storm
2025-04-10 18:00:00,Bengaluru,24,79,1033,15.0,36.7,308,Sunny
2025-04-10 19:00:00,Kolkata,37,77,1009,0.8,14.1,206,Rainy
2025-04-10 20:00:00,Ahmedabad,41,54,1000,10.2,0.1,92,Rainy
2025-04-10 21:00:00,Bengaluru,19,32,994,9.2,15.5,130,Cloudy
2025-04-10 22:00:00,Ahmedabad,32,55,1020,0.8,7.2,252,Sunny
2025-04-10 23:00:00,Delhi,29,45,993,6.6,112.1,34,Storm
2025-04-11 00:00:00,Pune,28,51,990,17.4,97.7,261,Clear
2025-04-11 01:00:00,Pune,25,32,1026,2.0,102.7,205,Cloudy
2025-04-11 02:00:00,Delhi,31,88,1033,14.5,38.1,310,Storm
2025-04-11 03:00:00,Kolkata,32,89,983,3.3,82.9,188,Storm
2025-04-11 04:00:00,Jaipur,41,34,1024,6.6,61.2,81,Sunny
2025-04-11 05:00:00,Delhi,20,87,1028,9.5,54.0,157,Rainy
2025-04-11 06:00:00,Bengaluru,34,29,1031,12.4,58.7,326,Storm
2025-04-11 07:00:00,Chennai,37,70,1006,23.5,29.0,91,Storm
2025-04-11 08:00:00,Jaipur,24,63,1023,11.5,97.7,36,Sunny
2025-04-11 09:00:00,Ahmedabad,28,89,1016,7.2,26.2,323,Fog
2025-04-11 10:00:00,Pune,21,94,983,13.5,104.7,299,Fog
2025-04-11 11:00:00,Ahmedabad,40,25,1022,18.6,83.2,243,Cloudy
2025-04-11 12:00:00,Delhi,40,50,1032,10.0,75.0,47,Rainy
2025-04-11 13:00:00,Pune,36,51,1023,8.6,88.9,152,Fog
2025-04-11 14:00:00,Chennai,42,66,1026,14.7,113.5,36,Clear
2025-04-11 15:00:00,Delhi,38,91,1008,1.1,46.9,96,Clear
2025-04-11 16:00:00,Kolkata,28,57,986,8.9,12.3,202,Cloudy
2025-04-11 17:00:00,Lucknow,31,34,1002,16.6,73.4,319,Fog
2025-04-11 18:00:00,Delhi,35,26,1022,3.0,85.1,112,Storm
2025-04-11 19:00:00,Kolkata,42,73,988,17.8,105.5,184,Storm
2025-04-11 20:00:00,Kolkata,21,32,1025,8.0,46.3,206,Cloudy
2025-04-11 21:00:00,Lucknow,36,72,986,14.0,6.6,223,Rainy
2025-04-11 22:00:00,Delhi,39,40,997,8.0,2.9,334,Storm
2025-04-11 23:00:00,Mumbai,31,34,989,7.8,64.0,129,Cloudy
2025-04-12 00:00:00,Ahmedabad,36,76,1020,20.3,18.6,268,Storm
2025-04-12 01:00:00,Kolkata,31,59,981,15.6,3.7,261,Cloudy
2025-04-12 02:00:00,Mumbai,22,75,987,21.0,57.9,349,Sunny
2025-04-12 03:00:00,Bengaluru,28,35,990,15.0,81.0,108,Fog
2025-04-12 04:00:00,Delhi,20,60,1028,8.1,4.1,41,Sunny
2025-04-12 05:00:00,Pune,40,28,1018,15.5,22.6,222,Fog
2025-04-12 06:00:00,Delhi,18,36,1031,19.3,80.6,95,Sunny
2025-04-12 07:00:00,Ahmedabad,32,56,999,8.3,53.1,298,Sunny
2025-04-12 08:00:00,Ahmedabad,24,42,1005,14.4,48.4,324,Cloudy
2025-04-12 09:00:00,Jaipur,39,93,1009,8.8,79.6,209,Sunny
2025-04-12 10:00:00,Mumbai,28,25,1029,16.5,99.1,38,Storm
2025-04-12 11:00:00,Lucknow,41,61,1001,11.7,34.3,244,Storm
2025-04-12 12:00:00,Kolkata,29,58,1015,18.3,86.5,49,Cloudy
2025-04-12 13:00:00,Ahmedabad,28,86,980,20.5,31.8,343,Fog
2025-04-12 14:00:00,Hyderabad,38,64,1033,19.6,88.1,285,Cloudy
2025-04-12 15:00:00,Kolkata,39,64,980,2.4,11.0,290,Sunny
2025-04-12 16:00:00,Bengaluru,42,64,1035,21.0,108.7,44,Storm
2025-04-12 17:00:00,Jaipur,30,37,989,1.6,25.0,326,Cloudy
2025-04-12 18:00:00,Mumbai,36,28,997,21.2,104.6,30,Storm
2025-04-12 19:00:00,Ahmedabad,29,56,1011,24.2,6.9,254,Clear
2025-04-12 20:00:00,Jaipur,22,50,1026,24.7,23.7,306,Rainy
2025-04-12 21:00:00,Pune,20,40,1019,10.8,77.3,38,Fog
2025-04-12 22:00:00,Hyderabad,28,48,986,7.7,95.7,154,Clear
2025-04-12 23:00:00,Bengaluru,23,61,1004,10.4,88.3,226,Sunny
2025-04-13 00:00:00,Pune,26,53,1034,24.0,106.0,62,Rainy
2025-04-13 01:00:00,Delhi,35,64,986,4.6,98.0,210,Rainy
2025-04-13 02:00:00,Kolkata,35,37,1017,9.7,72.8,218,Fog
2025-04-13 03:00:00,Ahmedabad,42,28,1001,22.6,94.5,236,Rainy
2025-04-13 04:00:00,Lucknow,28,41,1000,12.3,95.9,209,Sunny
2025-04-13 05:00:00,Kolkata,32,43,1030,12.0,4.4,265,Sunny
2025-04-13 06:00:00,Lucknow,41,60,1007,11.0,110.7,201,Fog
2025-04-13 07:00:00,Ahmedabad,32,48,995,11.1,97.3,73,Clear
2025-04-13 08:00:00,Lucknow,28,50,1026,17.4,2.4,203,Rainy
2025-04-13 09:00:00,Hyderabad,25,63,981,18.2,51.4,105,Sunny
2025-04-13 10:00:00,Lucknow,29,39,1003,22.9,51.9,271,Clear
2025-04-13 11:00:00,Bengaluru,20,44,1028,22.1,111.6,249,Clear
2025-04-13 12:00:00,Pune,30,35,1002,8.7,80.2,91,Fog
2025-04-13 13:00:00,Jaipur,27,74,1012,4.4,8.5,143,Storm
2025-04-13 14:00:00,Lucknow,37,77,1022,3.4,34.6,106,Storm
2025-04-13 15:00:00,Bengaluru,30,71,1035,17.8,18.7,185,Fog
2025-04-13 16:00:00,Mumbai,22,69,1031,7.0,81.3,264,Fog
2025-04-13 17:00:00,Pune,40,48,1002,10.0,112.5,236,Sunny
2025-04-13 18:00:00,Bengaluru,18,48,981,2.8,4.3,232,Cloudy
2025-04-13 19:00:00,Mumbai,32,68,1022,15.5,101.3,211,Rainy
2025-04-13 20:00:00,Mumbai,39,44,1013,24.0,63.2,265,Fog
2025-04-13 21:00:00,Lucknow,19,32,981,18.1,69.4,94,Fog
2025-04-13 22:00:00,Jaipur,38,54,999,10.4,51.0,84,Clear
2025-04-13 23:00:00,Lucknow,21,49,988,23.9,80.8,245,Storm
2025-04-14 00:00:00,Lucknow,20,76,999,1.9,115.8,146,Clear
2025-04-14 01:00:00,Lucknow,41,89,1029,9.8,0.6,345,Clear
2025-04-14 02:00:00,Pune,33,26,992,19.6,97.1,167,Cloudy
2025-04-14 03:00:00,Jaipur,39,27,1004,15.4,64.3,177,Fog
2025-04-14 04:00:00,Bengaluru,31,86,1015,8.3,89.5,263,Rainy
2025-04-14 05:00:00,Bengaluru,36,89,994,11.6,110.0,75,Fog
2025-04-14 06:00:00,Delhi,25,41,1033,22.1,93.9,155,Sunny
2025-04-14 07:00:00,Pune,23,30,1003,23.9,20.2,270,Cloudy
2025-04-14 08:00:00,Bengaluru,31,85,998,22.3,102.1,302,Rainy
2025-04-14 09:00:00,Mumbai,35,34,989,24.7,17.6,148,Sunny
2025-04-14 10:00:00,Mumbai,26,63,983,11.2,113.9,84,Storm
2025-04-14 11:00:00,Jaipur,25,63,1020,5.1,2.3,304,Storm
2025-04-14 12:00:00,Mumbai,18,57,1002,0.5,78.5,146,Storm
2025-04-14 13:00:00,Lucknow,30,68,1022,6.4,82.5,186,Fog
2025-04-14 14:00:00,Jaipur,22,69,1000,16.4,4.4,339,Storm
2025-04-14 15:00:00,Ahmedabad,28,40,1012,14.1,114.4,307,Storm
2025-04-14 16:00:00,Hyderabad,23,81,1008,14.6,67.2,86,Fog
2025-04-14 17:00:00,Lucknow,21,68,1021,1.1,75.7,171,Storm
2025-04-14 18:00:00,Kolkata,21,64,1034,23.3,76.0,312,Fog
2025-04-14 19:00:00,Mumbai,28,30,984,4.2,96.5,252,Fog
2025-04-14 20:00:00,Chennai,18,66,990,10.9,80.0,193,Rainy
2025-04-14 21:00:00,Mumbai,36,28,987,16.7,60.5,325,Storm
2025-04-14 22:00:00,Pune,33,35,1017,12.9,115.2,329,Clear
2025-04-14 23:00:00,Hyderabad,38,26,997,12.5,0.8,263,Storm
2025-04-15 00:00:00,Bengaluru,19,39,1029,10.1,55.6,66,Cloudy
2025-04-15 01:00:00,Pune,32,72,988,15.0,20.1,198,Rainy
2025-04-15 02:00:00,Delhi,35,63,1004,22.8,86.0,144,Storm
2025-04-15 03:00:00,Lucknow,31,69,1001,23.4,11.5,94,Cloudy
2025-04-15 04:00:00,Hyderabad,22,88,985,9.5,29.2,312,Sunny
2025-04-15 05:00:00,Kolkata,41,41,984,11.1,57.3,62,Clear
2025-04-15 06:00:00,Kolkata,28,55,999,13.6,63.2,92,Sunny
2025-04-15 07:00:00,Lucknow,18,52,1001,9.3,29.2,114,Storm
2025-04-15 08:00:00,Kolkata,31,57,1026,17.2,66.1,79,Fog
2025-04-15 09:00:00,Kolkata,28,70,1010,14.9,29.9,79,Clear
2025-04-15 10:00:00,Pune,19,43,985,9.0,56.8,275,Storm
2025-04-15 11:00:00,Chennai,40,51,995,22.4,55.4,190,Rainy
2025-04-15 12:00:00,Mumbai,32,64,989,20.3,40.3,109,Cloudy
2025-04-15 13:00:00,Pune,18,94,995,24.0,104.7,262,Fog
2025-04-15 14:00:00,Kolkata,20,52,1026,2.9,75.6,156,Rainy
2025-04-15 15:00:00,Pune,42,26,1000,5.5,4.6,137,Rainy
2025-04-15 16:00:00,Hyderabad,29,53,982,19.3,54.5,54,Fog
2025-04-15 17:00:00,Kolkata,34,92,1021,17.4,30.3,250,Sunny
2025-04-15 18:00:00,Bengaluru,39,36,1021,6.8,20.0,269,Sunny
2025-04-15 19:00:00,Kolkata,40,92,986,22.7,69.3,116,Clear
2025-04-15 20:00:00,Lucknow,34,74,1032,5.0,27.8,329,Fog
2025-04-15 21:00:00,Hyderabad,23,86,1016,8.7,54.5,120,Sunny
2025-04-15 22:00:00,Mumbai,41,58,995,24.0,74.1,87,Storm
2025-04-15 23:00:00,Delhi,36,33,980,20.4,5.7,113,Rainy
2025-04-16 00:00:00,Chennai,18,46,1009,7.2,16.0,288,Sunny
2025-04-16 01:00:00,Delhi,36,55,1017,21.8,33.7,128,Cloudy
2025-04-16 02:00:00,Jaipur,23,70,1024,5.3,115.8,85,Rainy
2025-04-16 03:00:00,Mumbai,36,26,1022,16.5,91.2,171,Clear
2025-04-16 04:00:00,Lucknow,20,27,1002,24.8,119.6,48,Storm
2025-04-16 05:00:00,Mumbai,32,81,1018,17.8,23.7,73,Fog
2025-04-16 06:00:00,Delhi,30,90,1010,8.0,65.3,330,Clear
2025-04-16 07:00:00,Chennai,25,48,996,9.0,104.2,219,Clear
2025-04-16 08:00:00,Hyderabad,23,26,1031,23.4,78.7,152,Fog
2025-04-16 09:00:00,Jaipur,35,73,1018,21.6,19.6,45,Rainy
2025-04-16 10:00:00,Chennai,23,87,1031,6.4,77.7,275,Cloudy
2025-04-16 11:00:00,Hyderabad,33,25,986,7.0,89.8,260,Cloudy
2025-04-16 12:00:00,Kolkata,25,68,1004,20.1,54.6,224,Storm
2025-04-16 13:00:00,Chennai,26,62,990,2.7,37.7,33,Sunny
2025-04-16 14:00:00,Jaipur,31,84,986,14.4,93.9,141,Cloudy
2025-04-16 15:00:00,Mumbai,20,83,1009,5.0,100.8,97,Cloudy
2025-04-16 16:00:00,Lucknow,41,43,990,6.5,19.5,306,Cloudy
2025-04-16 17:00:00,Delhi,41,68,1016,0.7,86.9,254,Storm
2025-04-16 18:00:00,Pune,34,58,1014,15.4,93.7,156,Sunny
2025-04-16 19:00:00,Pune,22,90,1014,13.8,85.6,124,Sunny
2025-04-16 20:00:00,Hyderabad,32,27,1032,19.4,42.5,312,Rainy
2025-04-16 21:00:00,Hyderabad,23,36,1013,16.8,99.9,306,Fog
2025-04-16 22:00:00,Ahmedabad,26,87,1016,13.7,83.9,42,Rainy
2025-04-16 23:00:00,Mumbai,31,45,994,1.4,79.3,349,Clear
2025-04-17 00:00:00,Ahmedabad,24,64,1014,1.7,88.5,217,Cloudy
2025-04-17 01:00:00,Chennai,23,66,984,6.5,115.3,129,Cloudy
2025-04-17 02:00:00,Ahmedabad,18,25,1018,10.0,109.0,89,Clear
2025-04-17 03:00:00,Jaipur,33,57,1008,0.8,3.3,350,Cloudy
2025-04-17 04:00:00,Lucknow,27,59,1015,17.5,76.2,100,Sunny
2025-04-17 05:00:00,Pune,34,43,1009,6.2,8.6,65,Clear
2025-04-17 06:00:00,Delhi,29,49,1022,2.1,19.1,57,Cloudy
2025-04-17 07:00:00,Ahmedabad,29,29,990,3.5,86.6,38,Storm
2025-04-17 08:00:00,Mumbai,20,59,1025,9.3,48.2,345,Rainy
2025-04-17 09:00:00,Bengaluru,18,61,1011,12.9,97.5,284,Storm
2025-04-17 10:00:00,Kolkata,19,59,1030,8.2,118.5,115,Rainy
2025-04-17 11:00:00,Kolkata,20,42,999,25.0,49.4,347,Fog
2025-04-17 12:00:00,Kolkata,38,60,993,7.5,65.3,181,Fog
2025-04-17 13:00:00,Lucknow,18,65,1026,21.8,71.2,164,Cloudy
2025-04-17 14:00:00,Chennai,26,90,1012,16.1,45.1,70,Storm
2025-04-17 15:00:00,Ahmedabad,41,33,1034,10.2,55.8,328,Rainy
2025-04-17 16:00:00,Kolkata,40,65,1033,3.8,35.1,135,Fog
2025-04-17 17:00:00,Jaipur,31,37,1018,22.0,51.1,51,Cloudy
2025-04-17 18:00:00,Chennai,30,63,990,16.8,35.8,297,Storm
2025-04-17 19:00:00,Pune,27,64,1034,23.8,78.0,164,Rainy
2025-04-17 20:00:00,Lucknow,30,92,1015,20.0,32.6,248,Storm
2025-04-17 21:00:00,Ahmedabad,38,81,1009,14.5,46.6,341,Fog
2025-04-17 22:00:00,Jaipur,35,47,1026,22.4,66.7,46,Fog
2025-04-17 23:00:00,Hyderabad,24,85,1030,9.7,58.1,323,Storm
2025-04-18 00:00:00,Pune,25,60,1002,12.2,119.6,271,Sunny
2025-04-18 01:00:00,Mumbai,29,28,1017,14.2,110.4,294,Rainy
2025-04-18 02:00:00,Hyderabad,30,62,1028,21.9,56.1,211,Storm
2025-04-18 03:00:00,Delhi,18,67,1026,3.4,32.1,304,Cloudy
2025-04-18 04:00:00,Lucknow,18,83,980,14.2,59.2,160,Storm
2025-04-18 05:00:00,Lucknow,42,67,981,10.4,26.7,209,Cloudy
2025-04-18 06:00:00,Pune,29,36,1015,20.6,55.3,303,Rainy
2025-04-18 07:00:00,Jaipur,36,43,1029,5.8,51.7,99,Sunny
2025-04-18 08:00:00,Mumbai,33,76,997,19.3,104.3,108,Clear
2025-04-18 09:00:00,Mumbai,22,84,992,22.8,70.7,341,Sunny
2025-04-18 10:00:00,Pune,33,48,997,16.5,28.8,263,Sunny
2025-04-18 11:00:00,Pune,27,28,1014,24.5,41.2,303,Storm
2025-04-18 12:00:00,Hyderabad,33,60,996,15.4,58.0,149,Rainy
2025-04-18 13:00:00,Kolkata,41,38,1035,3.8,63.6,116,Cloudy
2025-04-18 14:00:00,Delhi,40,42,1011,23.0,23.9,306,Rainy
2025-04-18 15:00:00,Ahmedabad,40,87,980,2.0,56.7,335,Sunny
2025-04-18 16:00:00,Hyderabad,25,40,1025,21.7,44.2,340,Cloudy
2025-04-18 17:00:00,Delhi,26,89,993,18.1,79.6,128,Clear
2025-04-18 18:00:00,Hyderabad,37,95,985,10.8,7.7,197,Clear
2025-04-18 19:00:00,Pune,24,58,1032,4.4,2.5,133,Cloudy
2025-04-18 20:00:00,Lucknow,41,59,1018,22.8,82.4,79,Clear
2025-04-18 21:00:00,Delhi,40,36,1026,23.9,76.7,276,Sunny
2025-04-18 22:00:00,Bengaluru,35,41,1021,12.7,101.6,272,Clear
2025-04-18 23:00:00,Mumbai,41,36,1023,17.2,5.3,309,Rainy
2025-04-19 00:00:00,Kolkata,34,52,984,17.1,14.8,279,Storm
2025-04-19 01:00:00,Bengaluru,24,48,984,19.5,0.5,339,Sunny
2025-04-19 02:00:00,Bengaluru,21,69,1000,23.8,23.6,33,Clear
2025-04-19 03:00:00,Lucknow,40,37,1015,23.9,110.9,152,Clear
2025-04-19 04:00:00,Jaipur,37,62,1012,4.6,12.5,274,Fog
2025-04-19 05:00:00,Bengaluru,20,37,981,19.0,31.2,67,Storm
2025-04-19 06:00:00,Lucknow,25,31,1020,4.7,113.4,201,Cloudy
2025-04-19 07:00:00,Pune,38,83,1003,19.0,7.3,152,Sunny
2025-04-19 08:00:00,Bengaluru,25,50,980,18.0,86.0,189,Rainy
2025-04-19 09:00:00,Jaipur,27,95,1006,22.7,18.7,174,Cloudy
2025-04-19 10:00:00,Mumbai,25,49,991,17.1,45.2,277,Sunny
2025-04-19 11:00:00,Jaipur,42,60,989,17.5,17.2,152,Sunny
2025-04-19 12:00:00,Ahmedabad,27,74,995,23.8,110.8,233,Fog
2025-04-19 13:00:00,Lucknow,28,55,1013,9.4,9.7,236,Sunny
2025-04-19 14:00:00,Delhi,36,29,1005,1.2,115.5,277,Clear
2025-04-19 15:00:00,Kolkata,36,56,1009,3.0,55.1,144,Clear
2025-04-19 16:00:00,Bengaluru,27,87,1032,18.4,44.1,125,Clear
2025-04-19 17:00:00,Pune,32,67,1011,15.6,118.1,51,Fog
2025-04-19 18:00:00,Pune,26,68,993,10.4,102.9,329,Cloudy
2025-04-19 19:00:00,Lucknow,36,88,1029,3.2,55.9,103,Cloudy
2025-04-19 20:00:00,Mumbai,35,29,1033,9.2,35.2,349,Clear
2025-04-19 21:00:00,Kolkata,29,30,985,20.7,30.1,330,Storm
2025-04-19 22:00:00,Mumbai,27,51,1008,17.2,40.0,149,Storm
2025-04-19 23:00:00,Lucknow,36,52,992,2.0,57.3,36,Cloudy
2025-04-20 00:00:00,Kolkata,18,73,992,13.0,36.5,223,Rainy
2025-04-20 01:00:00,Mumbai,36,85,1035,10.4,44.2,319,Cloudy
2025-04-20 02:00:00,Kolkata,36,64,981,14.1,72.1,76,Sunny
2025-04-20 03:00:00,Chennai,26,55,988,10.5,72.6,322,Fog
2025-04-20 04:00:00,Kolkata,39,72,1005,10.7,64.3,258,Storm
2025-04-20 05:00:00,Hyderabad,36,71,1009,13.8,53.0,165,Clear
2025-04-20 06:00:00,Ahmedabad,18,68,990,3.0,110.3,251,Cloudy
2025-04-20 07:00:00,Chennai,37,90,1033,2.5,36.5,183,Cloudy
2025-04-20 08:00:00,Kolkata,20,86,992,5.8,90.5,219,Fog
2025-04-20 09:00:00,Jaipur,38,32,988,18.1,27.0,94,Storm
2025-04-20 10:00:00,Lucknow,22,78,1023,23.6,109.3,180,Cloudy
2025-04-20 11:00:00,Mumbai,33,45,989,23.6,118.6,279,Clear
2025-04-20 12:00:00,Pune,34,71,1025,9.8,43.2,333,Storm
2025-04-20 13:00:00,Mumbai,27,79,1023,15.4,13.4,105,Cloudy
2025-04-20 14:00:00,Pune,30,34,1007,12.8,85.3,199,Cloudy
2025-04-20 15:00:00,Bengaluru,33,35,1022,8.0,57.2,143,Sunny
2025-04-20 16:00:00,Hyderabad,40,30,1013,23.5,47.1,127,Storm
2025-04-20 17:00:00,Mumbai,24,88,1027,18.7,61.1,34,Sunny
2025-04-20 18:00:00,Ahmedabad,41,44,1004,12.3,104.7,230,Rainy
2025-04-20 19:00:00,Lucknow,42,63,1005,1.1,37.3,344,Fog
2025-04-20 20:00:00,Hyderabad,22,62,984,4.5,59.6,325,Clear
2025-04-20 21:00:00,Jaipur,36,88,981,14.1,36.8,263,Clear
2025-04-20 22:00:00,Delhi,24,38,991,18.9,5.6,69,Cloudy
2025-04-20 23:00:00,Hyderabad,26,48,1011,3.8,39.1,31,Clear
2025-04-21 00:00:00,Hyderabad,26,70,994,9.8,62.6,170,Cloudy
2025-04-21 01:00:00,Kolkata,29,42,1032,3.7,33.6,213,Fog
2025-04-21 02:00:00,Delhi,42,91,1027,5.1,47.5,47,Sunny
2025-04-21 03:00:00,Kolkata,28,28,998,9.0,43.9,287,Storm
2025-04-21 04:00:00,Delhi,37,36,1027,7.4,65.2,234,Fog
2025-04-21 05:00:00,Delhi,28,94,1022,5.2,65.4,292,Storm
2025-04-21 06:00:00,Chennai,36,75,981,9.7,40.1,272,Cloudy
2025-04-21 07:00:00,Hyderabad,35,72,992,5.6,37.3,190,Cloudy
2025-04-21 08:00:00,Delhi,30,65,1014,14.4,46.7,287,Cloudy
2025-04-21 09:00:00,Pune,36,47,986,7.4,64.7,164,Clear
2025-04-21 10:00:00,Lucknow,42,56,1018,3.7,18.9,84,Cloudy
2025-04-21 11:00:00,Kolkata,27,52,1023,18.2,41.3,131,Sunny
2025-04-21 12:00:00,Bengaluru,23,42,1024,15.7,19.0,80,Clear
2025-04-21 13:00:00,Bengaluru,26,86,1025,15.0,72.3,197,Rainy
2025-04-21 14:00:00,Bengaluru,24,78,1026,22.0,83.2,286,Clear
2025-04-21 15:00:00,Mumbai,42,77,998,15.1,54.7,83,Rainy
2025-04-21 16:00:00,Kolkata,38,43,988,24.1,4.6,307,Cloudy
2025-04-21 17:00:00,Pune,23,90,997,19.5,45.1,168,Clear
2025-04-21 18:00:00,Kolkata,25,75,1016,6.0,115.0,300,Fog
2025-04-21 19:00:00,Kolkata,28,81,983,22.3,36.0,343,Cloudy
2025-04-21 20:00:00,Bengaluru,34,71,998,20.4,25.6,108,Clear
2025-04-21 21:00:00,Ahmedabad,37,67,1001,3.3,55.1,304,Rainy
2025-04-21 22:00:00,Lucknow,32,48,999,4.1,4.2,285,Rainy
2025-04-21 23:00:00,Lucknow,22,35,994,21.1,41.3,63,Storm
2025-04-22 00:00:00,Ahmedabad,33,58,1012,8.7,92.6,349,Cloudy
2025-04-22 01:00:00,Delhi,19,88,1017,11.1,69.7,165,Clear
2025-04-22 02:00:00,Kolkata,29,28,991,14.5,119.4,182,Cloudy
2025-04-22 03:00:00,Lucknow,29,78,985,9.3,71.0,133,Rainy
2025-04-22 04:00:00,Lucknow,30,61,1033,23.7,1.9,330,Sunny
2025-04-22 05:00:00,Hyderabad,34,62,1027,7.5,109.5,326,Clear
2025-04-22 06:00:00,Delhi,37,88,1006,11.3,0.7,120,Storm
2025-04-22 07:00:00,Ahmedabad,31,48,1034,9.1,11.3,123,Storm
2025-04-22 08:00:00,Kolkata,36,52,984,3.3,24.7,215,Clear
2025-04-22 09:00:00,Lucknow,30,91,1021,3.8,30.2,131,Fog
2025-04-22 10:00:00,Chennai,18,84,1017,10.1,55.8,188,Storm
2025-04-22 11:00:00,Pune,41,51,1012,13.7,62.9,114,Clear
2025-04-22 12:00:00,Lucknow,41,73,993,4.3,60.7,47,Rainy
2025-04-22 13:00:00,Mumbai,35,31,980,18.5,108.8,173,Storm
2025-04-22 14:00:00,Pune,39,51,1030,15.6,68.7,115,Sunny
2025-04-22 15:00:00,Jaipur,37,61,999,14.5,28.6,95,Storm
2025-04-22 16:00:00,Bengaluru,35,83,982,12.1,61.3,304,Storm
2025-04-22 17:00:00,Pune,18,89,1010,2.9,3.2,168,Clear
2025-04-22 18:00:00,Chennai,20,71,1032,18.7,67.4,100,Storm
2025-04-22 19:00:00,Kolkata,41,34,993,12.9,107.3,281,Sunny
2025-04-22 20:00:00,Hyderabad,33,85,984,21.0,80.4,176,Cloudy
2025-04-22 21:00:00,Lucknow,29,86,996,2.0,41.2,160,Storm
2025-04-22 22:00:00,Hyderabad,23,25,1030,14.5,110.9,212,Sunny
2025-04-22 23:00:00,Lucknow,38,44,1024,22.2,54.8,255,Storm
2025-04-23 00:00:00,Bengaluru,20,51,1017,1.5,30.2,228,Fog
2025-04-23 01:00:00,Chennai,23,75,1001,13.6,108.6,223,Fog
2025-04-23 02:00:00,Chennai,38,33,990,15.0,67.9,261,Rainy
2025-04-23 03:00:00,Pune,38,47,1007,7.3,94.9,134,Storm
2025-04-23 04:00:00,Bengaluru,41,65,1034,22.2,79.8,208,Cloudy
2025-04-23 05:00:00,Mumbai,32,35,1005,18.3,117.2,291,Sunny
2025-04-23 06:00:00,Hyderabad,23,49,983,9.9,56.1,238,Cloudy
2025-04-23 07:00:00,Chennai,42,49,1017,6.0,43.8,85,Fog
2025-04-23 08:00:00,Hyderabad,38,60,1020,1.0,42.5,178,Clear
2025-04-23 09:00:00,Delhi,35,39,982,10.1,86.3,285,Storm
2025-04-23 10:00:00,Pune,36,91,988,10.7,87.9,56,Rainy
2025-04-23 11:00:00,Bengaluru,40,35,1005,23.0,29.6,291,Cloudy
2025-04-23 12:00:00,Bengaluru,34,91,983,11.3,54.9,134,Sunny
2025-04-23 13:00:00,Jaipur,18,68,1019,0.8,56.4,275,Fog
2025-04-23 14:00:00,Jaipur,31,76,1016,12.8,54.4,101,Storm
2025-04-23 15:00:00,Mumbai,25,45,1029,9.9,2.2,169,Storm
2025-04-23 16:00:00,Jaipur,18,38,1011,16.0,2.9,115,Clear
2025-04-23 17:00:00,Kolkata,36,60,1034,2.2,58.1,221,Clear
2025-04-23 18:00:00,Pune,37,48,988,20.8,37.3,349,Storm
2025-04-23 19:00:00,Ahmedabad,28,73,980,3.3,99.5,289,Storm
2025-04-23 20:00:00,Kolkata,33,33,1013,5.1,64.2,275,Sunny
2025-04-23 21:00:00,Chennai,19,27,1027,23.5,29.7,312,Clear
2025-04-23 22:00:00,Chennai,25,87,998,8.4,111.8,83,Sunny
2025-04-23 23:00:00,Hyderabad,28,35,1035,18.4,60.9,306,Rainy
2025-04-24 00:00:00,Bengaluru,24,86,1005,12.5,119.3,318,Fog
2025-04-24 01:00:00,Mumbai,30,33,1012,0.9,9.1,41,Sunny
2025-04-24 02:00:00,Delhi,22,72,986,16.3,57.6,101,Fog
2025-04-24 03:00:00,Chennai,41,38,988,4.7,6.1,220,Fog
2025-04-24 04:00:00,Delhi,38,43,1029,23.7,55.8,217,Fog
2025-04-24 05:00:00,Chennai,31,71,996,23.8,60.9,70,Rainy
2025-04-24 06:00:00,Ahmedabad,42,87,1019,20.4,38.5,113,Fog
2025-04-24 07:00:00,Jaipur,40,38,993,17.7,84.9,54,Storm
2025-04-24 08:00:00,Delhi,32,74,980,21.2,18.1,38,Cloudy
2025-04-24 09:00:00,Delhi,35,87,1034,20.8,45.0,201,Rainy
2025-04-24 10:00:00,Ahmedabad,40,34,997,21.0,21.6,328,Cloudy
2025-04-24 11:00:00,Pune,40,34,981,13.8,118.6,239,Fog
2025-04-24 12:00:00,Delhi,41,53,994,1.3,59.5,221,Clear
2025-04-24 13:00:00,Delhi,23,47,1009,17.2,82.1,242,Clear
2025-04-24 14:00:00,Lucknow,30,29,1029,19.0,13.4,273,Fog
2025-04-24 15:00:00,Delhi,29,50,997,0.6,56.5,244,Cloudy
2025-04-24 16:00:00,Delhi,41,87,988,15.0,119.8,182,Clear
2025-04-24 17:00:00,Delhi,26,33,1025,14.9,119.5,337,Rainy
2025-04-24 18:00:00,Delhi,41,37,989,9.2,7.2,198,Rainy
2025-04-24 19:00:00,Kolkata,38,55,1029,9.6,102.7,213,Fog
2025-04-24 20:00:00,Ahmedabad,39,81,1001,18.9,78.2,126,Rainy
2025-04-24 21:00:00,Jaipur,26,49,1021,13.6,119.5,187,Fog
2025-04-24 22:00:00,Hyderabad,25,92,1000,24.6,0.7,175,Cloudy
2025-04-24 23:00:00,Bengaluru,23,94,1018,4.2,28.9,291,Rainy
2025-04-25 00:00:00,Delhi,34,41,983,12.2,81.0,107,Rainy
2025-04-25 01:00:00,Kolkata,23,73,1009,14.8,90.7,49,Rainy
2025-04-25 02:00:00,Kolkata,29,61,1022,12.8,60.7,334,Clear
2025-04-25 03:00:00,Lucknow,35,47,980,13.1,42.3,189,Sunny
2025-04-25 04:00:00,Kolkata,38,45,1020,11.8,96.1,63,Storm
2025-04-25 05:00:00,Pune,39,84,1010,12.7,118.9,34,Clear
2025-04-25 06:00:00,Chennai,18,40,1021,15.8,49.0,229,Rainy
2025-04-25 07:00:00,Pune,31,29,1034,0.5,55.1,253,Rainy
2025-04-25 08:00:00,Delhi,20,33,1001,3.6,3.0,200,Rainy
2025-04-25 09:00:00,Hyderabad,29,93,1010,5.7,64.6,346,Sunny
2025-04-25 10:00:00,Bengaluru,19,70,981,15.3,36.9,86,Fog
2025-04-25 11:00:00,Lucknow,39,52,1013,22.8,108.7,78,Sunny
2025-04-25 12:00:00,Kolkata,31,80,1033,5.6,86.1,248,Cloudy
2025-04-25 13:00:00,Hyderabad,20,63,1019,8.1,115.9,112,Cloudy
2025-04-25 14:00:00,Chennai,35,87,1003,4.2,31.7,104,Cloudy
2025-04-25 15:00:00,Kolkata,20,32,989,4.8,28.3,154,Cloudy
2025-04-25 16:00:00,Chennai,41,51,992,17.8,1.0,178,Fog
2025-04-25 17:00:00,Lucknow,28,35,999,13.2,90.0,108,Sunny
2025-04-25 18:00:00,Kolkata,24,79,995,9.5,40.6,95,Storm
2025-04-25 19:00:00,Kolkata,39,26,1015,20.6,115.9,338,Cloudy
2025-04-25 20:00:00,Lucknow,41,94,993,8.5,43.6,185,Storm
2025-04-25 21:00:00,Delhi,37,43,1006,18.6,99.8,225,Sunny
2025-04-25 22:00:00,Bengaluru,39,44,997,5.5,54.6,73,Cloudy
2025-04-25 23:00:00,Delhi,36,60,1014,5.0,96.9,100,Cloudy
2025-04-26 00:00:00,Kolkata,28,34,1000,6.1,115.8,168,Clear
2025-04-26 01:00:00,Hyderabad,37,44,1030,12.9,66.8,284,Storm
2025-04-26 02:00:00,Kolkata,18,51,997,19.6,95.1,143,Rainy
2025-04-26 03:00:00,Chennai,24,59,990,24.0,81.8,140,Clear
2025-04-26 04:00:00,Chennai,26,30,1030,16.1,81.7,118,Storm
2025-04-26 05:00:00,Kolkata,23,70,1002,21.7,107.8,239,Fog
2025-04-26 06:00:00,Hyderabad,34,45,1021,15.4,32.8,68,Clear
2025-04-26 07:00:00,Ahmedabad,40,37,996,20.8,42.4,149,Storm
2025-04-26 08:00:00,Kolkata,26,94,1009,6.5,10.9,257,Cloudy
2025-04-26 09:00:00,Jaipur,36,62,985,21.6,82.2,331,Storm
2025-04-26 10:00:00,Jaipur,20,34,1005,17.0,60.8,51,Fog
2025-04-26 11:00:00,Mumbai,22,86,981,9.2,103.9,218,Fog
2025-04-26 12:00:00,Lucknow,29,57,1023,3.1,64.1,35,Fog
2025-04-26 13:00:00,Hyderabad,42,33,1016,23.3,5.5,216,Clear
2025-04-26 14:00:00,Hyderabad,30,90,1015,15.5,33.1,296,Storm
2025-04-26 15:00:00,Kolkata,40,35,1025,24.5,32.1,161,Sunny
2025-04-26 16:00:00,Lucknow,31,35,1008,17.1,56.0,63,Rainy
2025-04-26 17:00:00,Delhi,26,82,1009,22.2,113.3,322,Fog
2025-04-26 18:00:00,Ahmedabad,36,34,989,5.0,40.0,192,Rainy
2025-04-26 19:00:00,Ahmedabad,20,46,1029,15.9,90.5,143,Cloudy
2025-04-26 20:00:00,Pune,19,87,986,13.6,86.1,308,Cloudy
2025-04-26 21:00:00,Ahmedabad,28,53,1022,7.0,84.6,166,Clear
2025-04-26 22:00:00,Lucknow,20,70,995,24.6,30.5,300,Fog
2025-04-26 23:00:00,Ahmedabad,36,76,992,14.5,50.8,340,Rainy
2025-04-27 00:00:00,Lucknow,19,53,1006,20.4,36.7,190,Clear
2025-04-27 01:00:00,Chennai,36,65,1013,13.6,19.7,211,Rainy
2025-04-27 02:00:00,Bengaluru,32,35,1024,11.4,95.9,304,Fog
2025-04-27 03:00:00,Pune,27,48,1017,17.9,29.7,114,Sunny
2025-04-27 04:00:00,Mumbai,20,39,1018,12.0,85.9,210,Storm
2025-04-27 05:00:00,Delhi,24,54,985,21.9,58.6,139,Rainy
2025-04-27 06:00:00,Kolkata,38,76,993,23.2,82.0,294,Storm
2025-04-27 07:00:00,Jaipur,42,76,1025,19.6,82.5,154,Sunny
2025-04-27 08:00:00,Pune,33,54,1028,21.9,66.0,199,Sunny
2025-04-27 09:00:00,Kolkata,18,69,992,5.5,84.9,314,Cloudy
2025-04-27 10:00:00,Ahmedabad,21,91,1013,15.4,51.2,294,Rainy
2025-04-27 11:00:00,Jaipur,42,57,1012,15.1,1.7,69,Rainy
2025-04-27 12:00:00,Lucknow,30,41,1016,22.2,31.5,97,Fog
2025-04-27 13:00:00,Jaipur,22,71,1017,22.7,108.3,67,Clear
2025-04-27 14:00:00,Jaipur,29,94,1018,10.2,84.8,114,Cloudy
2025-04-27 15:00:00,Jaipur,32,72,1006,19.2,66.9,90,Sunny
2025-04-27 16:00:00,Hyderabad,34,48,1032,3.3,67.7,30,Rainy
2025-04-27 17:00:00,Pune,36,70,983,6.3,82.3,223,Sunny
2025-04-27 18:00:00,Ahmedabad,25,88,1032,1.1,107.4,243,Clear
2025-04-27 19:00:00,Kolkata,30,75,1030,14.2,20.8,61,Fog
2025-04-27 20:00:00,Lucknow,23,50,1024,23.4,33.5,101,Cloudy
2025-04-27 21:00:00,Kolkata,25,36,990,3.5,102.5,326,Storm
2025-04-27 22:00:00,Ahmedabad,30,64,1035,14.8,75.2,180,Sunny
2025-04-27 23:00:00,Hyderabad,30,40,988,13.6,91.5,225,Fog
2025-04-28 00:00:00,Delhi,34,52,996,14.4,90.5,68,Storm
2025-04-28 01:00:00,Bengaluru,20,39,1021,19.6,47.7,103,Rainy
2025-04-28 02:00:00,Hyderabad,18,52,995,14.2,6.9,101,Rainy
2025-04-28 03:00:00,Lucknow,41,93,988,14.3,65.6,121,Storm
2025-04-28 04:00:00,Lucknow,32,87,989,14.9,18.6,321,Cloudy
2025-04-28 05:00:00,Chennai,38,94,1035,4.4,63.1,210,Storm
2025-04-28 06:00:00,Pune,29,88,1017,17.5,81.2,275,Storm
2025-04-28 07:00:00,Bengaluru,39,39,1004,16.5,76.0,34,Clear
2025-04-28 08:00:00,Chennai,37,84,998,2.5,32.6,98,Fog
2025-04-28 09:00:00,Jaipur,33,38,980,16.0,50.8,131,Cloudy
2025-04-28 10:00:00,Delhi,26,48,988,15.9,102.0,334,Clear
2025-04-28 11:00:00,Ahmedabad,38,81,1000,8.6,103.0,198,Sunny
2025-04-28 12:00:00,Lucknow,36,58,984,11.7,31.5,230,Storm
2025-04-28 13:00:00,Hyderabad,24,60,1032,16.0,21.1,324,Fog
2025-04-28 14:00:00,Mumbai,40,77,1034,19.3,110.0,216,Rainy
2025-04-28 15:00:00,Chennai,26,81,982,14.4,62.8,130,Cloudy
2025-04-28 16:00:00,Pune,23,70,1016,5.8,3.3,228,Rainy
2025-04-28 17:00:00,Lucknow,23,26,981,0.8,3.7,277,Clear
2025-04-28 18:00:00,Lucknow,33,41,980,2.2,65.1,181,Fog
2025-04-28 19:00:00,Hyderabad,40,75,997,13.0,14.8,73,Sunny
2025-04-28 20:00:00,Chennai,40,32,983,9.7,107.0,251,Rainy
2025-04-28 21:00:00,Kolkata,27,74,1035,21.6,35.7,312,Storm
2025-04-28 22:00:00,Chennai,40,49,982,13.4,15.7,41,Storm
2025-04-28 23:00:00,Chennai,36,88,1018,6.0,38.2,137,Fog
2025-04-29 00:00:00,Delhi,20,77,1019,13.8,8.3,297,Sunny
2025-04-29 01:00:00,Lucknow,31,65,995,2.8,119.3,323,Rainy
2025-04-29 02:00:00,Lucknow,34,41,1004,20.3,86.8,279,Sunny
2025-04-29 03:00:00,Delhi,40,54,1009,0.9,26.1,258,Fog
2025-04-29 04:00:00,Delhi,38,82,1009,17.7,70.5,258,Fog
2025-04-29 05:00:00,Lucknow,23,45,986,23.5,73.9,127,Sunny
2025-04-29 06:00:00,Jaipur,33,81,1001,22.9,5.0,267,Rainy
2025-04-29 07:00:00,Mumbai,33,33,1025,15.3,2.5,330,Sunny
2025-04-29 08:00:00,Jaipur,38,59,1009,14.5,79.6,174,Sunny
2025-04-29 09:00:00,Hyderabad,29,35,983,17.4,41.6,143,Fog
2025-04-29 10:00:00,Lucknow,40,34,1029,0.7,7.1,153,Sunny
2025-04-29 11:00:00,Lucknow,31,85,980,19.5,32.8,118,Rainy
2025-04-29 12:00:00,Pune,29,79,1007,18.1,7.2,208,Storm
2025-04-29 13:00:00,Mumbai,28,88,1003,17.7,11.1,187,Clear
2025-04-29 14:00:00,Hyderabad,28,92,986,4.6,49.6,154,Clear
2025-04-29 15:00:00,Chennai,25,47,1018,11.0,111.3,55,Rainy
2025-04-29 16:00:00,Chennai,25,57,998,2.8,56.2,241,Sunny
2025-04-29 17:00:00,Kolkata,31,67,1035,0.9,115.5,134,Sunny
2025-04-29 18:00:00,Pune,39,93,1012,11.4,11.6,341,Rainy
2025-04-29 19:00:00,Mumbai,42,83,985,15.5,86.7,106,Cloudy
2025-04-29 20:00:00,Mumbai,39,94,1015,16.6,111.9,328,Clear
2025-04-29 21:00:00,Ahmedabad,19,48,1031,11.3,100.6,220,Sunny
2025-04-29 22:00:00,Kolkata,22,72,984,19.6,59.7,104,Storm
2025-04-29 23:00:00,Jaipur,22,41,1001,17.1,89.4,328,Rainy
2025-04-30 00:00:00,Mumbai,28,79,987,5.3,16.9,298,Cloudy
2025-04-30 01:00:00,Pune,40,62,1002,2.0,63.8,123,Sunny
2025-04-30 02:00:00,Pune,39,48,981,7.3,6.3,44,Fog
2025-04-30 03:00:00,Jaipur,38,31,1016,11.7,24.1,242,Sunny
2025-04-30 04:00:00,Mumbai,27,65,1028,15.7,58.7,207,Fog
2025-04-30 05:00:00,Bengaluru,36,62,1004,17.7,35.2,120,Rainy
2025-04-30 06:00:00,Chennai,23,27,1014,17.8,61.0,180,Rainy
2025-04-30 07:00:00,Hyderabad,33,40,1006,16.5,7.2,118,Cloudy
2025-04-30 08:00:00,Ahmedabad,36,67,996,14.1,12.9,70,Rainy
2025-04-30 09:00:00,Mumbai,30,42,1006,10.5,49.6,162,Clear
2025-04-30 10:00:00,Chennai,33,81,1006,12.4,81.4,182,Storm
2025-04-30 11:00:00,Hyderabad,38,60,1020,22.1,77.6,97,Fog
2025-04-30 12:00:00,Hyderabad,22,34,1032,24.1,76.5,291,Cloudy
2025-04-30 13:00:00,Kolkata,22,38,1012,10.3,46.3,228,Sunny
2025-04-30 14:00:00,Pune,22,59,1018,13.8,73.2,102,Storm
2025-04-30 15:00:00,Hyderabad,40,42,1017,23.4,110.4,136,Fog
2025-04-30 16:00:00,Kolkata,25,95,994,10.9,29.0,35,Clear
2025-04-30 17:00:00,Kolkata,24,92,1009,20.8,21.7,180,Storm
2025-04-30 18:00:00,Pune,37,43,998,1.8,14.5,106,Cloudy
2025-04-30 19:00:00,Bengaluru,33,45,1013,4.8,26.4,45,Storm
2025-04-30 20:00:00,Delhi,27,94,1012,2.8,89.6,152,Storm
2025-04-30 21:00:00,Chennai,37,26,1023,7.4,12.6,122,Sunny
2025-04-30 22:00:00,Chennai,42,87,1033,22.3,51.4,333,Storm
2025-04-30 23:00:00,Delhi,27,77,1034,0.7,28.3,108,Cloudy
2025-05-01 00:00:00,Hyderabad,21,32,1013,24.1,38.8,256,Cloudy
2025-05-01 01:00:00,Delhi,42,80,1014,3.6,119.7,93,Rainy
2025-05-01 02:00:00,Lucknow,35,88,1033,3.4,94.1,299,Clear
2025-05-01 03:00:00,Hyderabad,32,28,1009,0.9,7.0,34,Rainy
2025-05-01 04:00:00,Hyderabad,40,95,995,16.6,4.3,293,Cloudy
2025-05-01 05:00:00,Kolkata,18,65,981,1.2,50.6,268,Storm
2025-05-01 06:00:00,Ahmedabad,28,70,1017,5.4,76.3,178,Rainy
2025-05-01 07:00:00,Chennai,36,85,1024,6.4,76.7,249,Storm
2025-05-01 08:00:00,Kolkata,30,34,1022,17.0,48.9,122,Rainy
2025-05-01 09:00:00,Jaipur,36,52,1018,6.9,65.3,278,Rainy
2025-05-01 10:00:00,Bengaluru,23,82,1023,16.5,88.5,130,Storm
2025-05-01 11:00:00,Hyderabad,31,33,1016,6.7,60.7,246,Fog
2025-05-01 12:00:00,Chennai,34,90,1021,4.0,18.4,273,Sunny
2025-05-01 13:00:00,Mumbai,39,56,1028,14.7,37.5,55,Cloudy
2025-05-01 14:00:00,Bengaluru,39,82,1014,24.4,68.9,81,Cloudy
2025-05-01 15:00:00,Kolkata,23,85,1023,12.4,105.7,182,Sunny
2025-05-01 16:00:00,Lucknow,18,72,1013,13.2,53.1,197,Storm
2025-05-01 17:00:00,Pune,25,25,1010,22.1,92.9,204,Fog
2025-05-01 18:00:00,Ahmedabad,29,47,998,10.0,98.5,104,Clear
2025-05-01 19:00:00,Kolkata,34,51,1016,19.0,116.7,306,Rainy
2025-05-01 20:00:00,Lucknow,23,52,1013,1.5,101.7,302,Fog
2025-05-01 21:00:00,Mumbai,18,71,1023,4.7,25.7,188,Rainy
2025-05-01 22:00:00,Mumbai,21,37,1010,2.9,102.6,228,Fog
2025-05-01 23:00:00,Hyderabad,39,58,990,11.6,66.6,165,Storm
2025-05-02 00:00:00,Kolkata,21,41,1022,16.0,115.6,248,Cloudy
2025-05-02 01:00:00,Kolkata,22,41,994,0.6,94.3,93,Cloudy
2025-05-02 02:00:00,Chennai,18,87,996,4.8,76.1,321,Cloudy
2025-05-02 03:00:00,Pune,34,35,1007,3.5,5.8,258,Sunny
2025-05-02 04:00:00,Pune,36,91,1032,7.6,81.2,63,Fog
2025-05-02 05:00:00,Mumbai,30,77,982,11.9,51.9,103,Sunny
2025-05-02 06:00:00,Pune,23,28,1014,4.2,0.8,284,Storm
2025-05-02 07:00:00,Chennai,33,37,1003,8.0,86.5,176,Rainy
2025-05-02 08:00:00,Delhi,31,93,1020,1.4,13.7,141,Rainy
2025-05-02 09:00:00,Chennai,38,43,1020,5.9,81.5,89,Rainy
2025-05-02 10:00:00,Chennai,36,92,987,19.6,50.6,158,Sunny
2025-05-02 11:00:00,Bengaluru,40,66,990,10.5,83.8,100,Rainy
2025-05-02 12:00:00,Hyderabad,26,89,1021,3.0,64.2,139,Rainy
2025-05-02 13:00:00,Jaipur,36,90,1011,4.9,26.0,233,Sunny
2025-05-02 14:00:00,Jaipur,33,56,995,10.6,109.3,164,Sunny
2025-05-02 15:00:00,Lucknow,32,53,988,11.9,28.7,39,Fog
2025-05-02 16:00:00,Hyderabad,20,27,1031,12.7,17.1,320,Cloudy
2025-05-02 17:00:00,Pune,21,86,1005,22.0,35.3,240,Rainy
2025-05-02 18:00:00,Pune,35,42,985,21.6,50.7,196,Cloudy
2025-05-02 19:00:00,Lucknow,29,41,987,8.6,87.9,350,Clear
2025-05-02 20:00:00,Ahmedabad,24,54,998,8.7,57.5,319,Fog
2025-05-02 21:00:00,Mumbai,18,77,991,17.2,66.9,294,Fog
2025-05-02 22:00:00,Kolkata,29,69,990,18.3,52.0,347,Fog
2025-05-02 23:00:00,Bengaluru,18,79,1021,7.8,74.3,86,Sunny
2025-05-03 00:00:00,Mumbai,30,77,1017,24.0,34.6,179,Fog
2025-05-03 01:00:00,Lucknow,19,54,999,20.3,55.1,135,Storm
2025-05-03 02:00:00,Bengaluru,20,57,993,18.4,71.2,114,Sunny
2025-05-03 03:00:00,Bengaluru,30,66,981,17.3,24.3,329,Sunny
2025-05-03 04:00:00,Ahmedabad,23,41,986,12.8,100.4,145,Fog
2025-05-03 05:00:00,Chennai,36,93,1022,23.2,30.7,313,Storm
2025-05-03 06:00:00,Pune,19,53,1031,22.2,87.7,308,Rainy
2025-05-03 07:00:00,Hyderabad,20,44,985,22.6,29.0,207,Fog
2025-05-03 08:00:00,Delhi,33,65,1023,18.5,96.5,203,Clear
2025-05-03 09:00:00,Jaipur,41,85,989,10.2,64.9,280,Sunny
2025-05-03 10:00:00,Jaipur,30,27,990,20.5,115.4,260,Rainy
2025-05-03 11:00:00,Hyderabad,31,66,1006,16.4,50.3,135,Storm
2025-05-03 12:00:00,Delhi,38,71,992,7.8,56.2,177,Rainy
2025-05-03 13:00:00,Jaipur,23,86,992,3.2,57.9,167,Cloudy
2025-05-03 14:00:00,Bengaluru,29,31,1003,23.9,19.6,150,Sunny
2025-05-03 15:00:00,Chennai,26,78,991,22.5,43.7,278,Fog
2025-05-03 16:00:00,Jaipur,39,80,995,3.9,118.2,76,Sunny
2025-05-03 17:00:00,Bengaluru,18,32,993,23.1,111.2,291,Sunny
2025-05-03 18:00:00,Jaipur,37,90,990,18.7,17.8,270,Cloudy
2025-05-03 19:00:00,Lucknow,28,72,1012,13.5,12.8,35,Cloudy
2025-05-03 20:00:00,Hyderabad,33,79,1016,4.8,28.2,267,Sunny
2025-05-03 21:00:00,Ahmedabad,25,48,1025,10.1,102.1,105,Rainy
2025-05-03 22:00:00,Ahmedabad,26,88,983,4.7,86.7,307,Cloudy
2025-05-03 23:00:00,Chennai,39,88,1026,23.5,63.1,241,Sunny
2025-05-04 00:00:00,Chennai,42,45,1000,18.3,28.4,329,Fog
2025-05-04 01:00:00,Pune,29,86,1006,7.2,83.8,124,Storm
2025-05-04 02:00:00,Pune,33,79,999,21.8,77.2,125,Fog
2025-05-04 03:00:00,Lucknow,31,81,1021,1.4,81.7,121,Cloudy
2025-05-04 04:00:00,Hyderabad,24,54,993,16.4,93.9,104,Cloudy
2025-05-04 05:00:00,Chennai,39,25,998,3.4,22.8,236,Sunny
2025-05-04 06:00:00,Kolkata,35,44,998,17.5,51.4,165,Rainy
2025-05-04 07:00:00,Bengaluru,30,45,999,1.3,24.7,253,Storm
2025-05-04 08:00:00,Lucknow,30,48,983,17.9,46.4,87,Fog
2025-05-04 09:00:00,Delhi,37,46,997,10.6,61.1,153,Sunny
2025-05-04 10:00:00,Hyderabad,33,83,989,15.8,112.1,344,Fog
2025-05-04 11:00:00,Bengaluru,23,51,1012,23.9,0.5,312,Clear
2025-05-04 12:00:00,Lucknow,27,37,1007,16.4,114.4,34,Clear
2025-05-04 13:00:00,Ahmedabad,41,68,1015,17.1,9.4,196,Cloudy
2025-05-04 14:00:00,Jaipur,34,32,982,14.9,115.2,324,Clear
2025-05-04 15:00:00,Lucknow,25,28,1017,7.0,63.6,171,Storm
2025-05-04 16:00:00,Lucknow,20,72,1022,21.0,70.1,228,Rainy
2025-05-04 17:00:00,Delhi,36,30,1022,0.9,110.7,81,Storm
2025-05-04 18:00:00,Lucknow,42,73,1001,19.0,75.2,148,Clear
2025-05-04 19:00:00,Lucknow,29,47,1025,11.8,114.2,50,Fog
2025-05-04 20:00:00,Chennai,37,56,997,11.8,21.4,341,Sunny
2025-05-04 21:00:00,Jaipur,42,81,1015,4.8,8.3,242,Storm
2025-05-04 22:00:00,Ahmedabad,24,53,996,10.1,107.9,102,Fog
2025-05-04 23:00:00,Mumbai,35,77,1030,11.5,64.8,341,Clear
2025-05-05 00:00:00,Kolkata,25,60,991,24.5,117.7,176,Rainy
2025-05-05 01:00:00,Hyderabad,32,70,1020,5.0,37.5,298,Storm
2025-05-05 02:00:00,Pune,39,54,1016,10.8,58.2,49,Sunny
2025-05-05 03:00:00,Lucknow,32,30,1017,11.8,92.6,136,Sunny
2025-05-05 04:00:00,Kolkata,22,61,1013,25.0,39.2,336,Storm
2025-05-05 05:00:00,Chennai,19,67,991,13.0,74.8,99,Sunny
2025-05-05 06:00:00,Hyderabad,24,38,1019,19.0,107.8,221,Rainy
2025-05-05 07:00:00,Hyderabad,40,75,994,17.5,23.0,184,Clear
2025-05-05 08:00:00,Lucknow,26,85,1002,7.1,48.6,313,Clear
2025-05-05 09:00:00,Hyderabad,28,51,1014,23.2,102.4,176,Storm
2025-05-05 10:00:00,Kolkata,24,58,1001,21.7,23.7,336,Fog
2025-05-05 11:00:00,Kolkata,42,38,987,12.1,33.9,318,Cloudy
2025-05-05 12:00:00,Chennai,30,63,1008,13.1,79.4,238,Clear
2025-05-05 13:00:00,Jaipur,29,75,1021,23.5,69.8,287,Sunny
2025-05-05 14:00:00,Delhi,38,77,995,16.3,81.9,341,Fog
2025-05-05 15:00:00,Ahmedabad,28,39,1020,7.1,94.0,254,Storm
2025-05-05 16:00:00,Kolkata,20,55,1035,23.9,49.4,150,Sunny
2025-05-05 17:00:00,Kolkata,42,76,1008,13.4,11.1,56,Cloudy
2025-05-05 18:00:00,Hyderabad,24,45,998,7.8,81.7,73,Sunny
2025-05-05 19:00:00,Pune,35,93,989,15.4,53.3,62,Fog
2025-05-05 20:00:00,Mumbai,37,25,985,20.8,78.2,153,Fog
2025-05-05 21:00:00,Kolkata,41,88,1020,1.9,4.4,344,Clear
2025-05-05 22:00:00,Pune,42,75,1012,18.8,1.1,258,Storm
2025-05-05 23:00:00,Kolkata,21,75,985,5.9,100.3,47,Cloudy
